regime,rule,t,risk_mean,risk_sem
nuisance_dominant,BP,0.0,0.020000000000000025,1.0874203299913721e-17
nuisance_dominant,BP,0.001,0.019999221785726124,2.4799513385527086e-08
nuisance_dominant,BP,0.0010170480946837376,0.019999208546816315,2.5220884379820506e-08
nuisance_dominant,BP,0.0010343868268998197,0.01999919508317597,2.5649390559821243e-08
nuisance_dominant,BP,0.0010520211514644187,0.019999181391007127,2.6085151907356328e-08
nuisance_dominant,BP,0.0010699561076638788,0.019999167466448167,2.6528290404060085e-08
nuisance_dominant,BP,0.0010881968206947759,0.01999915330557284,2.697893005199322e-08
nuisance_dominant,BP,0.0011067485031285215,0.019999138904389212,2.7437196896300694e-08
nuisance_dominant,BP,0.0011256164564009414,0.019999124258838468,2.7903219079635042e-08
nuisance_dominant,BP,0.0011448060723272377,0.019999109364794036,2.8377126870705133e-08
nuisance_dominant,BP,0.0011643228346427902,0.01999909421806022,2.885905267137587e-08
nuisance_dominant,BP,0.001184172320570217,0.019999078814371286,2.9349131092685365e-08
nuisance_dominant,BP,0.0012043602024131594,0.019999063149390144,2.984749895339712e-08
nuisance_dominant,BP,0.0012248922491772242,0.019999047218707298,3.035429534010331e-08
nuisance_dominant,BP,0.0012457743282185726,0.01999903101783963,3.086966164895597e-08
nuisance_dominant,BP,0.0012670124069206123,0.01999901454222921,3.139374156641324e-08
nuisance_dominant,BP,0.0012886125543992652,0.019998997787241974,3.19266812021137e-08
nuisance_dominant,BP,0.0013105809432373168,0.019998980748166667,3.246862902724836e-08
nuisance_dominant,BP,0.0013329238512483272,0.019998963420213445,3.301973597775876e-08
nuisance_dominant,BP,0.001355647663270621,0.0199989457985126,3.3580155477272745e-08
nuisance_dominant,BP,0.001378758872991846,0.019998927878113356,3.4150043461460375e-08
nuisance_dominant,BP,0.0014022640848046527,0.019998909653982457,3.472955842809776e-08
nuisance_dominant,BP,0.0014261700156940071,0.01999889112100287,3.531886148555546e-08
nuisance_dominant,BP,0.0014504834971566661,0.019998872273972443,3.5918116391033185e-08
nuisance_dominant,BP,0.0014752114771533916,0.019998853107602407,3.652748957361119e-08
nuisance_dominant,BP,0.0015003610220944376,0.019998833616516252,3.714715019599984e-08
nuisance_dominant,BP,0.0015259393188588929,0.019998813795247955,3.777727019817425e-08
nuisance_dominant,BP,0.0015519536768484371,0.019998793638240767,3.841802432318902e-08
nuisance_dominant,BP,0.0015784115300761239,0.019998773139845678,3.9069590193393755e-08
nuisance_dominant,BP,0.0016053204392907632,0.01999875229431998,3.973214829523798e-08
nuisance_dominant,BP,0.0016326880941375313,0.019998731095825582,4.040588211458868e-08
nuisance_dominant,BP,0.001660522315355399,0.0199987095384278,4.109097808967266e-08
nuisance_dominant,BP,0.0016888310570120353,0.01999868761609345,4.178762572202731e-08
nuisance_dominant,BP,0.001717622408776813,0.01999866532268951,4.249601759152336e-08
nuisance_dominant,BP,0.0017469045982325495,0.019998642651981355,4.321634942173343e-08
nuisance_dominant,BP,0.0017766859932266746,0.01999861959763132,4.3948820107949916e-08
nuisance_dominant,BP,0.0018069751042624714,0.01999859615319682,4.4693631801126125e-08
nuisance_dominant,BP,0.0018377805869310945,0.019998572312128923,4.5450989917608e-08
nuisance_dominant,BP,0.0018691112443850306,0.019998548067770343,4.6221103206120614e-08
nuisance_dominant,BP,0.001900976029853745,0.019998523413354088,4.70041838197488e-08
nuisance_dominant,BP,0.0019333840492022055,0.019998498342001354,4.780044732768646e-08
nuisance_dominant,BP,0.0019663445635330324,0.019998472846720006,4.861011280710197e-08
nuisance_dominant,BP,0.0019998669918329963,0.019998446920402597,4.9433402867383906e-08
nuisance_dominant,BP,0.0020339609136646444,0.01999842055582466,5.0270543713078323e-08
nuisance_dominant,BP,0.0020686360719038206,0.01999839374564282,5.112176522111632e-08
nuisance_dominant,BP,0.002103902375523832,0.019998366482392907,5.198730094910885e-08
nuisance_dominant,BP,0.002139769902427103,0.019998338758488002,5.286738822903884e-08
nuisance_dominant,BP,0.0021762489023250896,0.019998310566216534,5.376226822982956e-08
nuisance_dominant,BP,0.002213349799667308,0.01999828189774043,5.46721859670565e-08
nuisance_dominant,BP,0.0022510831966202675,0.019998252745092846,5.559739041689457e-08
nuisance_dominant,BP,0.0022894598760972184,0.019998223100176474,5.653813454822381e-08
nuisance_dominant,BP,0.0023284908048395417,0.019998192954761247,5.749467537433191e-08
nuisance_dominant,BP,0.0023681871365506583,0.019998162300482326,5.84672740429665e-08
nuisance_dominant,BP,0.0024085602150833835,0.019998131128838116,5.9456195860908464e-08
nuisance_dominant,BP,0.0024496215776816056,0.019998099431187973,6.046171038844855e-08
nuisance_dominant,BP,0.0024913829582772482,0.01999806719875003,6.148409148481174e-08
nuisance_dominant,BP,0.002533856290843409,0.019998034422599176,6.252361736806187e-08
nuisance_dominant,BP,0.0025770537128046917,0.01999800109366466,6.358057069716284e-08
nuisance_dominant,BP,0.002620987568505661,0.019997967202727875,6.465523862881948e-08
nuisance_dominant,BP,0.0026656704127384443,0.019997932740420117,6.574791287518004e-08
nuisance_dominant,BP,0.002711115014330447,0.019997897697220234,6.685888976865388e-08
nuisance_dominant,BP,0.0027573343597932553,0.019997862063452256,6.798847035344252e-08
nuisance_dominant,BP,0.0028043416570337305,0.019997825829283063,6.913696044801692e-08
nuisance_dominant,BP,0.002852150339128391,0.01999778898471989,7.030467066825153e-08
nuisance_dominant,BP,0.0029007740681621062,0.01999775151960802,7.149191657911185e-08
nuisance_dominant,BP,0.0029502267391322613,0.019997713423628112,7.269901867938789e-08
nuisance_dominant,BP,0.0030005224839194824,0.019997674686293897,7.392630255035199e-08
nuisance_dominant,BP,0.0030516756753260254,0.019997635296949437,7.517409885579916e-08
nuisance_dominant,BP,0.003103700931183042,0.0199975952447667,7.64427434872315e-08
nuisance_dominant,BP,0.003156613118527852,0.019997554518742904,7.77325775703121e-08
nuisance_dominant,BP,0.0032104273578524426,0.019997513107697873,7.904394759392393e-08
nuisance_dominant,BP,0.003265159027424373,0.019997471000271237,8.03772054569716e-08
nuisance_dominant,BP,0.0033208237676813604,0.019997428184920004,8.173270853520246e-08
nuisance_dominant,BP,0.0033774374857007982,0.019997384649915573,8.311081980028574e-08
nuisance_dominant,BP,0.00343501635974543,0.019997340383340924,8.451190785038328e-08
nuisance_dominant,BP,0.003493576843886558,0.019997295373088055,8.593634702515865e-08
nuisance_dominant,BP,0.003553135672706045,0.01999724960685494,8.738451745510608e-08
nuisance_dominant,BP,0.0036137098660785033,0.01999720307214267,8.885680516867195e-08
nuisance_dominant,BP,0.0036753167340349666,0.019997155756252608,9.035360215291812e-08
nuisance_dominant,BP,0.0037379738817095156,0.01999710764628331,9.187530644449083e-08
nuisance_dominant,BP,0.0038016992143702377,0.01999705872912766,9.342232221682563e-08
nuisance_dominant,BP,0.0038665109425359123,0.019997008991469823,9.499505986762712e-08
nuisance_dominant,BP,0.003932427587179972,0.019996958419782152,9.65939360640148e-08
nuisance_dominant,BP,0.003999467985023157,0.01999690700032209,9.821937388905361e-08
nuisance_dominant,BP,0.004067651293916405,0.01999685471912909,9.987180286521784e-08
nuisance_dominant,BP,0.00413699699831552,0.019996801562021386,1.0155165911264169e-07
nuisance_dominant,BP,0.004207524914849136,0.019996747514592884,1.0325938534271822e-07
nuisance_dominant,BP,0.004279255197981669,0.019996692562209865,1.0499543104508702e-07
nuisance_dominant,BP,0.0043522083457727375,0.01999663669000774,1.0676025250652215e-07
nuisance_dominant,BP,0.004426405205734824,0.01999657988288771,1.0855431291558916e-07
nuisance_dominant,BP,0.0045018669807907795,0.019996522125513484,1.1037808248305752e-07
nuisance_dominant,BP,0.004578615235332888,0.019996463402307867,1.1223203849702123e-07
nuisance_dominant,BP,0.004656671901385246,0.019996403697449365,1.141166654309461e-07
nuisance_dominant,BP,0.004736059284871162,0.019996342994868802,1.1603245502202162e-07
nuisance_dominant,BP,0.0048168000719874355,0.019996281278245633,1.1797990639070825e-07
nuisance_dominant,BP,0.004898917335687311,0.01999621853100475,1.199595261048991e-07
nuisance_dominant,BP,0.004982434542273912,0.019996154736312728,1.2197182830151846e-07
nuisance_dominant,BP,0.005067375558106122,0.019996089877074227,1.2401733474398709e-07
nuisance_dominant,BP,0.005153764656418767,0.019996023935928565,1.2609657496925664e-07
nuisance_dominant,BP,0.0052416265242590954,0.019995956895245866,1.2821008632234315e-07
nuisance_dominant,BP,0.0053309862695414545,0.01999588873712351,1.303584141087206e-07
nuisance_dominant,BP,0.005421869428222296,0.019995819443382447,1.3254211167013502e-07
nuisance_dominant,BP,0.005514301971597493,0.019995748995563285,1.3476174046261957e-07
nuisance_dominant,BP,0.005608310313724007,0.019995677374922798,1.370178701781356e-07
nuisance_dominant,BP,0.0057039213189681555,0.019995604562429853,1.393110788496826e-07
nuisance_dominant,BP,0.005801162309682508,0.019995530538761776,1.4164195292896383e-07
nuisance_dominant,BP,0.005900061074013706,0.01999545528430032,1.4401108738283354e-07
nuisance_dominant,BP,0.006000645873843326,0.019995378779127992,1.4641908583732852e-07
nuisance_dominant,BP,0.0061029454528641796,0.01999530100302397,1.4886656060985154e-07
nuisance_dominant,BP,0.006206989044794294,0.01999522193546022,1.5135413287281305e-07
nuisance_dominant,BP,0.006312806381730868,0.019995141555597506,1.5388243272245222e-07
nuisance_dominant,BP,0.006420427702646719,0.019995059842281452,1.5645209928109126e-07
nuisance_dominant,BP,0.006529883762031532,0.019994976774038477,1.5906378080830242e-07
nuisance_dominant,BP,0.006641205838680439,0.019994892329071777,1.6171813480405423e-07
nuisance_dominant,BP,0.006754425744632454,0.019994806485257255,1.6441582810637733e-07
nuisance_dominant,BP,0.006869575834261216,0.019994719220139456,1.6715753699293716e-07
nuisance_dominant,BP,0.006986689013520816,0.019994630510927425,1.6994394728133365e-07
nuisance_dominant,BP,0.007105798749349149,0.01999454033449074,1.7277575444611835e-07
nuisance_dominant,BP,0.007226939079231637,0.019994448667355114,1.75653663709462e-07
nuisance_dominant,BP,0.007350144620927981,0.019994355485698414,1.7857839015081825e-07
nuisance_dominant,BP,0.007475450582364718,0.019994260765346626,1.8155065881124815e-07
nuisance_dominant,BP,0.007602892771696472,0.019994164481769376,1.845712047829147e-07
nuisance_dominant,BP,0.007732507607538658,0.019994066610075932,1.8764077334042853e-07
nuisance_dominant,BP,0.00786433212937469,0.01999396712501105,1.9076012002608754e-07
nuisance_dominant,BP,0.00799840400814063,0.019993866000950655,1.939300107498461e-07
nuisance_dominant,BP,0.008134761556990196,0.019993763211897726,1.9715122190529282e-07
nuisance_dominant,BP,0.008273443742243394,0.019993658731478008,2.004245404731201e-07
nuisance_dominant,BP,0.008414490194521727,0.019993552532935905,2.037507641163867e-07
nuisance_dominant,BP,0.008557941220073315,0.019993444589130185,2.0713070129829925e-07
nuisance_dominant,BP,0.008703837812290985,0.019993334872529894,2.1056517135928559e-07
nuisance_dominant,BP,0.008852221663426809,0.019993223355210046,2.1405500466174572e-07
nuisance_dominant,BP,0.009003135176506341,0.019993110008847514,2.1760104265347749e-07
nuisance_dominant,BP,0.00915662147744591,0.01999299480471687,2.2120413799544982e-07
nuisance_dominant,BP,0.009312724427376552,0.01999287771368619,2.24865154666165e-07
nuisance_dominant,BP,0.009471488635178014,0.019992758706212956,2.2858496802686034e-07
nuisance_dominant,BP,0.009632959470226472,0.01999263775233996,2.3236446498996517e-07
nuisance_dominant,BP,0.0097971830753595,0.01999251482169121,2.3620454407653647e-07
nuisance_dominant,BP,0.00996420638006213,0.01999238988346779,2.4010611552059634e-07
nuisance_dominant,BP,0.010134077113877737,0.01999226290644406,2.440701013752956e-07
nuisance_dominant,BP,0.010306843820047417,0.019992133858963472,2.4809743562477374e-07
nuisance_dominant,BP,0.010482555869382074,0.019992002708934663,2.521890642875518e-07
nuisance_dominant,BP,0.01066126347437087,0.019991869423827677,2.563459455086403e-07
nuisance_dominant,BP,0.010843017703530211,0.019991733970669973,2.6056904964531433e-07
nuisance_dominant,BP,0.011027870495997438,0.019991596316042765,2.6485935941425105e-07
nuisance_dominant,BP,0.011215874676373193,0.019991456426077157,2.692178699418755e-07
nuisance_dominant,BP,0.011407083969816937,0.01999131426645061,2.736455889037008e-07
nuisance_dominant,BP,0.011601553017399714,0.019991169802383277,2.7814353659317076e-07
nuisance_dominant,BP,0.011799337391718746,0.019991022998634447,2.8271274606632885e-07
nuisance_dominant,BP,0.012000493612778126,0.019990873819499242,2.8735426318760604e-07
nuisance_dominant,BP,0.01220507916414035,0.019990722228805078,2.920691467680735e-07
nuisance_dominant,BP,0.012413152509353128,0.019990568189908554,2.9685846866716553e-07
nuisance_dominant,BP,0.012624773108656248,0.019990411665692213,3.017233138776927e-07
nuisance_dominant,BP,0.012840001435973322,0.019990252618561515,3.06664780628643e-07
nuisance_dominant,BP,0.013058898996193115,0.019990091010441892,3.1168398049953263e-07
nuisance_dominant,BP,0.013281528342745581,0.019989926802775917,3.167820385123082e-07
nuisance_dominant,BP,0.013507953095477445,0.019989759956520615,3.219600932493699e-07
nuisance_dominant,BP,0.01373823795883263,0.019989590432144932,3.2721929693430913e-07
nuisance_dominant,BP,0.01397244874034252,0.019989418189627198,3.325608155640801e-07
nuisance_dominant,BP,0.014210652369431549,0.019989243188453094,3.379858289699618e-07
nuisance_dominant,BP,0.01445291691654329,0.01998906538761324,3.43495530997949e-07
nuisance_dominant,BP,0.014699311612592705,0.019988884745601627,3.490911295610051e-07
nuisance_dominant,BP,0.014949906868749948,0.01998870122041344,3.5477384675469245e-07
nuisance_dominant,BP,0.015204774296561448,0.019988514769543886,3.6054491898936606e-07
nuisance_dominant,BP,0.015463986728414087,0.019988325349986593,3.664055971041193e-07
nuisance_dominant,BP,0.015727618238348142,0.01998813291823245,3.723571464665096e-07
nuisance_dominant,BP,0.01599574416322518,0.019987937430268794,3.7840084712101613e-07
nuisance_dominant,BP,0.01626844112425668,0.019987738841578617,3.845379938844168e-07
nuisance_dominant,BP,0.016545787048899814,0.01998753710714011,3.9076989650665084e-07
nuisance_dominant,BP,0.01682786119312641,0.019987332181426405,3.970978797717841e-07
nuisance_dominant,BP,0.01711474416407161,0.019987124018405775,4.035232836610724e-07
nuisance_dominant,BP,0.01740651794306865,0.01998691257154184,4.1004746347899894e-07
nuisance_dominant,BP,0.017703265909076255,0.019986697793794188,4.1667179000785027e-07
nuisance_dominant,BP,0.018005072862505567,0.019986479637619403,4.233976496825095e-07
nuisance_dominant,BP,0.01831202504945315,0.019986258054972304,4.3022644470744724e-07
nuisance_dominant,BP,0.0186242101863472,0.019986032997307546,4.3715959327921307e-07
nuisance_dominant,BP,0.018941717485013866,0.019985804415581423,4.4419852973331547e-07
nuisance_dominant,BP,0.01926463767817099,0.01998557226025447,4.513447047342633e-07
nuisance_dominant,BP,0.019593063045356338,0.019985336481293935,4.5859958549237916e-07
nuisance_dominant,BP,0.01992708743929801,0.019985097028176968,4.65964655971465e-07
nuisance_dominant,BP,0.02026680631273427,0.019984853849894145,4.7344141709123597e-07
nuisance_dominant,BP,0.020612316745690726,0.019984606894953523,4.810313869844005e-07
nuisance_dominant,BP,0.02096371747322245,0.019984356111384813,4.887361012407455e-07
nuisance_dominant,BP,0.02132110891362906,0.019984101446744635,4.965571131723768e-07
nuisance_dominant,BP,0.021684593197150888,0.019983842848121585,5.044959941121531e-07
nuisance_dominant,BP,0.022054274195154235,0.01998358026214237,5.125543337052675e-07
nuisance_dominant,BP,0.022430257549814335,0.019983313634978152,5.207337402382697e-07
nuisance_dominant,BP,0.022812650704304178,0.01998304291235172,5.290358409735295e-07
nuisance_dominant,BP,0.02320156293349819,0.01998276803954483,5.3746228254007e-07
nuisance_dominant,BP,0.02359710537519915,0.019982488961406676,5.460147313261664e-07
nuisance_dominant,BP,0.023999391061897666,0.019982205622362616,5.546948738837797e-07
nuisance_dominant,BP,0.024408534953072943,0.019981917966423703,5.63504417419528e-07
nuisance_dominant,BP,0.024824653968044234,0.019981625937196885,5.724450902562183e-07
nuisance_dominant,BP,0.025247867019382475,0.019981329477895944,5.815186423574494e-07
nuisance_dominant,BP,0.025678295046891307,0.019981028531353008,5.907268458828807e-07
nuisance_dominant,BP,0.026116061052167662,0.019980723040031192,6.000714958377886e-07
nuisance_dominant,BP,0.026561290133751272,0.019980412946037647,6.095544106408894e-07
nuisance_dominant,BP,0.02701410952287369,0.019980098191137594,6.191774328970545e-07
nuisance_dominant,BP,0.02747464861981648,0.019979778716769404,6.289424300639462e-07
nuisance_dominant,BP,0.02794303903088952,0.019979454464060235,6.388512953246641e-07
nuisance_dominant,BP,0.028419414606039497,0.019979125373842853,6.489059483832313e-07
nuisance_dominant,BP,0.02890391147709964,0.01997879138667325,6.591083364071878e-07
nuisance_dominant,BP,0.029396668096691603,0.019978452442849383,6.694604350259721e-07
nuisance_dominant,BP,0.029897825277790394,0.019978108482431027,6.799642493608998e-07
nuisance_dominant,BP,0.030407526233964005,0.019977759445260358,6.906218151867042e-07
nuisance_dominant,BP,0.03092591662029884,0.019977405270983926,7.014352001145072e-07
nuisance_dominant,BP,0.03145314457502307,0.019977045899075903,7.124065049170728e-07
nuisance_dominant,BP,0.031989360761839336,0.019976681268862068,7.235378649232616e-07
nuisance_dominant,BP,0.03253471841297941,0.019976311319545553,7.348314515007711e-07
nuisance_dominant,BP,0.03308937337299261,0.019975935990233493,7.462894736807893e-07
nuisance_dominant,BP,0.03365348414328091,0.019975555219965076,7.579141798499763e-07
nuisance_dominant,BP,0.034227211927393225,0.019975168947741175,7.697078595856218e-07
nuisance_dominant,BP,0.03481072067709176,0.019974777112555138,7.816728456671898e-07
nuisance_dominant,BP,0.03540417713920396,0.019974379653425224,7.938115161005084e-07
nuisance_dominant,BP,0.036007750903272906,0.019973976509428334,8.061262964508255e-07
nuisance_dominant,BP,0.036621614450020344,0.019973567619735667,8.186196621911088e-07
nuisance_dominant,BP,0.0372459432006356,0.019973152923649644,8.312941412996088e-07
nuisance_dominant,BP,0.03788091556690515,0.019972732360642773,8.441523169972661e-07
nuisance_dominant,BP,0.03852671300219639,0.019972305870398034,8.571968306720898e-07
nuisance_dominant,BP,0.039183520053311,0.019971873392851287,8.704303850440066e-07
nuisance_dominant,BP,0.03985152441322198,0.019971434868235244,8.838557474644928e-07
nuisance_dominant,BP,0.04053091697470985,0.019970990237125695,8.97475753526545e-07
nuisance_dominant,BP,0.0412218918849134,0.019970539440489397,9.11293310833865e-07
nuisance_dominant,BP,0.04192464660081018,0.01997008241973418,9.253114030803091e-07
nuisance_dominant,BP,0.04263938194564303,0.01996961911676115,9.395330943664412e-07
nuisance_dominant,BP,0.04336630216630838,0.01996914947401892,9.539615337837016e-07
nuisance_dominant,BP,0.04410561499172318,0.019968673434560266,9.685999603537798e-07
nuisance_dominant,BP,0.04485753169218653,0.01996819094210104,9.834517082033495e-07
nuisance_dominant,BP,0.04562226713975368,0.019967701941081297,9.985202121646654e-07
nuisance_dominant,BP,0.04640003986963895,0.019967206376729208,1.0138090136382822e-06
nuisance_dominant,BP,0.04719107214266573,0.019966704195127125,1.0293217668969694e-06
nuisance_dominant,BP,0.04799559000878098,0.019966195343280542,1.0450622457336217e-06
nuisance_dominant,BP,0.04881382337165251,0.01996567976918968,1.0610343505610837e-06
nuisance_dominant,BP,0.049646006054367676,0.01996515742192372,1.0772421159374709e-06
nuisance_dominant,BP,0.05049237586625192,0.019964628251698025,1.0936897185271749e-06
nuisance_dominant,BP,0.05135317467082665,0.01996409220995423,1.1103814855868787e-06
nuisance_dominant,BP,0.05222864845492539,0.019963549249443442,1.1273219039311917e-06
nuisance_dominant,BP,0.0531190473989886,0.01996299932431232,1.1445156294431728e-06
nuisance_dominant,BP,0.054024625948556476,0.01996244239019269,1.1619674971457005e-06
nuisance_dominant,BP,0.05494564288698094,0.019961878404294236,1.1796825318772095e-06
nuisance_dominant,BP,0.055882361409377024,0.019961307325500523,1.1976659595731839e-06
nuisance_dominant,BP,0.0568350491978349,0.019960729114468747,1.2159232191768276e-06
nuisance_dominant,BP,0.05780397849791447,0.019960143733732852,1.2344599752860457e-06
nuisance_dominant,BP,0.05878942619644362,0.019959551147810426,1.2532821314441786e-06
nuisance_dominant,BP,0.05979167390064319,0.019958951323313205,1.2723958442332998e-06
nuisance_dominant,BP,0.06081100801860048,0.019958344229061866,1.2918075381173307e-06
nuisance_dominant,BP,0.06184771984111511,0.019957729836204283,1.3115239210799139e-06
nuisance_dominant,BP,0.06290210562493968,0.01995710811833833,1.3315520011150164e-06
nuisance_dominant,BP,0.06397446667744011,0.019956479051638464,1.35189910363027e-06
nuisance_dominant,BP,0.0650651094426987,0.01995584261498712,1.3725728897202656e-06
nuisance_dominant,BP,0.06617434558908554,0.019955198790110106,1.3935813753954094e-06
nuisance_dominant,BP,0.06730249209832263,0.019954547561716617,1.4149329518129138e-06
nuisance_dominant,BP,0.06844987135606631,0.019953888917644054,1.4366364065186845e-06
nuisance_dominant,BP,0.06961681124403418,0.019953222849007534,1.4587009457165999e-06
nuisance_dominant,BP,0.07080364523370232,0.01995254935035418,1.481136217681365e-06
nuisance_dominant,BP,0.07201071248160025,0.01995186841982257,1.5039523372177302e-06
nuisance_dominant,BP,0.07323835792622993,0.019951180059307193,1.5271599113541507e-06
nuisance_dominant,BP,0.07448693238663776,0.019950484274628172,1.550770066170448e-06
nuisance_dominant,BP,0.07575679266266629,0.019949781075706396,1.5747944748299616e-06
nuisance_dominant,BP,0.07704830163691566,0.019949070476744147,1.599245386920628e-06
nuisance_dominant,BP,0.07836182837844297,0.01994835249641115,1.6241356589933803e-06
nuisance_dominant,BP,0.07969774824822941,0.019947627158036715,1.6494787864531213e-06
nuisance_dominant,BP,0.0810564430064459,0.019946894489807413,1.675288936742812e-06
nuisance_dominant,BP,0.08243830092154673,0.019946154524970772,1.7015809838359227e-06
nuisance_dominant,BP,0.0838437168812237,0.01994540730204551,1.728370544127959e-06
nuisance_dominant,BP,0.08527309250525125,0.019944652865037143,1.7556740136818285e-06
nuisance_dominant,BP,0.08672683626025589,0.019943891263661164,1.78350860680235e-06
nuisance_dominant,BP,0.0882053635764417,0.019943122553571422,1.8118923959962732e-06
nuisance_dominant,BP,0.08970909696630631,0.0199423467965961,1.8408443533274304e-06
nuisance_dominant,BP,0.0912384661453805,0.019941564060980056,1.8703843930935975e-06
nuisance_dominant,BP,0.09279390815502589,0.01994077442163393,1.9005334158681144e-06
nuisance_dominant,BP,0.09437586748732682,0.019939977960390542,1.9313133538426018e-06
nuisance_dominant,BP,0.09598479621211059,0.01993917476626818,1.962747217464108e-06
nuisance_dominant,BP,0.09762115410613391,0.019938364935741165,1.9948591433490774e-06
nuisance_dominant,BP,0.09928540878447097,0.01993754857301787,2.027674443408925e-06
nuisance_dominant,BP,0.10097803583414221,0.019936725790326192,2.0612196550832075e-06
nuisance_dominant,BP,0.10269951895002051,0.019935896708206464,2.0955225927745154e-06
nuisance_dominant,BP,0.10445035007305466,0.019935061455812364,2.1306124002285228e-06
nuisance_dominant,BP,0.10623102953084963,0.019934220171219312,2.166519603922689e-06
nuisance_dominant,BP,0.10804206618064248,0.019933373001741157,2.203276167350785e-06
nuisance_dominant,BP,0.10988397755471659,0.019932520104254343,2.2409155460199966e-06
nuisance_dominant,BP,0.1117572900082951,0.019931661645531028,2.279472743220578e-06
nuisance_dominant,BP,0.11366253886995442,0.019930797802579506,2.318984366312263e-06
nuisance_dominant,BP,0.11560026859460341,0.01992992876299362,2.35948868352307e-06
nuisance_dominant,BP,0.11757103291906959,0.019929054725310223,2.401025681033226e-06
nuisance_dominant,BP,0.11957539502033872,0.01992817589937523,2.4436371203412126e-06
nuisance_dominant,BP,0.12161392767649076,0.019927292506718312,2.4873665956595724e-06
nuisance_dominant,BP,0.12368721343038079,0.019926404780935762,2.532259591256693e-06
nuisance_dominant,BP,0.12579584475610944,0.019925512968082728,2.578363538671258e-06
nuisance_dominant,BP,0.12794042422833235,0.019924617327073495,2.6257278734844485e-06
nuisance_dominant,BP,0.13012156469445452,0.019923718130090917,2.674404091693814e-06
nuisance_dominant,BP,0.13233988944976152,0.019922815663004516,2.7244458054329674e-06
nuisance_dominant,BP,0.13459603241553642,0.019921910225797375,2.775908797922773e-06
nuisance_dominant,BP,0.1368906383202119,0.01992100213300182,2.828851077517211e-06
nuisance_dominant,BP,0.13922436288361215,0.01992009171414397,2.883332930773704e-06
nuisance_dominant,BP,0.14159787300433485,0.01991917931419718,2.9394169742725334e-06
nuisance_dominant,BP,0.14401184695032862,0.019918265294044068,2.9971682052574307e-06
nuisance_dominant,BP,0.14646697455271773,0.019917350030947342,3.056654050824482e-06
nuisance_dominant,BP,0.1489639574029329,0.019916433919029496,3.1179444157310857e-06
nuisance_dominant,BP,0.15150350905320234,0.01991551736976076,3.1811117285598376e-06
nuisance_dominant,BP,0.15408635522045983,0.01991460081245595,3.246230986341768e-06
nuisance_dominant,BP,0.15671323399373024,0.0199136846947796,3.313379797481455e-06
nuisance_dominant,BP,0.15938489604504993,0.01991276948325922,3.3826384229948316e-06
nuisance_dominant,BP,0.1621021048439836,0.019911855663807026,3.4540898160418405e-06
nuisance_dominant,BP,0.164865636875797,0.019910943742249578,3.5278196597460698e-06
nuisance_dominant,BP,0.16767628186335026,0.01991003424486503,3.6039164032945225e-06
nuisance_dominant,BP,0.17053484299277355,0.019909127718928395,3.682471296447566e-06
nuisance_dominant,BP,0.1734421371429907,0.019908224733263806,3.7635784223714084e-06
nuisance_dominant,BP,0.1763989951191542,0.01990732587880425,3.8473347290145026e-06
nuisance_dominant,BP,0.1794062618900615,0.019906431769158073,3.9338400589911105e-06
nuisance_dominant,BP,0.1824647968296187,0.0199055430411818,4.023197178135961e-06
nuisance_dominant,BP,0.18557547396241897,0.01990466035555976,4.1155118028269736e-06
nuisance_dominant,BP,0.18873918221350977,0.019903784397388984,4.210892626222287e-06
nuisance_dominant,BP,0.19195682566241667,0.01990291587677002,4.309451343481756e-06
nuisance_dominant,BP,0.19522932380149927,0.019902055529402614,4.411302676165748e-06
nuisance_dominant,BP,0.1985576117987093,0.019901204117186103,4.516564395949437e-06
nuisance_dominant,BP,0.20194264076483048,0.01990036242882393,4.625357347747083e-06
nuisance_dominant,BP,0.2053853780252731,0.019899531280431697,4.73780547249404e-06
nuisance_dominant,BP,0.2088868073965032,0.01989871151614843,4.854035829541471e-06
nuisance_dominant,BP,0.21244792946718244,0.019897904008749974,4.974178619029636e-06
nuisance_dominant,BP,0.21606976188410273,0.01989710966026468,5.0983672041556264e-06
nuisance_dominant,BP,0.21975333964299557,0.01989632940258988,5.226738133582788e-06
nuisance_dominant,BP,0.2234997153842969,0.01989556419810886,5.359431164059767e-06
nuisance_dominant,BP,0.2273099596939568,0.019894815040307427,5.496589283274212e-06
nuisance_dominant,BP,0.2311851614093757,0.019894082954389596,5.6383587331582006e-06
nuisance_dominant,BP,0.23512642793055788,0.019893368997890935,5.784889033512866e-06
nuisance_dominant,BP,0.23913488553656703,0.019892674261289208,5.936333006180043e-06
nuisance_dominant,BP,0.24321167970737892,0.019891999868611086,6.092846799638273e-06
nuisance_dominant,BP,0.24735797545122115,0.019891346978034057,6.25458991411181e-06
nuisance_dominant,BP,0.2515749576374912,0.01989071678248234,6.42172522711736e-06
nuisance_dominant,BP,0.25586383133535245,0.01989011051021586,6.594419019485541e-06
nuisance_dominant,BP,0.26022582215810114,0.019889529425411043,6.7728410016966835e-06
nuisance_dominant,BP,0.26466217661340585,0.019888974828732132,6.9571643405574916e-06
nuisance_dominant,BP,0.2691741624595153,0.01988844805789209,7.1475656860801685e-06
nuisance_dominant,BP,0.2737630690675409,0.019887950488201172,7.344225198445515e-06
nuisance_dominant,BP,0.2784302077899146,0.019887483533102473,7.547326574977415e-06
nuisance_dominant,BP,0.2831769123351298,0.019887048644692387,7.757057076904438e-06
nuisance_dominant,BP,0.28800453914886753,0.019886647314225063,7.973607555856529e-06
nuisance_dominant,BP,0.29291446780162333,0.019886281072598624,8.197172479842191e-06
nuisance_dominant,BP,0.297908101382942,0.01988595149082218,8.427949958601688e-06
nuisance_dominant,BP,0.3029868669023709,0.01988566018046157,8.666141768089772e-06
nuisance_dominant,BP,0.3081522156972515,0.01988540879406213,8.911953373944514e-06
nuisance_dominant,BP,0.31340562384746146,0.019885199025546717,9.165593953661095e-06
nuisance_dominant,BP,0.3187485925972288,0.01988503261058721,9.427276417404434e-06
nuisance_dominant,BP,0.32418264878413444,0.01988491132694736,9.697217427062722e-06
nuisance_dominant,BP,0.3297093452754312,0.01988483699479524,9.975637413498997e-06
nuisance_dominant,BP,0.33533026141179956,0.019884811476982855,1.0262760591579267e-05
nuisance_dominant,BP,0.3410470034586704,0.019884836679291265,1.0558814973037788e-05
nuisance_dominant,BP,0.34686120506523876,0.01988491455063866,1.0864032376641523e-05
nuisance_dominant,BP,0.3527745277313059,0.01988504708324949,1.1178648435627562e-05
nuisance_dominant,BP,0.35878866128208003,0.019885236312781746,1.1502902602164667e-05
nuisance_dominant,BP,0.36490532435106837,0.01988548431841105,1.183703814854528e-05
nuisance_dominant,BP,0.37112626487120537,0.019885793222867924,1.2181302164950254e-05
nuisance_dominant,BP,0.37745326057435113,0.01988616519242686,1.2535945553553063e-05
nuisance_dominant,BP,0.3838881194993082,0.019886602436844023,1.2901223018712747e-05
nuisance_dominant,BP,0.39043268050849433,0.019887107209241195,1.3277393053132464e-05
nuisance_dominant,BP,0.3970888138134286,0.01988768180593346,1.3664717919667887e-05
nuisance_dominant,BP,0.40385842150917256,0.01988832856619782,1.4063463628644388e-05
nuisance_dominant,BP,0.4107434381178857,0.0198890498719802,1.4473899910521725e-05
nuisance_dominant,BP,0.4177458311416433,0.01988984814753809,1.489630018361944e-05
nuisance_dominant,BP,0.4248676016246823,0.01989072585901578,1.5330941516796785e-05
nuisance_dominant,BP,0.43211078472523234,0.01989168551395017,1.5778104586895622e-05
nuisance_dominant,BP,0.43947745029709223,0.019892729660703094,1.6238073630750662e-05
nuisance_dominant,BP,0.44696970348112464,0.019893860887818887,1.671113639161256e-05
nuisance_dominant,BP,0.4545896853068325,0.019895081823303018,1.7197584059907092e-05
nuisance_dominant,BP,0.46233957330419384,0.019896395133819772,1.7697711207999723e-05
nuisance_dominant,BP,0.4702215821259226,0.01989780352380571,1.8211815719047927e-05
nuisance_dominant,BP,0.4782379641803417,0.019899309734496544,1.8740198709683463e-05
nuisance_dominant,BP,0.48639101027504605,0.01990091654286391,1.9283164446420143e-05
nuisance_dominant,BP,0.4946830502715338,0.019902626760460236,1.9841020255733125e-05
nuisance_dominant,BP,0.503116453751003,0.01990444323216788,2.0414076427649607e-05
nuisance_dominant,BP,0.5116936306914959,0.019906368834850786,2.100264611285547e-05
nuisance_dominant,BP,0.52041703215659,0.019908406475905305,2.1607045213115293e-05
nuisance_dominant,BP,0.5292891509958252,0.019910559091708004,2.222759226513392e-05
nuisance_dominant,BP,0.5383125225570771,0.019912829645957798,2.2864608317628068e-05
nuisance_dominant,BP,0.5474897254110712,0.019915221127909805,2.3518416801714715e-05
nuisance_dominant,BP,0.5568233820882527,0.01991773655049898,2.418934339450805e-05
nuisance_dominant,BP,0.5663161598282122,0.019920378948350775,2.4877715876047737e-05
nuisance_dominant,BP,0.5759707713418936,0.019923151375676917,2.558386397942499e-05
nuisance_dominant,BP,0.5857899755867956,0.019926056904054655,2.6308119234251846e-05
nuisance_dominant,BP,0.5957765785553836,0.019929098620086703,2.7050814803496186e-05
nuisance_dominant,BP,0.6059334340769489,0.019932279622941196,2.7812285313739395e-05
nuisance_dominant,BP,0.6162634446331343,0.019935603021769176,2.8592866678963534e-05
nuisance_dominant,BP,0.6267695621873663,0.019939071932998993,2.9392895917940607e-05
nuisance_dominant,BP,0.6374547890284212,0.01994268947750586,3.0212710965430823e-05
nuisance_dominant,BP,0.6483221786283797,0.019946458777655808,3.105265047721241e-05
nuisance_dominant,BP,0.6593748365152027,0.019950382954223238,3.1913053629228856e-05
nuisance_dominant,BP,0.6706159211601879,0.01995446512318164,3.279425991097608e-05
nuisance_dominant,BP,0.6820486448805486,0.01995870839236697,3.369660891335245e-05
nuisance_dominant,BP,0.6936762747573865,0.019963115858013716,3.462044011119905e-05
nuisance_dominant,BP,0.7055021335693127,0.01996769060116393,3.556609264079517e-05
nuisance_dominant,BP,0.7175296007419812,0.019972435683949824,3.653390507253823e-05
nuisance_dominant,BP,0.7297621133138149,0.01997735414575053,3.752421517914993e-05
nuisance_dominant,BP,0.7422031669181925,0.019982448999224182,3.85373596996995e-05
nuisance_dominant,BP,0.7548563167823837,0.019987723226217308,3.957367409976038e-05
nuisance_dominant,BP,0.7677251787435072,0.019993179773552354,4.0633492328093145e-05
nuisance_dominant,BP,0.780813430281815,0.019998821548696293,4.171714657015395e-05
nuisance_dominant,BP,0.7941248115715934,0.02000465141531256,4.2824966998947884e-05
nuisance_dominant,BP,0.8076631265499712,0.020010672188699216,4.3957281523459966e-05
nuisance_dominant,BP,0.8214322440039585,0.020016886631116483,4.5114415535280964e-05
nuisance_dominant,BP,0.8354360986760122,0.02002329744700747,4.629669165369153e-05
nuisance_dominant,BP,0.8496786923884532,0.020029907278116228,4.7504429469787625e-05
nuisance_dominant,BP,0.8641640951870458,0.020036718698507233,4.873794529007232e-05
nuisance_dominant,BP,0.878896446504081,0.020043734209491647,4.999755187997928e-05
nuisance_dominant,BP,0.8938799563412821,0.02005095623446535,5.128355820784909e-05
nuisance_dominant,BP,0.9091189064728835,0.020058387113664592,5.259626918982042e-05
nuisance_dominant,BP,0.9246176516692093,0.02006602909884541,5.393598543619467e-05
nuisance_dominant,BP,0.9403806209411201,0.020073884347893377,5.530300299974036e-05
nuisance_dominant,BP,0.9564123188056762,0.02008195491937069,5.669761312640511e-05
nuisance_dominant,BP,0.9727173265733684,0.020090242767008205,5.8120102009113144e-05
nuisance_dominant,BP,0.9893003036573033,0.020098749734149934,5.957075054490225e-05
nuisance_dominant,BP,1.0061659889047023,0.020107477548158625,6.10498340961307e-05
nuisance_dominant,BP,1.023319201951106,0.020116427814790873,6.255762225608579e-05
nuisance_dominant,BP,1.0407648445976552,0.020125602012551064,6.409437861954144e-05
nuisance_dominant,BP,1.0585079022118615,0.020135001487033347,6.566036055869768e-05
nuisance_dominant,BP,1.0765534451522527,0.020144627445261753,6.725581900497418e-05
nuisance_dominant,BP,1.094906630217312,0.020154480950038477,6.88809982370031e-05
nuisance_dominant,BP,1.1135727021191089,0.020164562914310923,7.053613567528304e-05
nuisance_dominant,BP,1.1325569949820598,0.02017487409556828,7.222146168380905e-05
nuisance_dominant,BP,1.1518649338672433,0.02018541509027902,7.393719937899918e-05
nuisance_dominant,BP,1.1715020363226891,0.02019618632838042,7.568356444625424e-05
nuisance_dominant,BP,1.1914739139601096,0.020207188067831967,7.746076496433495e-05
nuisance_dominant,BP,1.2117862740585037,0.020218420389244457,7.926900123775568e-05
nuisance_dominant,BP,1.2324449211951067,0.020229883190596896,8.110846563742351e-05
nuisance_dominant,BP,1.2534557589041324,0.020241576182053172,8.297934244949059e-05
nuisance_dominant,BP,1.2748247913638062,0.020253498880891285,8.488180773263623e-05
nuisance_dominant,BP,1.296558125112151,0.020265650606556992,8.681602918354016e-05
nuisance_dominant,BP,1.3186619707920322,0.020278030475854462,8.878216601069359e-05
nuisance_dominant,BP,1.3411426449259387,0.02029063739828666,9.078036881626203e-05
nuisance_dominant,BP,1.364006571721033,0.02030347007155719,9.281077948580122e-05
nuisance_dominant,BP,1.3872602849049733,0.02031652697724639,9.487353108563589e-05
nuisance_dominant,BP,1.4109104295930222,0.020329806376673625,9.696874776739915e-05
nuisance_dominant,BP,1.4349637641869968,0.02034330630695736,9.909654467948375e-05
nuisance_dominant,BP,1.4594271623065878,0.020357024577285217,0.0001012570278847837
nuisance_dominant,BP,1.484307614753609,0.02037095876540499,0.00010345029428412588
nuisance_dominant,BP,1.5096122315097211,0.020385106214347727,0.00010567643154489296
nuisance_dominant,BP,1.5353482437682255,0.020399464029393615,0.00010793551803393667
nuisance_dominant,BP,1.5615230060004965,0.02041402907529069,0.00011022762275412816
nuisance_dominant,BP,1.5881439980576275,0.020428797973736194,0.00011255280528353964
nuisance_dominant,BP,1.6152188273079233,0.020443767101129613,0.00011491111571644412
nuisance_dominant,BP,1.6427552308108229,0.02045893258660601,0.00011730259460499111
nuisance_dominant,BP,1.6707610775278907,0.020474290310357426,0.0001197272729006003
nuisance_dominant,BP,1.6992443705714897,0.020489835902249575,0.00012218517189385787
nuisance_dominant,BP,1.7282132494918006,0.020505564740740494,0.00012467630315170415
nuisance_dominant,BP,1.7576759926028247,0.020521471952106452,0.00012720066845076588
nuisance_dominant,BP,1.78764101934805,0.02053755240998025,0.00012975825970544235
nuisance_dominant,BP,1.8181168927064288,0.02055380073520576,0.0001323490588894512
nuisance_dominant,BP,1.8491123216393888,0.02057021129601184,0.00013497303794947945
nuisance_dominant,BP,1.880636163579563,0.020586778208507538,0.00013763015870955518
nuisance_dominant,BP,1.9126974269619283,0.0206034953375003,0.00014032037276472307
nuisance_dominant,BP,1.9453052737981165,0.02062035629763671,0.00014304362136268193
nuisance_dominant,BP,1.9784690222945986,0.020637354454865482,0.0001457998352718875
nuisance_dominant,BP,2.012198149515519,0.02065448292822051,0.0001485889346348857
nuisance_dominant,BP,2.046502294090901,0.02067173459192128,0.00015141082880537192
nuisance_dominant,BP,2.0813912589710486,0.020689102077786663,0.00015426541616782655
nuisance_dominant,BP,2.1168750142278885,0.02070657777795718,0.0001571525839383352
nuisance_dominant,BP,2.152963699904084,0.02072415384791959,0.00016007220794552962
nuisance_dominant,BP,2.1896676289106987,0.020741822209826802,0.00016302415239043212
nuisance_dominant,BP,2.2269972899742814,0.020759574556105182,0.00016600826958429525
nuisance_dominant,BP,2.26496335063419,0.02077740235333997,0.00016902439966340406
nuisance_dominant,BP,2.303576660290997,0.020795296846428918,0.0001720723702802293
nuisance_dominant,BP,2.3428482533068857,0.020813249062993085,0.0001751519962700311
nuisance_dominant,BP,2.3827893521588885,0.02083124981803281,0.00017826307929270826
nuisance_dominant,BP,2.4234113706458946,0.020849289718816503,0.00018140540744921083
nuisance_dominant,BP,2.464725917150312,0.020867359169988067,0.00018457875487264626
nuisance_dominant,BP,2.50674479795535,0.020885448378879158,0.0001877828812938726
nuisance_dominant,BP,2.5494800206188595,0.020903547361011014,0.00019101753158183484
nuisance_dominant,BP,2.592943797404667,0.020921645945770315,0.00019428243525919486
nuisance_dominant,BP,2.6371485487724318,0.020939733782242703,0.00019757730599357913
nuisance_dominant,BP,2.6821069069269825,0.02095780034518734,0.0002009018410656843
nuisance_dominant,BP,2.7278317194281803,0.02097583494113562,0.00020425572081491497
nuisance_dominant,BP,2.7743360528622945,0.020993826714596063,0.00020763860806426662
nuisance_dominant,BP,2.8216331965759975,0.021011764654348418,0.00021105014752570653
nuisance_dominant,BP,2.8697366664739996,0.021029637599808432,0.00021448996518809134
nuisance_dominant,BP,2.9186602088814415,0.021047434247446213,0.00021795766768957915
nuisance_dominant,BP,2.96841780447211,0.021065143157239487,0.00022145284167690536
nuisance_dominant,BP,3.0190236722636397,0.021082752759145045,0.00022497505315404142
nuisance_dominant,BP,3.070492273680835,0.02110025135956998,0.0002285238468232096
nuisance_dominant,BP,3.1228383166882305,0.021117627147826445,0.00023209874542108567
nuisance_dominant,BP,3.176076759993135,0.02113486820255276,0.00023569924905370653
nuisance_dominant,BP,3.2302228173203136,0.021151962498085035,0.00023932483453355973
nuisance_dominant,BP,3.2852919617595595,0.021168897910763672,0.0002429749547225191
nuisance_dominant,BP,3.3412999301873585,0.02118566222516029,0.0002466490378846949
nuisance_dominant,BP,3.3982627277639583,0.021202243140210804,0.00025034648705332956
nuisance_dominant,BP,3.456196632507091,0.021218628275242013,0.00025406667941599406
nuisance_dominant,BP,3.5151181999436867,0.021234805175879758,0.00025780896572273035
nuisance_dominant,BP,3.575044267840856,0.021250761319827404,0.00026157266972154304
nuisance_dominant,BP,3.6359919610175564,0.021266484122505407,0.00026535708762623724
nuisance_dominant,BP,3.6979786962382923,0.021281960942543303,0.00026916148762122147
nuisance_dominant,BP,3.7610221871902074,0.021297179087117115,0.0002729851094083314
nuisance_dominant,BP,3.8251404495450636,0.021312125817126062,0.00027682716380057624
nuisance_dominant,BP,3.8903518061074984,0.021326788352204726,0.00028068683236777463
nuisance_dominant,BP,3.9566748920510686,0.021341153875567558,0.0002845632671390505
nuisance_dominant,BP,4.024128660243522,0.02135520953868398,0.0002884555903671471
nuisance_dominant,BP,4.092732386662896,0.021368942465785065,0.00029236289435939026
nuisance_dominant,BP,4.16250567590592,0.021382339758202255,0.00029628424138001007
nuisance_dominant,BP,4.233468466790359,0.02139538849854261,0.0003002186636285725
nuisance_dominant,BP,4.305641038052818,0.021408075754704194,0.00030416516329890187
nuisance_dominant,BP,4.379044014143725,0.02142038858373837,0.00030812271272279184
nuisance_dominant,BP,4.453698371121101,0.021432314035566852,0.0003120902546026199
nuisance_dominant,BP,4.5296254426447815,0.021443839156562033,0.0003160667023366243
nuisance_dominant,BP,4.606846926072856,0.021454950993001664,0.0003200509404404701
nuisance_dominant,BP,4.685384888662027,0.021465636594409882,0.0003240418250682198
nuisance_dominant,BP,4.76526177387369,0.02147588301679681,0.0003280381846357772
nuisance_dominant,BP,4.846500407787484,0.02148567732581225,0.0003320388205492022
nuisance_dominant,BP,4.929124005624213,0.021495006599827858,0.0003360425080402305
nuisance_dominant,BP,5.013156178379978,0.02150385793296459,0.0003400479971106217
nuisance_dominant,BP,5.0986209395733635,0.021512218438082875,0.0003440540135867812
nuisance_dominant,BP,5.185542712107698,0.021520075249752642,0.00034805926028556557
nuisance_dominant,BP,5.27394633525027,0.021527415527223003,0.0003520624182916689
nuisance_dominant,BP,5.363857071730567,0.021534226457409662,0.00035606214834661996
nuisance_dominant,BP,5.455300614959465,0.02154049525791977,0.00036005709234888657
nuisance_dominant,BP,5.548303096371546,0.021546209180134165,0.00036404587496404877
nuisance_dominant,BP,5.642891092892556,0.02155135551236646,0.00036802710534361485
nuisance_dominant,BP,5.739091634534208,0.021555921583118302,0.0003719993789503532
nuisance_dominant,BP,5.836932212118393,0.02155989476445056,0.0003759612794877964
nuisance_dominant,BP,5.936440785133139,0.021563262475489214,0.0003799113809306949
nuisance_dominant,BP,6.03764578972249,0.021566012186084244,0.00038384824965305794
nuisance_dominant,BP,6.140576146812549,0.021568131420639427,0.00038777044664958007
nuisance_dominant,BP,6.24526127037611,0.021569607762129794,0.0003916765298460667
nuisance_dominant,BP,6.351731075838154,0.021570428856322325,0.0003955650564936933
nuisance_dominant,BP,6.460015988624681,0.021570582416215445,0.00039943458564167697
nuisance_dominant,BP,6.570146952857214,0.021570056226710103,0.0004032836806823243
nuisance_dominant,BP,6.682155440195594,0.02156883814952503,0.0004071109119620947
nuisance_dominant,BP,6.796073458831493,0.021566916128367135,0.00041091485945176775
nuisance_dominant,BP,6.911933562635288,0.02156427819436576,0.00041469411546848846
nuisance_dominant,BP,7.029768860458798,0.021560912471779298,0.0004184472874420004
nuisance_dominant,BP,7.149613025596682,0.021556807183979232,0.0004221730007170814
nuisance_dominant,BP,7.271500305409138,0.02155195065971697,0.0004258699013837958
nuisance_dominant,BP,7.395465531108579,0.021546331339675026,0.0004295366591269387
nuisance_dominant,BP,7.521544127713236,0.02153993778330417,0.0004331719700856319
nuisance_dominant,BP,7.6497721241703935,0.02153275867594516,0.00043677455971400216
nuisance_dominant,BP,7.7801861636522665,0.02152478283623257,0.0004403431856334021
nuisance_dominant,BP,7.912823514027315,0.02151599922377612,0.00044387664046663394
nuisance_dominant,BP,8.04772207851015,0.02150639694711385,0.00044737375464448155
nuisance_dominant,BP,8.184920406492996,0.021495965271928947,0.0004508333991745554
nuisance_dominant,BP,8.324457704561745,0.02148469362952131,0.00045425448836271
nuisance_dominant,BP,8.466373847699883,0.021472571625523316,0.0004576359824769104
nuisance_dominant,BP,8.61070939068338,0.021459589048847434,0.00046097689034378924
nuisance_dominant,BP,8.7575055796699,0.02144573588085275,0.00046427627186782297
nuisance_dominant,BP,8.906804363985472,0.021431002304715917,0.00046753324046348366
nuisance_dominant,BP,9.058648408112223,0.0214153787149913,0.0004707469653906708
nuisance_dominant,BP,9.213081103880398,0.02139885572734421,0.0004739166739839407
nuisance_dominant,BP,9.370146582868305,0.021381424188440083,0.00047704165376635
nuisance_dominant,BP,9.529889729013544,0.02136307518597277,0.0004801212544388914
nuisance_dominant,BP,9.692356191439336,0.02134380005881371,0.0004831548897370116
nuisance_dominant,BP,9.857592397499504,0.02132359040726426,0.00048614203914576156
nuisance_dominant,BP,10.025645566045766,0.021302438103393134,0.0004890822494658715
nuisance_dominant,BP,10.196563720921308,0.021280335301440946,0.0004919751362232819
nuisance_dominant,BP,10.370395704684338,0.021257274448274112,0.0004948203849152516
nuisance_dominant,BP,10.547191192565622,0.021233248293871042,0.0004976177520866069
nuisance_dominant,BP,10.727000706663942,0.021208249901823236,0.0005003670662304557
nuisance_dominant,BP,10.909875630383668,0.021182272659835914,0.0005030682285080954
nuisance_dominant,BP,11.09586822311825,0.021155310290211976,0.0005057212132837291
nuisance_dominant,BP,11.285031635184245,0.02112735686030534,0.0005083260684700489
nuisance_dominant,BP,11.47741992300984,0.021098406792929587,0.0005108829156817778
nuisance_dominant,BP,11.673088064582329,0.021068454876709754,0.0005133919501947035
nuisance_dominant,BP,11.872091975158934,0.021037496276365416,0.0005158534407088594
nuisance_dominant,BP,12.07448852324546,0.021005526542914984,0.0005182677289149814
nuisance_dominant,BP,12.280335546847452,0.020972541623791738,0.0005206352288645882
nuisance_dominant,BP,12.489691869998175,0.020938537872863688,0.0005229564261445392
nuisance_dominant,BP,12.702617319568612,0.02090351206035044,0.0005252318768580658
nuisance_dominant,BP,12.919172742363902,0.02086746138263075,0.0005274622064150524
nuisance_dominant,BP,13.139420022511283,0.020830383471936807,0.0005296481081352014
nuisance_dominant,BP,13.363422099144453,0.02079227640593057,0.0005317903416687048
nuisance_dominant,BP,13.59124298438939,0.020753138717160096,0.0005338897312399569
nuisance_dominant,BP,13.822947781656945,0.020712969402393092,0.0005359471637205161
nuisance_dominant,BP,14.058602704246992,0.02067176793182688,0.0005379635865387423
nuisance_dominant,BP,14.298275094270045,0.020629534258173304,0.0005399400054340481
nuisance_dominant,BP,14.542033441891286,0.02058626882561881,0.0005418774820647377
nuisance_dominant,BP,14.789947404902728,0.02054197257865855,0.0005437771314791157
nuisance_dominant,BP,15.042087828629008,0.0204966469708053,0.000545640119460289
nuisance_dominant,BP,15.298526766172571,0.020450293973172037,0.0005474676597558039
nuisance_dominant,BP,15.559337499003943,0.020402916082928005,0.0005492610112038759
nuisance_dominant,BP,15.824594557903191,0.020354516331627014,0.0005510214747685621
nuisance_dominant,BP,16.094373744258082,0.020305098293406106,0.0005527503904967417
nuisance_dominant,BP,16.368752151725655,0.020254666093052005,0.0005544491344101264
nuisance_dominant,BP,16.647808188262907,0.020203224413931374,0.0005561191153459614
nuisance_dominant,BP,16.931621598533113,0.02015077850578011,0.0005577617717602804
nuisance_dominant,BP,17.220273486694122,0.020097334192345058,0.0005593785685076676
nuisance_dominant,BP,17.513846339575103,0.020042897878870106,0.0005609709936116733
nuisance_dominant,BP,17.81242405024861,0.01998747655941719,0.0005625405550398286
nuisance_dominant,BP,18.116091942004132,0.01993107782401015,0.0005640887774970916
nuisance_dominant,BP,18.424936792730715,0.019873709865588295,0.0005656171992513211
nuisance_dominant,BP,18.739046859715067,0.019815381486753728,0.000567127369003863
nuisance_dominant,BP,19.058511904862485,0.019756102106294807,0.0005686208428179327
nuisance_dominant,BP,19.38342322034772,0.019695881765465634,0.0005700991811167539
nuisance_dominant,BP,19.713873654703125,0.0196347311339994,0.0005715639457627692
nuisance_dominant,BP,20.049957639351746,0.019572661515831362,0.0005730166972282381
nuisance_dominant,BP,20.39177121559234,0.019509684854504356,0.0005744589918667427
nuisance_dominant,BP,20.739412062044874,0.019445813738228714,0.0005758923792940072
nuisance_dominant,BP,21.092979522563663,0.019381061404565157,0.0005773183998852279
nuisance_dominant,BP,21.452574634626465,0.01931544174469836,0.0005787385823950174
nuisance_dominant,BP,21.818300158207524,0.019248969307266196,0.0005801544417047449
nuisance_dominant,BP,22.190260605142807,0.019181659301708703,0.0005815674767006678
nuisance_dominant,BP,22.568562268996093,0.019113527601098586,0.0005829791682849695
nuisance_dominant,BP,22.953313255433766,0.019044590744414672,0.0005843909775204424
nuisance_dominant,BP,23.344623513117888,0.0189748659382176,0.0005858043439080689
nuisance_dominant,BP,23.742604865125728,0.018904371057687164,0.0005872206837954856
nuisance_dominant,BP,24.14737104090496,0.01883312464697953,0.0005886413889129844
nuisance_dominant,BP,24.55903770877365,0.01876114591886237,0.0005900678250322813
nuisance_dominant,BP,24.977722508974306,0.018688454753586204,0.0005915013307423562
nuisance_dominant,BP,25.40354508729137,0.018615071696949967,0.0005929432163351497
nuisance_dominant,BP,25.83662712924211,0.018541017957519966,0.0005943947627932873
nuisance_dominant,BP,26.277092394849852,0.018466315402961845,0.000595857220870816
nuisance_dominant,BP,26.725066754010573,0.01839098655544633,0.0005973318102573408
nuisance_dominant,BP,27.180678222462152,0.018315054586091294,0.0005988197188152536
nuisance_dominant,BP,27.644056998366892,0.01823854330840413,0.0006003221018793555
nuisance_dominant,BP,28.115335499517688,0.018161477170690436,0.0006018400816078531
nuisance_dominant,BP,28.594648401178453,0.01808388124739775,0.0006033747463736819
nuisance_dominant,BP,29.08213267456993,0.018005781229364692,0.0006049271501850574
nuisance_dominant,BP,29.577927626011018,0.017927203412950073,0.000606498312124555
nuisance_dominant,BP,30.08217493672799,0.01784817468801795,0.0006080892157963994
nuisance_dominant,BP,30.595018703342085,0.017768722524759317,0.0006097008087722227
nuisance_dominant,BP,31.116605479047383,0.017688874959333332,0.0006113340020263822
nuisance_dominant,BP,31.64708431549069,0.017608660578315432,0.0006129896693528711
nuisance_dominant,BP,32.18660680536534,0.01752810850194283,0.0006146686467568672
nuisance_dominant,BP,32.73532712573144,0.017447248366152024,0.0006163717318152153
nuisance_dominant,BP,33.29340208207403,0.01736611030340659,0.0006180996830014955
nuisance_dominant,BP,33.86099115311297,0.017284724922317776,0.0006198532189725601
nuisance_dominant,BP,34.43825653637644,0.017203123286064097,0.0006216330178151202
nuisance_dominant,BP,35.02536319455143,0.017121336889620323,0.0006234397162522027
nuisance_dominant,BP,35.622478902624444,0.017039397635810166,0.0006252739088110484
nuisance_dominant,BP,36.22977429582575,0.01695733781020069,0.0006271361469553628
nuisance_dominant,BP,36.84742291839143,0.016875190054860708,0.000629026938186346
nuisance_dominant,BP,37.47560127315589,0.016792987341008914,0.0006309467451183809
nuisance_dominant,BP,38.114488871990645,0.016710762940580944,0.0006328959845365282
nuisance_dominant,BP,38.7642682871026,0.016628550396748737,0.0006348750264441822
nuisance_dominant,BP,39.42512520320694,0.016546383493427977,0.0006368841931103978
nuisance_dominant,BP,40.09724847058942,0.01646429622381364,0.0006389237581272468
nuisance_dominant,BP,40.780830159073375,0.016382322757985922,0.0006409939454884044
nuisance_dominant,BP,41.476065612906595,0.016300497409631888,0.0006430949287007274
nuisance_dominant,BP,42.18315350658434,0.016218854601931003,0.0006452268299409826
nuisance_dominant,BP,42.902295901623226,0.016137428832655336,0.0006473897192701369
nuisance_dominant,BP,43.63369830430383,0.01605625463853667,0.000649583613917598
nuisance_dominant,BP,44.37756972439723,0.01597536655895612,0.0006518084776476059
nuisance_dominant,BP,45.13412273489293,0.01589479909901266,0.0006540642202196026
nuisance_dominant,BP,45.90357353274481,0.01581458669202918,0.0006563506969538527
nuisance_dominant,BP,46.68614200065286,0.01573476366155656,0.0006586677084127838
nuisance_dominant,BP,47.482051769898405,0.015655364182936678,0.0006610150002076703
nuisance_dominant,BP,48.29153028424977,0.015576422244487706,0.0006633922629391604
nuisance_dominant,BP,49.114808864958235,0.015497971608375146,0.0006657991322789474
nuisance_dominant,BP,49.952122776861714,0.015420045771233657,0.0006682351891986696
nuisance_dominant,BP,50.80371129561534,0.015342677924605036,0.0006706999603506032
nuisance_dominant,BP,51.66981777606826,0.015265900915259256,0.0006731929186033413
nuisance_dominant,BP,52.55068972180602,0.015189747205464973,0.0006757134837341495
nuisance_dominant,BP,53.44657885587909,0.015114248833277666,0.0006782610232781443
nuisance_dominant,BP,54.357741192735965,0.015039437372913212,0.0006808348535329807
nuisance_dominant,BP,55.28443711138383,0.014965343895275582,0.0006834342407162278
nuisance_dominant,BP,56.22693142979583,0.014891998928707567,0.0006860584022712842
nuisance_dominant,BP,57.18549348058701,0.014819432420033946,0.000688706508316222
nuisance_dominant,BP,58.160397187980315,0.014747673695966657,0.0006913776832288897
nuisance_dominant,BP,59.15192114608467,0.014676751424942194,0.0006940710073603085
nuisance_dominant,BP,60.1603486985081,0.014606693579461183,0.0006967855188675723
nuisance_dominant,BP,61.185968019326936,0.014537527399001094,0.0006995202156564859
nuisance_dominant,BP,62.22907219543656,0.01446927935357275,0.0007022740574235646
nuisance_dominant,BP,63.2899593103055,0.014401975107991771,0.0007050459677864632
nuisance_dominant,BP,64.36893252915749,0.014335639486936419,0.00070783483649148
nuisance_dominant,BP,65.46630018560568,0.014270296440863398,0.0007106395216866245
nuisance_dominant,BP,66.58237586976387,0.014205969012853375,0.0007134588522486579
nuisance_dominant,BP,67.71747851785967,0.01414267930645836,0.0007162916301525907
nuisance_dominant,BP,68.8719325033761,0.014080448454622562,0.0007191366328723656
nuisance_dominant,BP,70.04606772974564,0.014019296589749503,0.0007219926158018601
nuisance_dominant,BP,71.24021972462585,0.01395924281498676,0.0007248583146857793
nuisance_dominant,BP,72.45472973578153,0.013900305176800831,0.0007277324480506878
nuisance_dominant,BP,73.68994482860175,0.01384250063891348,0.0007306137196270129
nuisance_dominant,BP,74.94621798527915,0.013785845057671098,0.0007335008207537585
nuisance_dominant,BP,76.22390820568008,0.01373035315891793,0.000736392432758388
nuisance_dominant,BP,77.52338060993503,0.013676038516443213,0.0007392872293052501
nuisance_dominant,BP,78.84500654277662,0.01362291353207155,0.0007421838787067874
nuisance_dominant,BP,80.18916367965778,0.013570989417464966,0.0007450810461927177
nuisance_dominant,BP,81.55623613467833,0.013520276177703095,0.0007479773961331382
nuisance_dominant,BP,82.94661457035157,0.013470782596707387,0.0007508715942124924
nuisance_dominant,BP,84.36069630924241,0.013422516224572315,0.0007537623095520176
nuisance_dominant,BP,85.79888544750824,0.013375483366865438,0.0007566482167791044
nuisance_dominant,BP,87.26159297037651,0.013329689075954743,0.0007595279980425928
nuisance_dominant,BP,88.74923686958925,0.013285137144419876,0.0007624003449736988
nuisance_dominant,BP,90.26224226285147,0.013241830100599894,0.0007652639605926697
nuisance_dominant,BP,91.80104151531502,0.013199769206327205,0.0007681175611616508
nuisance_dominant,BP,93.36607436313383,0.01315895445689325,0.0007709598779845814
nuisance_dominant,BP,94.95778803912542,0.013119384583287427,0.0007737896591550649
nuisance_dominant,BP,96.57663740057471,0.013081057056745574,0.0007766056712531905
nuisance_dominant,BP,98.2230850592165,0.013043968095640169,0.000779406700992327
nuisance_dominant,BP,99.89760151343484,0.013008112674737959,0.000782191556816677
nuisance_dominant,BP,101.60066528271416,0.012973484536845548,0.0007849590704501781
nuisance_dominant,BP,103.33276304438459,0.01294007620685697,0.000787708098397054
nuisance_dominant,BP,105.09438977269748,0.012907879008210717,0.0007904375233938524
nuisance_dominant,BP,106.88604888027204,0.012876883081756513,0.0007931462558124271
nuisance_dominant,BP,108.70825236195353,0.01284707740702513,0.0007958332350127613
nuisance_dominant,BP,110.56152094112352,0.012818449825886504,0.000798497430644039
nuisance_dominant,BP,112.44638421850583,0.012790987068573723,0.000801137843891816
nuisance_dominant,BP,114.36338082350686,0.012764674782042091,0.0008037535086685878
nuisance_dominant,BP,116.31305856813833,0.012739497560623975,0.0008063434927445238
nuisance_dominant,BP,118.29597460356307,0.012715438978931728,0.0008089068988146662
nuisance_dominant,BP,120.31269557930963,0.012692481626951881,0.0008114428654984298
nuisance_dominant,BP,122.36379780520139,0.012670607147265095,0.0008139505682668478
nuisance_dominant,BP,124.44986741604593,0.012649796274317454,0.0008164292202927574
nuisance_dominant,BP,126.57150053913327,0.012630028875659541,0.000818878073218842
nuisance_dominant,BP,128.72930346458716,0.012611283995061126,0.0008212964178384106
nuisance_dominant,BP,130.92389281862302,0.012593539897400424,0.0008236835846837477
nuisance_dominant,BP,133.15589573975842,0.012576774115218159,0.0008260389445170084
nuisance_dominant,BP,135.4259500580277,0.012560963496818636,0.0008283619087188617
nuisance_dominant,BP,137.73470447725208,0.012546084255791835,0.0008306519295704737
nuisance_dominant,BP,140.0828187604166,0.012532112021822805,0.0008329085004248786
nuisance_dominant,BP,142.47096391820904,0.01251902189264754,0.0008351311557643933
nuisance_dominant,BP,144.89982240077,0.012506788487007725,0.0008373194711414366
nuisance_dominant,BP,147.3700882927151,0.012495385998450473,0.0008394730630009674
nuisance_dominant,BP,149.88246751148006,0.012484788249813649,0.0008415915883835921
nuisance_dominant,BP,152.437678009048,0.012474968748232371,0.0008436747445094276
nuisance_dominant,BP,155.03644997711535,0.012465900740498052,0.0008457222682438345
nuisance_dominant,BP,157.67952605575576,0.012457557268597914,0.0008477339354472209
nuisance_dominant,BP,160.36766154564083,0.012449911225259942,0.0008497095602122097
nuisance_dominant,BP,163.1016246238805,0.012442935409326835,0.0008516489939926706
nuisance_dominant,BP,165.88219656353982,0.01243660258078105,0.0008535521246301022
nuisance_dominant,BP,168.7101719569014,0.01243088551524305,0.0008554188752840456
nuisance_dominant,BP,171.5863589425323,0.012425757057765824,0.0008572492032741748
nuisance_dominant,BP,174.51157943622238,0.012421190175750168,0.0008590430988427052
nuisance_dominant,BP,177.48666936585968,0.012417158010808027,0.0008608005838465815
nuisance_dominant,BP,180.51247891030974,0.01241363392940464,0.0008625217103897266
nuisance_dominant,BP,183.58987274236887,0.012410591572114788,0.0008642065594062454
nuisance_dominant,BP,186.7197302758561,0.012408004901333683,0.0008658552392059774
nuisance_dominant,BP,189.90294591692083,0.012405848247289474,0.0008674678839941869
nuisance_dominant,BP,193.1404293196332,0.01240409635221129,0.0008690446523773625
nuisance_dominant,BP,196.43310564593202,0.012402724412514748,0.0008705857258671666
nuisance_dominant,BP,199.7819158300045,0.012401708118875603,0.0008720913073944599
nuisance_dominant,BP,203.18781684717248,0.012401023694071667,0.0008735616198450768
nuisance_dominant,BP,206.651781987365,0.012400647928483149,0.0008749969046285578
nuisance_dominant,BP,210.1748011332487,0.012400558213152574,0.0008763974202905414
nuisance_dominant,BP,213.75788104310405,0.012400732570316503,0.0008777634411787068
nuisance_dominant,BP,217.402045638522,0.012401149681333374,0.000879095256171399
nuisance_dominant,BP,221.10833629700576,0.01240178891194381,0.0008803931674770346
nuisance_dominant,BP,224.87781214956078,0.012402630334812528,0.0008816574895113335
nuisance_dominant,BP,228.71155038335777,0.012403654749313837,0.0008828885478582901
nuisance_dominant,BP,232.61064654955769,0.012404843698535565,0.0008840866783195261
nuisance_dominant,BP,236.57621487637996,0.01240617948348992,0.0008852522260554411
nuisance_dominant,BP,240.60938858751274,0.012407645174532463,0.0008863855448202541
nuisance_dominant,BP,244.71132022594884,0.012409224620003882,0.0008874869962917019
nuisance_dominant,BP,248.88318198334326,0.012410902452122136,0.0008885569494949479
nuisance_dominant,BP,253.12616603498518,0.012412664090165313,0.0008895957803188799
nuisance_dominant,BP,257.4414848804811,0.012414495740998014,0.000890603871121854
nuisance_dominant,BP,261.830371690245,0.0124163843970061,0.0008915816104227667
nuisance_dominant,BP,266.29408065789846,0.012418317831516318,0.0008925293926722763
nuisance_dominant,BP,270.83388735867317,0.012420284591788186,0.0008934476180980519
nuisance_dominant,BP,275.45108911392856,0.012422273989676092,0.0008943366926170561
nuisance_dominant,BP,280.14700536188144,0.012424276090069205,0.0008951970278071784
nuisance_dominant,BP,284.92297803465635,0.01242628169722553,0.0008960290409298884
nuisance_dominant,BP,289.78037194176363,0.012428282339125029,0.0008968331549951635
nuisance_dominant,BP,294.7205751601149,0.012430270249973445,0.0008976097988595866
nuisance_dominant,BP,299.74499943069014,0.012432238350995233,0.0008983594073483377
nuisance_dominant,BP,304.8550805619614,0.012434180229659055,0.0008990824213917479
nuisance_dominant,BP,310.0522788402002,0.01243609011748401,0.0008997792881671657
nuisance_dominant,BP,315.3380794467765,0.012437962866577845,0.0009004504612371221
nuisance_dominant,BP,320.7139928825731,0.01243979392506097,0.0009010964006750857
nuisance_dominant,BP,326.18155539963476,0.012441579311531384,0.0009017175731705656
nuisance_dominant,BP,331.7423294401758,0.01244331558872592,0.0009023144521058759
nuisance_dominant,BP,337.3979040830756,0.01244499983653251,0.0009028875175975186
nuisance_dominant,BP,343.1498954979785,0.012446629624506524,0.0009034372564958464
nuisance_dominant,BP,348.9999474071427,0.012448202984041614,0.0009039641623374964
nuisance_dominant,BP,354.9497315551591,0.012449718380341753,0.0009044687352458733
nuisance_dominant,BP,361.00094818667867,0.012451174684337136,0.0009049514817759362
nuisance_dominant,BP,367.1553265322842,0.012452571144680657,0.0009054129147003105
nuisance_dominant,BP,373.4146253026444,0.012453907359956436,0.000905853552734833
nuisance_dominant,BP,379.7806331910963,0.012455183251224494,0.0009062739202024104
nuisance_dominant,BP,386.2551693847879,0.012456399035018705,0.0009066745466350761
nuisance_dominant,BP,392.84008408454287,0.012457555196907116,0.0009070559663149723
nuisance_dominant,BP,399.53725903358355,0.012458652465715394,0.0009074187177558177
nuisance_dominant,BP,406.3486080552691,0.012459691788505353,0.000907763343127248
nuisance_dominant,BP,413.27607760000024,0.012460674306391636,0.0009080903876251427
nuisance_dominant,BP,420.32164730144876,0.012461601331270122,0.0009084003987917398
nuisance_dominant,BP,427.4873305422675,0.012462474323522465,0.0009086939257899326
nuisance_dominant,BP,434.77517502945034,0.012463294870751665,0.0009089715186367199
nuisance_dominant,BP,442.18726337949096,0.012464064667594161,0.0009092337274012156
nuisance_dominant,BP,449.72571371352734,0.012464785496644641,0.0009094811013729819
nuisance_dominant,BP,457.392680262627,0.012465459210520882,0.0009097141882068293
nuisance_dominant,BP,465.19035398339275,0.012466087715086817,0.0009099335330503494
nuisance_dominant,BP,473.12096318406304,0.012466672953843834,0.0009101396776606553
nuisance_dominant,BP,481.1867741612851,0.01246721689349206,0.0009103331595168346
nuisance_dominant,BP,489.3900918477489,0.01246772151065574,0.0009105145109346147
nuisance_dominant,BP,497.7332604708523,0.012468188779759703,0.0009106842581896392
nuisance_dominant,BP,506.21866422260484,0.01246862066203724,0.0009108429206556254
nuisance_dominant,BP,514.848727940947,0.012469019095643545,0.0009109910099634259
nuisance_dominant,BP,523.6259178026861,0.012469385986843525,0.0009111290291867662
nuisance_dominant,BP,532.5527420282452,0.012469723202237633,0.0009112574720600947
nuisance_dominant,BP,541.6317515984257,0.012470032561985239,0.000911376822233591
nuisance_dominant,BP,550.8655409833943,0.012470315833981258,0.0009114875525700118
nuisance_dominant,BP,560.2567488840875,0.012470574728938486,0.0009115901244875612
nuisance_dominant,BP,569.8080589862665,0.012470810896325905,0.0009116849873525113
nuisance_dominant,BP,579.522200727421,0.012471025921110856,0.0009117725779248299
nuisance_dominant,BP,589.40195007675,0.012471221321251816,0.0009118533198595291
nuisance_dominant,BP,599.450130328438,0.012471398545887576,0.0009119276232659412
nuisance_dominant,BP,609.6696129084548,0.012471558974168153,0.0009119958843266085
nuisance_dominant,BP,620.0633181951158,0.012471703914672942,0.0009120584849769469
nuisance_dominant,BP,630.6342163536186,0.01247183460536207,0.0009121157926463169
nuisance_dominant,BP,641.3853281848199,0.01247195221400786,0.0009121681600606553
nuisance_dominant,BP,652.3197259884747,0.012472057839054477,0.0009122159251062857
nuisance_dominant,BP,663.440534441196,0.012472152510855556,0.0009122594107541103
nuisance_dominant,BP,674.7509314893789,0.012472237193241377,0.0009122989250428906
nuisance_dominant,BP,686.25414925735,0.012472312785369226,0.0009123347611199109
nuisance_dominant,BP,697.9534749709957,0.01247238012381299,0.0009123671973369673
nuisance_dominant,BP,709.8522518971448,0.012472439984850434,0.0009123964973991875
nuisance_dominant,BP,721.9538802989517,0.012472493086909158,0.0009124229105639382
nuisance_dominant,BP,734.26181840758,0.01247254009313506,0.0009124466718867491
nuisance_dominant,BP,746.7795834104456,0.01247258161404973,0.000912468002510919
nuisance_dominant,BP,759.5107524563091,0.012472618210266084,0.0009124871099973004
nuisance_dominant,BP,772.458963677501,0.012472650395234245,0.0009125041886905483
nuisance_dominant,BP,785.6279172295752,0.012472678637992585,0.0009125194201180188
nuisance_dominant,BP,799.0213763486926,0.012472703365901287,0.0009125329734173803
nuisance_dominant,BP,812.6431684270153,0.012472724967338703,0.0009125450057889924
nuisance_dominant,BP,826.4971861064516,0.012472743794343152,0.0009125556629690555
nuisance_dominant,BP,840.587388391037,0.012472760165185282,0.0009125650797195939
nuisance_dominant,BP,854.9178017782832,0.012472774366858492,0.0009125733803313956
nuisance_dominant,BP,869.4925214098122,0.01247278665747702,0.0009125806791360925
nuisance_dominant,BP,884.3157122416065,0.01247279726857339,0.0009125870810237718
nuisance_dominant,BP,899.3916102342182,0.012472806407288858,0.0009125926819625894
nuisance_dominant,BP,914.7245235632504,0.012472814258452158,0.0009125975695170903
nuisance_dominant,BP,930.3188338504934,0.012472820986543495,0.000912601823362151
nuisance_dominant,BP,946.1789974160409,0.012472826737542209,0.0009126055157896592
nuisance_dominant,BP,962.3095465517534,0.012472831640657763,0.0009126087122053134
nuisance_dominant,BP,978.7150908164324,0.012472835809944858,0.0009126114716131893
nuisance_dominant,BP,995.4003183530737,0.012472839345804515,0.0009126138470859515
nuisance_dominant,BP,1012.3699972285774,0.0124728423363738,0.0009126158862189173
nuisance_dominant,BP,1029.6289767963053,0.012472844858807513,0.000912617631566368
nuisance_dominant,BP,1047.1821890818485,0.01247284698045591,0.0009126191210588782
nuisance_dominant,BP,1065.0346501924394,0.012472848759942878,0.0009126203884005962
nuisance_dominant,BP,1083.1914617503814,0.0124728502481493,0.0009126214634457311
nuisance_dominant,BP,1101.657812350918,0.012472851489106915,0.0009126223725537292
nuisance_dominant,BP,1120.4389790449557,0.01247285252080766,0.0009126231389228407
nuisance_dominant,BP,1139.540328847062,0.012472853375934092,0.0009126237829020058
nuisance_dominant,BP,1158.9673202691843,0.012472854082516123,0.0009126243222811934
nuisance_dominant,BP,1178.725504880491,0.012472854664519466,0.000912624772560483
nuisance_dominant,BP,1198.8205288938298,0.012472855142371043,0.0009126251471983709
nuisance_dominant,BP,1219.2581347792202,0.012472855533426412,0.0009126254578398927
nuisance_dominant,BP,1240.0441629048537,0.012472855852384172,0.0009126257145252945
nuisance_dominant,BP,1261.1845532060715,0.01247285611165207,0.0009126259258800784
nuisance_dominant,BP,1282.6853468827933,0.012472856321669248,0.0009126260992873272
nuisance_dominant,BP,1304.552688125894,0.012472856491188945,0.0009126262410432669
nuisance_dominant,BP,1326.7928258729887,0.012472856627525494,0.0009126263564970952
nuisance_dominant,BP,1349.412115594175,0.012472856736769499,0.0009126264501761005
nuisance_dominant,BP,1372.417021108207,0.012472856823974456,0.0009126265258971145
nuisance_dominant,BP,1395.814116429633,0.012472856893318122,0.0009126265868653692
nuisance_dominant,BP,1419.610087647423,0.012472856948241455,0.0009126266357617585
nuisance_dominant,BP,1443.811734835622,0.012472856991567846,0.0009126266748195448
nuisance_dominant,BP,1468.4259739965912,0.012472857025604998,0.0009126267058914507
nuisance_dominant,BP,1493.4598390373446,0.012472857052231673,0.0009126267305080907
nuisance_dominant,BP,1518.9204837796128,0.012472857072971265,0.0009126267499286183
nuisance_dominant,BP,1544.815184004156,0.01247285708905391,0.0009126267651844153
nuisance_dominant,BP,1571.1513395299344,0.012472857101468783,0.0009126267771166093
nuisance_dominant,BP,1597.936476328722,0.012472857111007821,0.0009126267864081217
nuisance_dominant,BP,1625.1782486757718,0.012472857118302299,0.0009126267936109372
nuisance_dominant,BP,1652.884441337144,0.01247285712385313,0.0009126267991691621
nuisance_dominant,BP,1681.0629717943361,0.01247285712805594,0.0009126268034384544
nuisance_dominant,BP,1709.7218925068112,0.01247285713122173,0.0009126268067022966
nuisance_dominant,BP,1738.8693932131264,0.012472857133593779,0.0009126268091855582
nuisance_dominant,BP,1768.513803271277,0.01247285713536145,0.0009126268110657526
nuisance_dominant,BP,1798.6635940389426,0.012472857136671374,0.0009126268124823139
nuisance_dominant,BP,1829.32738129431,0.012472857137636517,0.00091262681354422
nuisance_dominant,BP,1860.5139276981654,0.01247285713834342,0.0009126268143362105
nuisance_dominant,BP,1892.2321452979763,0.012472857138858017,0.0009126268149238358
nuisance_dominant,BP,1924.491098074628,0.012472857139230274,0.0009126268153575398
nuisance_dominant,BP,1957.3000045326144,0.012472857139497806,0.0009126268156759304
nuisance_dominant,BP,1990.6682403343664,0.012472857139688787,0.0009126268159083989
nuisance_dominant,BP,2024.6053409794958,0.012472857139824168,0.0009126268160771973
nuisance_dominant,BP,2059.1210045297153,0.012472857139919448,0.0009126268161990783
nuisance_dominant,BP,2094.225094380206,0.012472857139985995,0.0009126268162865819
nuisance_dominant,BP,2129.9276420782594,0.012472857140032115,0.0009126268163490406
nuisance_dominant,BP,2166.238850189919,0.012472857140063815,0.000912626816393362
nuisance_dominant,BP,2203.1690952155477,0.012472857140085416,0.0009126268164246256
nuisance_dominant,BP,2240.7289305550667,0.012472857140100001,0.0009126268164465449
nuisance_dominant,BP,2278.9290895237596,0.012472857140109761,0.0009126268164618179
nuisance_dominant,BP,2317.7804884194848,0.012472857140116223,0.0009126268164723939
nuisance_dominant,BP,2357.2942296421747,0.01247285714012045,0.0009126268164796704
nuisance_dominant,BP,2397.4816048665425,0.01247285714012319,0.0009126268164846458
nuisance_dominant,BP,2438.3540982688264,0.01247285714012494,0.0009126268164880242
nuisance_dominant,BP,2479.923389808593,0.01247285714012604,0.0009126268164903038
nuisance_dominant,BP,2522.2013585664654,0.012472857140126727,0.0009126268164918311
nuisance_dominant,BP,2565.200086138758,0.012472857140127145,0.0009126268164928484
nuisance_dominant,BP,2608.9318600899833,0.012472857140127391,0.0009126268164935196
nuisance_dominant,BP,2653.409177464217,0.012472857140127537,0.0009126268164939609
nuisance_dominant,BP,2698.6447483563197,0.012472857140127618,0.0009126268164942481
nuisance_dominant,BP,2744.6514995440693,0.012472857140127662,0.000912626816494434
nuisance_dominant,BP,2791.4425781821587,0.012472857140127686,0.0009126268164945532
nuisance_dominant,BP,2839.0313555592247,0.012472857140127695,0.0009126268164946292
nuisance_dominant,BP,2887.431430918898,0.012472857140127701,0.0009126268164946774
nuisance_dominant,BP,2936.6566353460034,0.0124728571401277,0.0009126268164947076
nuisance_dominant,BP,2986.7210357190083,0.012472857140127696,0.0009126268164947263
nuisance_dominant,BP,3037.6389387298505,0.012472857140127695,0.0009126268164947376
nuisance_dominant,BP,3089.424894972325,0.012472857140127695,0.000912626816494745
nuisance_dominant,BP,3142.0937031001095,0.012472857140127695,0.0009126268164947495
nuisance_dominant,BP,3195.6604140557356,0.012472857140127695,0.0009126268164947522
nuisance_dominant,BP,3250.1403353716296,0.012472857140127691,0.0009126268164947536
nuisance_dominant,BP,3305.54903554448,0.012472857140127695,0.0009126268164947548
nuisance_dominant,BP,3361.9023484841796,0.012472857140127695,0.0009126268164947551
nuisance_dominant,BP,3419.2163780386104,0.012472857140127691,0.0009126268164947553
nuisance_dominant,BP,3477.507502595599,0.012472857140127691,0.0009126268164947557
nuisance_dominant,BP,3536.7923797632566,0.012472857140127695,0.0009126268164947557
nuisance_dominant,BP,3597.087951130182,0.012472857140127695,0.0009126268164947557
nuisance_dominant,BP,3658.411447106781,0.012472857140127695,0.0009126268164947559
nuisance_dominant,BP,3720.7803918491268,0.012472857140127695,0.0009126268164947559
nuisance_dominant,BP,3784.2126082667646,0.012472857140127695,0.0009126268164947559
nuisance_dominant,BP,3848.7262231158825,0.012472857140127695,0.0009126268164947559
nuisance_dominant,BP,3914.3396721793456,0.012472857140127695,0.0009126268164947559
nuisance_dominant,BP,3981.0717055349733,0.012472857140127695,0.0009126268164947559
nuisance_dominant,DFA,0.0,0.020000000000000025,1.0874203299913721e-17
nuisance_dominant,DFA,0.001,0.019999221785726124,2.4799513385527086e-08
nuisance_dominant,DFA,0.0010170480946837376,0.019999208546816315,2.5220884379820506e-08
nuisance_dominant,DFA,0.0010343868268998197,0.01999919508317597,2.5649390559821243e-08
nuisance_dominant,DFA,0.0010520211514644187,0.019999181391007127,2.6085151907356328e-08
nuisance_dominant,DFA,0.0010699561076638788,0.019999167466448167,2.6528290404060085e-08
nuisance_dominant,DFA,0.0010881968206947759,0.01999915330557284,2.697893005199322e-08
nuisance_dominant,DFA,0.0011067485031285215,0.019999138904389212,2.7437196896300694e-08
nuisance_dominant,DFA,0.0011256164564009414,0.019999124258838468,2.7903219079635042e-08
nuisance_dominant,DFA,0.0011448060723272377,0.019999109364794036,2.8377126870705133e-08
nuisance_dominant,DFA,0.0011643228346427902,0.01999909421806022,2.885905267137587e-08
nuisance_dominant,DFA,0.001184172320570217,0.019999078814371286,2.9349131092685365e-08
nuisance_dominant,DFA,0.0012043602024131594,0.019999063149390144,2.984749895339712e-08
nuisance_dominant,DFA,0.0012248922491772242,0.019999047218707298,3.035429534010331e-08
nuisance_dominant,DFA,0.0012457743282185726,0.01999903101783963,3.086966164895597e-08
nuisance_dominant,DFA,0.0012670124069206123,0.01999901454222921,3.139374156641324e-08
nuisance_dominant,DFA,0.0012886125543992652,0.019998997787241974,3.19266812021137e-08
nuisance_dominant,DFA,0.0013105809432373168,0.019998980748166667,3.246862902724836e-08
nuisance_dominant,DFA,0.0013329238512483272,0.019998963420213445,3.301973597775876e-08
nuisance_dominant,DFA,0.001355647663270621,0.0199989457985126,3.3580155477272745e-08
nuisance_dominant,DFA,0.001378758872991846,0.019998927878113356,3.4150043461460375e-08
nuisance_dominant,DFA,0.0014022640848046527,0.019998909653982457,3.472955842809776e-08
nuisance_dominant,DFA,0.0014261700156940071,0.01999889112100287,3.531886148555546e-08
nuisance_dominant,DFA,0.0014504834971566661,0.019998872273972443,3.5918116391033185e-08
nuisance_dominant,DFA,0.0014752114771533916,0.019998853107602407,3.652748957361119e-08
nuisance_dominant,DFA,0.0015003610220944376,0.019998833616516252,3.714715019599984e-08
nuisance_dominant,DFA,0.0015259393188588929,0.019998813795247955,3.777727019817425e-08
nuisance_dominant,DFA,0.0015519536768484371,0.019998793638240767,3.841802432318902e-08
nuisance_dominant,DFA,0.0015784115300761239,0.019998773139845678,3.9069590193393755e-08
nuisance_dominant,DFA,0.0016053204392907632,0.01999875229431998,3.973214829523798e-08
nuisance_dominant,DFA,0.0016326880941375313,0.019998731095825582,4.040588211458868e-08
nuisance_dominant,DFA,0.001660522315355399,0.0199987095384278,4.109097808967266e-08
nuisance_dominant,DFA,0.0016888310570120353,0.01999868761609345,4.178762572202731e-08
nuisance_dominant,DFA,0.001717622408776813,0.01999866532268951,4.249601759152336e-08
nuisance_dominant,DFA,0.0017469045982325495,0.019998642651981355,4.321634942173343e-08
nuisance_dominant,DFA,0.0017766859932266746,0.01999861959763132,4.3948820107949916e-08
nuisance_dominant,DFA,0.0018069751042624714,0.01999859615319682,4.4693631801126125e-08
nuisance_dominant,DFA,0.0018377805869310945,0.019998572312128923,4.5450989917608e-08
nuisance_dominant,DFA,0.0018691112443850306,0.019998548067770343,4.6221103206120614e-08
nuisance_dominant,DFA,0.001900976029853745,0.019998523413354088,4.70041838197488e-08
nuisance_dominant,DFA,0.0019333840492022055,0.019998498342001354,4.780044732768646e-08
nuisance_dominant,DFA,0.0019663445635330324,0.019998472846720006,4.861011280710197e-08
nuisance_dominant,DFA,0.0019998669918329963,0.019998446920402597,4.9433402867383906e-08
nuisance_dominant,DFA,0.0020339609136646444,0.01999842055582466,5.0270543713078323e-08
nuisance_dominant,DFA,0.0020686360719038206,0.01999839374564282,5.112176522111632e-08
nuisance_dominant,DFA,0.002103902375523832,0.019998366482392907,5.198730094910885e-08
nuisance_dominant,DFA,0.002139769902427103,0.019998338758488002,5.286738822903884e-08
nuisance_dominant,DFA,0.0021762489023250896,0.019998310566216534,5.376226822982956e-08
nuisance_dominant,DFA,0.002213349799667308,0.01999828189774043,5.46721859670565e-08
nuisance_dominant,DFA,0.0022510831966202675,0.019998252745092846,5.559739041689457e-08
nuisance_dominant,DFA,0.0022894598760972184,0.019998223100176474,5.653813454822381e-08
nuisance_dominant,DFA,0.0023284908048395417,0.019998192954761247,5.749467537433191e-08
nuisance_dominant,DFA,0.0023681871365506583,0.019998162300482326,5.84672740429665e-08
nuisance_dominant,DFA,0.0024085602150833835,0.019998131128838116,5.9456195860908464e-08
nuisance_dominant,DFA,0.0024496215776816056,0.019998099431187973,6.046171038844855e-08
nuisance_dominant,DFA,0.0024913829582772482,0.01999806719875003,6.148409148481174e-08
nuisance_dominant,DFA,0.002533856290843409,0.019998034422599176,6.252361736806187e-08
nuisance_dominant,DFA,0.0025770537128046917,0.01999800109366466,6.358057069716284e-08
nuisance_dominant,DFA,0.002620987568505661,0.019997967202727875,6.465523862881948e-08
nuisance_dominant,DFA,0.0026656704127384443,0.019997932740420117,6.574791287518004e-08
nuisance_dominant,DFA,0.002711115014330447,0.019997897697220234,6.685888976865388e-08
nuisance_dominant,DFA,0.0027573343597932553,0.019997862063452256,6.798847035344252e-08
nuisance_dominant,DFA,0.0028043416570337305,0.019997825829283063,6.913696044801692e-08
nuisance_dominant,DFA,0.002852150339128391,0.01999778898471989,7.030467066825153e-08
nuisance_dominant,DFA,0.0029007740681621062,0.01999775151960802,7.149191657911185e-08
nuisance_dominant,DFA,0.0029502267391322613,0.019997713423628112,7.269901867938789e-08
nuisance_dominant,DFA,0.0030005224839194824,0.019997674686293897,7.392630255035199e-08
nuisance_dominant,DFA,0.0030516756753260254,0.019997635296949437,7.517409885579916e-08
nuisance_dominant,DFA,0.003103700931183042,0.0199975952447667,7.64427434872315e-08
nuisance_dominant,DFA,0.003156613118527852,0.019997554518742904,7.77325775703121e-08
nuisance_dominant,DFA,0.0032104273578524426,0.019997513107697873,7.904394759392393e-08
nuisance_dominant,DFA,0.003265159027424373,0.019997471000271237,8.03772054569716e-08
nuisance_dominant,DFA,0.0033208237676813604,0.019997428184920004,8.173270853520246e-08
nuisance_dominant,DFA,0.0033774374857007982,0.019997384649915573,8.311081980028574e-08
nuisance_dominant,DFA,0.00343501635974543,0.019997340383340924,8.451190785038328e-08
nuisance_dominant,DFA,0.003493576843886558,0.019997295373088055,8.593634702515865e-08
nuisance_dominant,DFA,0.003553135672706045,0.01999724960685494,8.738451745510608e-08
nuisance_dominant,DFA,0.0036137098660785033,0.01999720307214267,8.885680516867195e-08
nuisance_dominant,DFA,0.0036753167340349666,0.019997155756252608,9.035360215291812e-08
nuisance_dominant,DFA,0.0037379738817095156,0.01999710764628331,9.187530644449083e-08
nuisance_dominant,DFA,0.0038016992143702377,0.01999705872912766,9.342232221682563e-08
nuisance_dominant,DFA,0.0038665109425359123,0.019997008991469823,9.499505986762712e-08
nuisance_dominant,DFA,0.003932427587179972,0.019996958419782152,9.65939360640148e-08
nuisance_dominant,DFA,0.003999467985023157,0.01999690700032209,9.821937388905361e-08
nuisance_dominant,DFA,0.004067651293916405,0.01999685471912909,9.987180286521784e-08
nuisance_dominant,DFA,0.00413699699831552,0.019996801562021386,1.0155165911264169e-07
nuisance_dominant,DFA,0.004207524914849136,0.019996747514592884,1.0325938534271822e-07
nuisance_dominant,DFA,0.004279255197981669,0.019996692562209865,1.0499543104508702e-07
nuisance_dominant,DFA,0.0043522083457727375,0.01999663669000774,1.0676025250652215e-07
nuisance_dominant,DFA,0.004426405205734824,0.01999657988288771,1.0855431291558916e-07
nuisance_dominant,DFA,0.0045018669807907795,0.019996522125513484,1.1037808248305752e-07
nuisance_dominant,DFA,0.004578615235332888,0.019996463402307867,1.1223203849702123e-07
nuisance_dominant,DFA,0.004656671901385246,0.019996403697449365,1.141166654309461e-07
nuisance_dominant,DFA,0.004736059284871162,0.019996342994868802,1.1603245502202162e-07
nuisance_dominant,DFA,0.0048168000719874355,0.019996281278245633,1.1797990639070825e-07
nuisance_dominant,DFA,0.004898917335687311,0.01999621853100475,1.199595261048991e-07
nuisance_dominant,DFA,0.004982434542273912,0.019996154736312728,1.2197182830151846e-07
nuisance_dominant,DFA,0.005067375558106122,0.019996089877074227,1.2401733474398709e-07
nuisance_dominant,DFA,0.005153764656418767,0.019996023935928565,1.2609657496925664e-07
nuisance_dominant,DFA,0.0052416265242590954,0.019995956895245866,1.2821008632234315e-07
nuisance_dominant,DFA,0.0053309862695414545,0.01999588873712351,1.303584141087206e-07
nuisance_dominant,DFA,0.005421869428222296,0.019995819443382447,1.3254211167013502e-07
nuisance_dominant,DFA,0.005514301971597493,0.019995748995563285,1.3476174046261957e-07
nuisance_dominant,DFA,0.005608310313724007,0.019995677374922798,1.370178701781356e-07
nuisance_dominant,DFA,0.0057039213189681555,0.019995604562429853,1.393110788496826e-07
nuisance_dominant,DFA,0.005801162309682508,0.019995530538761776,1.4164195292896383e-07
nuisance_dominant,DFA,0.005900061074013706,0.01999545528430032,1.4401108738283354e-07
nuisance_dominant,DFA,0.006000645873843326,0.019995378779127992,1.4641908583732852e-07
nuisance_dominant,DFA,0.0061029454528641796,0.01999530100302397,1.4886656060985154e-07
nuisance_dominant,DFA,0.006206989044794294,0.01999522193546022,1.5135413287281305e-07
nuisance_dominant,DFA,0.006312806381730868,0.019995141555597506,1.5388243272245222e-07
nuisance_dominant,DFA,0.006420427702646719,0.019995059842281452,1.5645209928109126e-07
nuisance_dominant,DFA,0.006529883762031532,0.019994976774038477,1.5906378080830242e-07
nuisance_dominant,DFA,0.006641205838680439,0.019994892329071777,1.6171813480405423e-07
nuisance_dominant,DFA,0.006754425744632454,0.019994806485257255,1.6441582810637733e-07
nuisance_dominant,DFA,0.006869575834261216,0.019994719220139456,1.6715753699293716e-07
nuisance_dominant,DFA,0.006986689013520816,0.019994630510927425,1.6994394728133365e-07
nuisance_dominant,DFA,0.007105798749349149,0.01999454033449074,1.7277575444611835e-07
nuisance_dominant,DFA,0.007226939079231637,0.019994448667355114,1.75653663709462e-07
nuisance_dominant,DFA,0.007350144620927981,0.019994355485698414,1.7857839015081825e-07
nuisance_dominant,DFA,0.007475450582364718,0.019994260765346626,1.8155065881124815e-07
nuisance_dominant,DFA,0.007602892771696472,0.019994164481769376,1.845712047829147e-07
nuisance_dominant,DFA,0.007732507607538658,0.019994066610075932,1.8764077334042853e-07
nuisance_dominant,DFA,0.00786433212937469,0.01999396712501105,1.9076012002608754e-07
nuisance_dominant,DFA,0.00799840400814063,0.019993866000950655,1.939300107498461e-07
nuisance_dominant,DFA,0.008134761556990196,0.019993763211897726,1.9715122190529282e-07
nuisance_dominant,DFA,0.008273443742243394,0.019993658731478008,2.004245404731201e-07
nuisance_dominant,DFA,0.008414490194521727,0.019993552532935905,2.037507641163867e-07
nuisance_dominant,DFA,0.008557941220073315,0.019993444589130185,2.0713070129829925e-07
nuisance_dominant,DFA,0.008703837812290985,0.019993334872529894,2.1056517135928559e-07
nuisance_dominant,DFA,0.008852221663426809,0.019993223355210046,2.1405500466174572e-07
nuisance_dominant,DFA,0.009003135176506341,0.019993110008847514,2.1760104265347749e-07
nuisance_dominant,DFA,0.00915662147744591,0.01999299480471687,2.2120413799544982e-07
nuisance_dominant,DFA,0.009312724427376552,0.01999287771368619,2.24865154666165e-07
nuisance_dominant,DFA,0.009471488635178014,0.019992758706212956,2.2858496802686034e-07
nuisance_dominant,DFA,0.009632959470226472,0.01999263775233996,2.3236446498996517e-07
nuisance_dominant,DFA,0.0097971830753595,0.01999251482169121,2.3620454407653647e-07
nuisance_dominant,DFA,0.00996420638006213,0.01999238988346779,2.4010611552059634e-07
nuisance_dominant,DFA,0.010134077113877737,0.01999226290644406,2.440701013752956e-07
nuisance_dominant,DFA,0.010306843820047417,0.019992133858963472,2.4809743562477374e-07
nuisance_dominant,DFA,0.010482555869382074,0.019992002708934663,2.521890642875518e-07
nuisance_dominant,DFA,0.01066126347437087,0.019991869423827677,2.563459455086403e-07
nuisance_dominant,DFA,0.010843017703530211,0.019991733970669973,2.6056904964531433e-07
nuisance_dominant,DFA,0.011027870495997438,0.019991596316042765,2.6485935941425105e-07
nuisance_dominant,DFA,0.011215874676373193,0.019991456426077157,2.692178699418755e-07
nuisance_dominant,DFA,0.011407083969816937,0.01999131426645061,2.736455889037008e-07
nuisance_dominant,DFA,0.011601553017399714,0.019991169802383277,2.7814353659317076e-07
nuisance_dominant,DFA,0.011799337391718746,0.019991022998634447,2.8271274606632885e-07
nuisance_dominant,DFA,0.012000493612778126,0.019990873819499242,2.8735426318760604e-07
nuisance_dominant,DFA,0.01220507916414035,0.019990722228805078,2.920691467680735e-07
nuisance_dominant,DFA,0.012413152509353128,0.019990568189908554,2.9685846866716553e-07
nuisance_dominant,DFA,0.012624773108656248,0.019990411665692213,3.017233138776927e-07
nuisance_dominant,DFA,0.012840001435973322,0.019990252618561515,3.06664780628643e-07
nuisance_dominant,DFA,0.013058898996193115,0.019990091010441892,3.1168398049953263e-07
nuisance_dominant,DFA,0.013281528342745581,0.019989926802775917,3.167820385123082e-07
nuisance_dominant,DFA,0.013507953095477445,0.019989759956520615,3.219600932493699e-07
nuisance_dominant,DFA,0.01373823795883263,0.019989590432144932,3.2721929693430913e-07
nuisance_dominant,DFA,0.01397244874034252,0.019989418189627198,3.325608155640801e-07
nuisance_dominant,DFA,0.014210652369431549,0.019989243188453094,3.379858289699618e-07
nuisance_dominant,DFA,0.01445291691654329,0.01998906538761324,3.43495530997949e-07
nuisance_dominant,DFA,0.014699311612592705,0.019988884745601627,3.490911295610051e-07
nuisance_dominant,DFA,0.014949906868749948,0.01998870122041344,3.5477384675469245e-07
nuisance_dominant,DFA,0.015204774296561448,0.019988514769543886,3.6054491898936606e-07
nuisance_dominant,DFA,0.015463986728414087,0.019988325349986593,3.664055971041193e-07
nuisance_dominant,DFA,0.015727618238348142,0.01998813291823245,3.723571464665096e-07
nuisance_dominant,DFA,0.01599574416322518,0.019987937430268794,3.7840084712101613e-07
nuisance_dominant,DFA,0.01626844112425668,0.019987738841578617,3.845379938844168e-07
nuisance_dominant,DFA,0.016545787048899814,0.01998753710714011,3.9076989650665084e-07
nuisance_dominant,DFA,0.01682786119312641,0.019987332181426405,3.970978797717841e-07
nuisance_dominant,DFA,0.01711474416407161,0.019987124018405775,4.035232836610724e-07
nuisance_dominant,DFA,0.01740651794306865,0.01998691257154184,4.1004746347899894e-07
nuisance_dominant,DFA,0.017703265909076255,0.019986697793794188,4.1667179000785027e-07
nuisance_dominant,DFA,0.018005072862505567,0.019986479637619403,4.233976496825095e-07
nuisance_dominant,DFA,0.01831202504945315,0.019986258054972304,4.3022644470744724e-07
nuisance_dominant,DFA,0.0186242101863472,0.019986032997307546,4.3715959327921307e-07
nuisance_dominant,DFA,0.018941717485013866,0.019985804415581423,4.4419852973331547e-07
nuisance_dominant,DFA,0.01926463767817099,0.01998557226025447,4.513447047342633e-07
nuisance_dominant,DFA,0.019593063045356338,0.019985336481293935,4.5859958549237916e-07
nuisance_dominant,DFA,0.01992708743929801,0.019985097028176968,4.65964655971465e-07
nuisance_dominant,DFA,0.02026680631273427,0.019984853849894145,4.7344141709123597e-07
nuisance_dominant,DFA,0.020612316745690726,0.019984606894953523,4.810313869844005e-07
nuisance_dominant,DFA,0.02096371747322245,0.019984356111384813,4.887361012407455e-07
nuisance_dominant,DFA,0.02132110891362906,0.019984101446744635,4.965571131723768e-07
nuisance_dominant,DFA,0.021684593197150888,0.019983842848121585,5.044959941121531e-07
nuisance_dominant,DFA,0.022054274195154235,0.01998358026214237,5.125543337052675e-07
nuisance_dominant,DFA,0.022430257549814335,0.019983313634978152,5.207337402382697e-07
nuisance_dominant,DFA,0.022812650704304178,0.01998304291235172,5.290358409735295e-07
nuisance_dominant,DFA,0.02320156293349819,0.01998276803954483,5.3746228254007e-07
nuisance_dominant,DFA,0.02359710537519915,0.019982488961406676,5.460147313261664e-07
nuisance_dominant,DFA,0.023999391061897666,0.019982205622362616,5.546948738837797e-07
nuisance_dominant,DFA,0.024408534953072943,0.019981917966423703,5.63504417419528e-07
nuisance_dominant,DFA,0.024824653968044234,0.019981625937196885,5.724450902562183e-07
nuisance_dominant,DFA,0.025247867019382475,0.019981329477895944,5.815186423574494e-07
nuisance_dominant,DFA,0.025678295046891307,0.019981028531353008,5.907268458828807e-07
nuisance_dominant,DFA,0.026116061052167662,0.019980723040031192,6.000714958377886e-07
nuisance_dominant,DFA,0.026561290133751272,0.019980412946037647,6.095544106408894e-07
nuisance_dominant,DFA,0.02701410952287369,0.019980098191137594,6.191774328970545e-07
nuisance_dominant,DFA,0.02747464861981648,0.019979778716769404,6.289424300639462e-07
nuisance_dominant,DFA,0.02794303903088952,0.019979454464060235,6.388512953246641e-07
nuisance_dominant,DFA,0.028419414606039497,0.019979125373842853,6.489059483832313e-07
nuisance_dominant,DFA,0.02890391147709964,0.01997879138667325,6.591083364071878e-07
nuisance_dominant,DFA,0.029396668096691603,0.019978452442849383,6.694604350259721e-07
nuisance_dominant,DFA,0.029897825277790394,0.019978108482431027,6.799642493608998e-07
nuisance_dominant,DFA,0.030407526233964005,0.019977759445260358,6.906218151867042e-07
nuisance_dominant,DFA,0.03092591662029884,0.019977405270983926,7.014352001145072e-07
nuisance_dominant,DFA,0.03145314457502307,0.019977045899075903,7.124065049170728e-07
nuisance_dominant,DFA,0.031989360761839336,0.019976681268862068,7.235378649232616e-07
nuisance_dominant,DFA,0.03253471841297941,0.019976311319545553,7.348314515007711e-07
nuisance_dominant,DFA,0.03308937337299261,0.019975935990233493,7.462894736807893e-07
nuisance_dominant,DFA,0.03365348414328091,0.019975555219965076,7.579141798499763e-07
nuisance_dominant,DFA,0.034227211927393225,0.019975168947741175,7.697078595856218e-07
nuisance_dominant,DFA,0.03481072067709176,0.019974777112555138,7.816728456671898e-07
nuisance_dominant,DFA,0.03540417713920396,0.019974379653425224,7.938115161005084e-07
nuisance_dominant,DFA,0.036007750903272906,0.019973976509428334,8.061262964508255e-07
nuisance_dominant,DFA,0.036621614450020344,0.019973567619735667,8.186196621911088e-07
nuisance_dominant,DFA,0.0372459432006356,0.019973152923649644,8.312941412996088e-07
nuisance_dominant,DFA,0.03788091556690515,0.019972732360642773,8.441523169972661e-07
nuisance_dominant,DFA,0.03852671300219639,0.019972305870398034,8.571968306720898e-07
nuisance_dominant,DFA,0.039183520053311,0.019971873392851287,8.704303850440066e-07
nuisance_dominant,DFA,0.03985152441322198,0.019971434868235244,8.838557474644928e-07
nuisance_dominant,DFA,0.04053091697470985,0.019970990237125695,8.97475753526545e-07
nuisance_dominant,DFA,0.0412218918849134,0.019970539440489397,9.11293310833865e-07
nuisance_dominant,DFA,0.04192464660081018,0.01997008241973418,9.253114030803091e-07
nuisance_dominant,DFA,0.04263938194564303,0.01996961911676115,9.395330943664412e-07
nuisance_dominant,DFA,0.04336630216630838,0.01996914947401892,9.539615337837016e-07
nuisance_dominant,DFA,0.04410561499172318,0.019968673434560266,9.685999603537798e-07
nuisance_dominant,DFA,0.04485753169218653,0.01996819094210104,9.834517082033495e-07
nuisance_dominant,DFA,0.04562226713975368,0.019967701941081297,9.985202121646654e-07
nuisance_dominant,DFA,0.04640003986963895,0.019967206376729208,1.0138090136382822e-06
nuisance_dominant,DFA,0.04719107214266573,0.019966704195127125,1.0293217668969694e-06
nuisance_dominant,DFA,0.04799559000878098,0.019966195343280542,1.0450622457336217e-06
nuisance_dominant,DFA,0.04881382337165251,0.01996567976918968,1.0610343505610837e-06
nuisance_dominant,DFA,0.049646006054367676,0.01996515742192372,1.0772421159374709e-06
nuisance_dominant,DFA,0.05049237586625192,0.019964628251698025,1.0936897185271749e-06
nuisance_dominant,DFA,0.05135317467082665,0.01996409220995423,1.1103814855868787e-06
nuisance_dominant,DFA,0.05222864845492539,0.019963549249443442,1.1273219039311917e-06
nuisance_dominant,DFA,0.0531190473989886,0.01996299932431232,1.1445156294431728e-06
nuisance_dominant,DFA,0.054024625948556476,0.01996244239019269,1.1619674971457005e-06
nuisance_dominant,DFA,0.05494564288698094,0.019961878404294236,1.1796825318772095e-06
nuisance_dominant,DFA,0.055882361409377024,0.019961307325500523,1.1976659595731839e-06
nuisance_dominant,DFA,0.0568350491978349,0.019960729114468747,1.2159232191768276e-06
nuisance_dominant,DFA,0.05780397849791447,0.019960143733732852,1.2344599752860457e-06
nuisance_dominant,DFA,0.05878942619644362,0.019959551147810426,1.2532821314441786e-06
nuisance_dominant,DFA,0.05979167390064319,0.019958951323313205,1.2723958442332998e-06
nuisance_dominant,DFA,0.06081100801860048,0.019958344229061866,1.2918075381173307e-06
nuisance_dominant,DFA,0.06184771984111511,0.019957729836204283,1.3115239210799139e-06
nuisance_dominant,DFA,0.06290210562493968,0.01995710811833833,1.3315520011150164e-06
nuisance_dominant,DFA,0.06397446667744011,0.019956479051638464,1.35189910363027e-06
nuisance_dominant,DFA,0.0650651094426987,0.01995584261498712,1.3725728897202656e-06
nuisance_dominant,DFA,0.06617434558908554,0.019955198790110106,1.3935813753954094e-06
nuisance_dominant,DFA,0.06730249209832263,0.019954547561716617,1.4149329518129138e-06
nuisance_dominant,DFA,0.06844987135606631,0.019953888917644054,1.4366364065186845e-06
nuisance_dominant,DFA,0.06961681124403418,0.019953222849007534,1.4587009457165999e-06
nuisance_dominant,DFA,0.07080364523370232,0.01995254935035418,1.481136217681365e-06
nuisance_dominant,DFA,0.07201071248160025,0.01995186841982257,1.5039523372177302e-06
nuisance_dominant,DFA,0.07323835792622993,0.019951180059307193,1.5271599113541507e-06
nuisance_dominant,DFA,0.07448693238663776,0.019950484274628172,1.550770066170448e-06
nuisance_dominant,DFA,0.07575679266266629,0.019949781075706396,1.5747944748299616e-06
nuisance_dominant,DFA,0.07704830163691566,0.019949070476744147,1.599245386920628e-06
nuisance_dominant,DFA,0.07836182837844297,0.01994835249641115,1.6241356589933803e-06
nuisance_dominant,DFA,0.07969774824822941,0.019947627158036715,1.6494787864531213e-06
nuisance_dominant,DFA,0.0810564430064459,0.019946894489807413,1.675288936742812e-06
nuisance_dominant,DFA,0.08243830092154673,0.019946154524970772,1.7015809838359227e-06
nuisance_dominant,DFA,0.0838437168812237,0.01994540730204551,1.728370544127959e-06
nuisance_dominant,DFA,0.08527309250525125,0.019944652865037143,1.7556740136818285e-06
nuisance_dominant,DFA,0.08672683626025589,0.019943891263661164,1.78350860680235e-06
nuisance_dominant,DFA,0.0882053635764417,0.019943122553571422,1.8118923959962732e-06
nuisance_dominant,DFA,0.08970909696630631,0.0199423467965961,1.8408443533274304e-06
nuisance_dominant,DFA,0.0912384661453805,0.019941564060980056,1.8703843930935975e-06
nuisance_dominant,DFA,0.09279390815502589,0.01994077442163393,1.9005334158681144e-06
nuisance_dominant,DFA,0.09437586748732682,0.019939977960390542,1.9313133538426018e-06
nuisance_dominant,DFA,0.09598479621211059,0.01993917476626818,1.962747217464108e-06
nuisance_dominant,DFA,0.09762115410613391,0.019938364935741165,1.9948591433490774e-06
nuisance_dominant,DFA,0.09928540878447097,0.01993754857301787,2.027674443408925e-06
nuisance_dominant,DFA,0.10097803583414221,0.019936725790326192,2.0612196550832075e-06
nuisance_dominant,DFA,0.10269951895002051,0.019935896708206464,2.0955225927745154e-06
nuisance_dominant,DFA,0.10445035007305466,0.019935061455812364,2.1306124002285228e-06
nuisance_dominant,DFA,0.10623102953084963,0.019934220171219312,2.166519603922689e-06
nuisance_dominant,DFA,0.10804206618064248,0.019933373001741157,2.203276167350785e-06
nuisance_dominant,DFA,0.10988397755471659,0.019932520104254343,2.2409155460199966e-06
nuisance_dominant,DFA,0.1117572900082951,0.019931661645531028,2.279472743220578e-06
nuisance_dominant,DFA,0.11366253886995442,0.019930797802579506,2.318984366312263e-06
nuisance_dominant,DFA,0.11560026859460341,0.01992992876299362,2.35948868352307e-06
nuisance_dominant,DFA,0.11757103291906959,0.019929054725310223,2.401025681033226e-06
nuisance_dominant,DFA,0.11957539502033872,0.01992817589937523,2.4436371203412126e-06
nuisance_dominant,DFA,0.12161392767649076,0.019927292506718312,2.4873665956595724e-06
nuisance_dominant,DFA,0.12368721343038079,0.019926404780935762,2.532259591256693e-06
nuisance_dominant,DFA,0.12579584475610944,0.019925512968082728,2.578363538671258e-06
nuisance_dominant,DFA,0.12794042422833235,0.019924617327073495,2.6257278734844485e-06
nuisance_dominant,DFA,0.13012156469445452,0.019923718130090917,2.674404091693814e-06
nuisance_dominant,DFA,0.13233988944976152,0.019922815663004516,2.7244458054329674e-06
nuisance_dominant,DFA,0.13459603241553642,0.019921910225797375,2.775908797922773e-06
nuisance_dominant,DFA,0.1368906383202119,0.01992100213300182,2.828851077517211e-06
nuisance_dominant,DFA,0.13922436288361215,0.01992009171414397,2.883332930773704e-06
nuisance_dominant,DFA,0.14159787300433485,0.01991917931419718,2.9394169742725334e-06
nuisance_dominant,DFA,0.14401184695032862,0.019918265294044068,2.9971682052574307e-06
nuisance_dominant,DFA,0.14646697455271773,0.019917350030947342,3.056654050824482e-06
nuisance_dominant,DFA,0.1489639574029329,0.019916433919029496,3.1179444157310857e-06
nuisance_dominant,DFA,0.15150350905320234,0.01991551736976076,3.1811117285598376e-06
nuisance_dominant,DFA,0.15408635522045983,0.01991460081245595,3.246230986341768e-06
nuisance_dominant,DFA,0.15671323399373024,0.0199136846947796,3.313379797481455e-06
nuisance_dominant,DFA,0.15938489604504993,0.01991276948325922,3.3826384229948316e-06
nuisance_dominant,DFA,0.1621021048439836,0.019911855663807026,3.4540898160418405e-06
nuisance_dominant,DFA,0.164865636875797,0.019910943742249578,3.5278196597460698e-06
nuisance_dominant,DFA,0.16767628186335026,0.01991003424486503,3.6039164032945225e-06
nuisance_dominant,DFA,0.17053484299277355,0.019909127718928395,3.682471296447566e-06
nuisance_dominant,DFA,0.1734421371429907,0.019908224733263806,3.7635784223714084e-06
nuisance_dominant,DFA,0.1763989951191542,0.01990732587880425,3.8473347290145026e-06
nuisance_dominant,DFA,0.1794062618900615,0.019906431769158073,3.9338400589911105e-06
nuisance_dominant,DFA,0.1824647968296187,0.0199055430411818,4.023197178135961e-06
nuisance_dominant,DFA,0.18557547396241897,0.01990466035555976,4.1155118028269736e-06
nuisance_dominant,DFA,0.18873918221350977,0.019903784397388984,4.210892626222287e-06
nuisance_dominant,DFA,0.19195682566241667,0.01990291587677002,4.309451343481756e-06
nuisance_dominant,DFA,0.19522932380149927,0.019902055529402614,4.411302676165748e-06
nuisance_dominant,DFA,0.1985576117987093,0.019901204117186103,4.516564395949437e-06
nuisance_dominant,DFA,0.20194264076483048,0.01990036242882393,4.625357347747083e-06
nuisance_dominant,DFA,0.2053853780252731,0.019899531280431697,4.73780547249404e-06
nuisance_dominant,DFA,0.2088868073965032,0.01989871151614843,4.854035829541471e-06
nuisance_dominant,DFA,0.21244792946718244,0.019897904008749974,4.974178619029636e-06
nuisance_dominant,DFA,0.21606976188410273,0.01989710966026468,5.0983672041556264e-06
nuisance_dominant,DFA,0.21975333964299557,0.01989632940258988,5.226738133582788e-06
nuisance_dominant,DFA,0.2234997153842969,0.01989556419810886,5.359431164059767e-06
nuisance_dominant,DFA,0.2273099596939568,0.019894815040307427,5.496589283274212e-06
nuisance_dominant,DFA,0.2311851614093757,0.019894082954389596,5.6383587331582006e-06
nuisance_dominant,DFA,0.23512642793055788,0.019893368997890935,5.784889033512866e-06
nuisance_dominant,DFA,0.23913488553656703,0.019892674261289208,5.936333006180043e-06
nuisance_dominant,DFA,0.24321167970737892,0.019891999868611086,6.092846799638273e-06
nuisance_dominant,DFA,0.24735797545122115,0.019891346978034057,6.25458991411181e-06
nuisance_dominant,DFA,0.2515749576374912,0.01989071678248234,6.42172522711736e-06
nuisance_dominant,DFA,0.25586383133535245,0.01989011051021586,6.594419019485541e-06
nuisance_dominant,DFA,0.26022582215810114,0.019889529425411043,6.7728410016966835e-06
nuisance_dominant,DFA,0.26466217661340585,0.019888974828732132,6.9571643405574916e-06
nuisance_dominant,DFA,0.2691741624595153,0.01988844805789209,7.1475656860801685e-06
nuisance_dominant,DFA,0.2737630690675409,0.019887950488201172,7.344225198445515e-06
nuisance_dominant,DFA,0.2784302077899146,0.019887483533102473,7.547326574977415e-06
nuisance_dominant,DFA,0.2831769123351298,0.019887048644692387,7.757057076904438e-06
nuisance_dominant,DFA,0.28800453914886753,0.019886647314225063,7.973607555856529e-06
nuisance_dominant,DFA,0.29291446780162333,0.019886281072598624,8.197172479842191e-06
nuisance_dominant,DFA,0.297908101382942,0.01988595149082218,8.427949958601688e-06
nuisance_dominant,DFA,0.3029868669023709,0.01988566018046157,8.666141768089772e-06
nuisance_dominant,DFA,0.3081522156972515,0.01988540879406213,8.911953373944514e-06
nuisance_dominant,DFA,0.31340562384746146,0.019885199025546717,9.165593953661095e-06
nuisance_dominant,DFA,0.3187485925972288,0.01988503261058721,9.427276417404434e-06
nuisance_dominant,DFA,0.32418264878413444,0.01988491132694736,9.697217427062722e-06
nuisance_dominant,DFA,0.3297093452754312,0.01988483699479524,9.975637413498997e-06
nuisance_dominant,DFA,0.33533026141179956,0.019884811476982855,1.0262760591579267e-05
nuisance_dominant,DFA,0.3410470034586704,0.019884836679291265,1.0558814973037788e-05
nuisance_dominant,DFA,0.34686120506523876,0.01988491455063866,1.0864032376641523e-05
nuisance_dominant,DFA,0.3527745277313059,0.01988504708324949,1.1178648435627562e-05
nuisance_dominant,DFA,0.35878866128208003,0.019885236312781746,1.1502902602164667e-05
nuisance_dominant,DFA,0.36490532435106837,0.01988548431841105,1.183703814854528e-05
nuisance_dominant,DFA,0.37112626487120537,0.019885793222867924,1.2181302164950254e-05
nuisance_dominant,DFA,0.37745326057435113,0.01988616519242686,1.2535945553553063e-05
nuisance_dominant,DFA,0.3838881194993082,0.019886602436844023,1.2901223018712747e-05
nuisance_dominant,DFA,0.39043268050849433,0.019887107209241195,1.3277393053132464e-05
nuisance_dominant,DFA,0.3970888138134286,0.01988768180593346,1.3664717919667887e-05
nuisance_dominant,DFA,0.40385842150917256,0.01988832856619782,1.4063463628644388e-05
nuisance_dominant,DFA,0.4107434381178857,0.0198890498719802,1.4473899910521725e-05
nuisance_dominant,DFA,0.4177458311416433,0.01988984814753809,1.489630018361944e-05
nuisance_dominant,DFA,0.4248676016246823,0.01989072585901578,1.5330941516796785e-05
nuisance_dominant,DFA,0.43211078472523234,0.01989168551395017,1.5778104586895622e-05
nuisance_dominant,DFA,0.43947745029709223,0.019892729660703094,1.6238073630750662e-05
nuisance_dominant,DFA,0.44696970348112464,0.019893860887818887,1.671113639161256e-05
nuisance_dominant,DFA,0.4545896853068325,0.019895081823303018,1.7197584059907092e-05
nuisance_dominant,DFA,0.46233957330419384,0.019896395133819772,1.7697711207999723e-05
nuisance_dominant,DFA,0.4702215821259226,0.01989780352380571,1.8211815719047927e-05
nuisance_dominant,DFA,0.4782379641803417,0.019899309734496544,1.8740198709683463e-05
nuisance_dominant,DFA,0.48639101027504605,0.01990091654286391,1.9283164446420143e-05
nuisance_dominant,DFA,0.4946830502715338,0.019902626760460236,1.9841020255733125e-05
nuisance_dominant,DFA,0.503116453751003,0.01990444323216788,2.0414076427649607e-05
nuisance_dominant,DFA,0.5116936306914959,0.019906368834850786,2.100264611285547e-05
nuisance_dominant,DFA,0.52041703215659,0.019908406475905305,2.1607045213115293e-05
nuisance_dominant,DFA,0.5292891509958252,0.019910559091708004,2.222759226513392e-05
nuisance_dominant,DFA,0.5383125225570771,0.019912829645957798,2.2864608317628068e-05
nuisance_dominant,DFA,0.5474897254110712,0.019915221127909805,2.3518416801714715e-05
nuisance_dominant,DFA,0.5568233820882527,0.01991773655049898,2.418934339450805e-05
nuisance_dominant,DFA,0.5663161598282122,0.019920378948350775,2.4877715876047737e-05
nuisance_dominant,DFA,0.5759707713418936,0.019923151375676917,2.558386397942499e-05
nuisance_dominant,DFA,0.5857899755867956,0.019926056904054655,2.6308119234251846e-05
nuisance_dominant,DFA,0.5957765785553836,0.019929098620086703,2.7050814803496186e-05
nuisance_dominant,DFA,0.6059334340769489,0.019932279622941196,2.7812285313739395e-05
nuisance_dominant,DFA,0.6162634446331343,0.019935603021769176,2.8592866678963534e-05
nuisance_dominant,DFA,0.6267695621873663,0.019939071932998993,2.9392895917940607e-05
nuisance_dominant,DFA,0.6374547890284212,0.01994268947750586,3.0212710965430823e-05
nuisance_dominant,DFA,0.6483221786283797,0.019946458777655808,3.105265047721241e-05
nuisance_dominant,DFA,0.6593748365152027,0.019950382954223238,3.1913053629228856e-05
nuisance_dominant,DFA,0.6706159211601879,0.01995446512318164,3.279425991097608e-05
nuisance_dominant,DFA,0.6820486448805486,0.01995870839236697,3.369660891335245e-05
nuisance_dominant,DFA,0.6936762747573865,0.019963115858013716,3.462044011119905e-05
nuisance_dominant,DFA,0.7055021335693127,0.01996769060116393,3.556609264079517e-05
nuisance_dominant,DFA,0.7175296007419812,0.019972435683949824,3.653390507253823e-05
nuisance_dominant,DFA,0.7297621133138149,0.01997735414575053,3.752421517914993e-05
nuisance_dominant,DFA,0.7422031669181925,0.019982448999224182,3.85373596996995e-05
nuisance_dominant,DFA,0.7548563167823837,0.019987723226217308,3.957367409976038e-05
nuisance_dominant,DFA,0.7677251787435072,0.019993179773552354,4.0633492328093145e-05
nuisance_dominant,DFA,0.780813430281815,0.019998821548696293,4.171714657015395e-05
nuisance_dominant,DFA,0.7941248115715934,0.02000465141531256,4.2824966998947884e-05
nuisance_dominant,DFA,0.8076631265499712,0.020010672188699216,4.3957281523459966e-05
nuisance_dominant,DFA,0.8214322440039585,0.020016886631116483,4.5114415535280964e-05
nuisance_dominant,DFA,0.8354360986760122,0.02002329744700747,4.629669165369153e-05
nuisance_dominant,DFA,0.8496786923884532,0.020029907278116228,4.7504429469787625e-05
nuisance_dominant,DFA,0.8641640951870458,0.020036718698507233,4.873794529007232e-05
nuisance_dominant,DFA,0.878896446504081,0.020043734209491647,4.999755187997928e-05
nuisance_dominant,DFA,0.8938799563412821,0.02005095623446535,5.128355820784909e-05
nuisance_dominant,DFA,0.9091189064728835,0.020058387113664592,5.259626918982042e-05
nuisance_dominant,DFA,0.9246176516692093,0.02006602909884541,5.393598543619467e-05
nuisance_dominant,DFA,0.9403806209411201,0.020073884347893377,5.530300299974036e-05
nuisance_dominant,DFA,0.9564123188056762,0.02008195491937069,5.669761312640511e-05
nuisance_dominant,DFA,0.9727173265733684,0.020090242767008205,5.8120102009113144e-05
nuisance_dominant,DFA,0.9893003036573033,0.020098749734149934,5.957075054490225e-05
nuisance_dominant,DFA,1.0061659889047023,0.020107477548158625,6.10498340961307e-05
nuisance_dominant,DFA,1.023319201951106,0.020116427814790873,6.255762225608579e-05
nuisance_dominant,DFA,1.0407648445976552,0.020125602012551064,6.409437861954144e-05
nuisance_dominant,DFA,1.0585079022118615,0.020135001487033347,6.566036055869768e-05
nuisance_dominant,DFA,1.0765534451522527,0.020144627445261753,6.725581900497418e-05
nuisance_dominant,DFA,1.094906630217312,0.020154480950038477,6.88809982370031e-05
nuisance_dominant,DFA,1.1135727021191089,0.020164562914310923,7.053613567528304e-05
nuisance_dominant,DFA,1.1325569949820598,0.02017487409556828,7.222146168380905e-05
nuisance_dominant,DFA,1.1518649338672433,0.02018541509027902,7.393719937899918e-05
nuisance_dominant,DFA,1.1715020363226891,0.02019618632838042,7.568356444625424e-05
nuisance_dominant,DFA,1.1914739139601096,0.020207188067831967,7.746076496433495e-05
nuisance_dominant,DFA,1.2117862740585037,0.020218420389244457,7.926900123775568e-05
nuisance_dominant,DFA,1.2324449211951067,0.020229883190596896,8.110846563742351e-05
nuisance_dominant,DFA,1.2534557589041324,0.020241576182053172,8.297934244949059e-05
nuisance_dominant,DFA,1.2748247913638062,0.020253498880891285,8.488180773263623e-05
nuisance_dominant,DFA,1.296558125112151,0.020265650606556992,8.681602918354016e-05
nuisance_dominant,DFA,1.3186619707920322,0.020278030475854462,8.878216601069359e-05
nuisance_dominant,DFA,1.3411426449259387,0.02029063739828666,9.078036881626203e-05
nuisance_dominant,DFA,1.364006571721033,0.02030347007155719,9.281077948580122e-05
nuisance_dominant,DFA,1.3872602849049733,0.02031652697724639,9.487353108563589e-05
nuisance_dominant,DFA,1.4109104295930222,0.020329806376673625,9.696874776739915e-05
nuisance_dominant,DFA,1.4349637641869968,0.02034330630695736,9.909654467948375e-05
nuisance_dominant,DFA,1.4594271623065878,0.020357024577285217,0.0001012570278847837
nuisance_dominant,DFA,1.484307614753609,0.02037095876540499,0.00010345029428412588
nuisance_dominant,DFA,1.5096122315097211,0.020385106214347727,0.00010567643154489296
nuisance_dominant,DFA,1.5353482437682255,0.020399464029393615,0.00010793551803393667
nuisance_dominant,DFA,1.5615230060004965,0.02041402907529069,0.00011022762275412816
nuisance_dominant,DFA,1.5881439980576275,0.020428797973736194,0.00011255280528353964
nuisance_dominant,DFA,1.6152188273079233,0.020443767101129613,0.00011491111571644412
nuisance_dominant,DFA,1.6427552308108229,0.02045893258660601,0.00011730259460499111
nuisance_dominant,DFA,1.6707610775278907,0.020474290310357426,0.0001197272729006003
nuisance_dominant,DFA,1.6992443705714897,0.020489835902249575,0.00012218517189385787
nuisance_dominant,DFA,1.7282132494918006,0.020505564740740494,0.00012467630315170415
nuisance_dominant,DFA,1.7576759926028247,0.020521471952106452,0.00012720066845076588
nuisance_dominant,DFA,1.78764101934805,0.02053755240998025,0.00012975825970544235
nuisance_dominant,DFA,1.8181168927064288,0.02055380073520576,0.0001323490588894512
nuisance_dominant,DFA,1.8491123216393888,0.02057021129601184,0.00013497303794947945
nuisance_dominant,DFA,1.880636163579563,0.020586778208507538,0.00013763015870955518
nuisance_dominant,DFA,1.9126974269619283,0.0206034953375003,0.00014032037276472307
nuisance_dominant,DFA,1.9453052737981165,0.02062035629763671,0.00014304362136268193
nuisance_dominant,DFA,1.9784690222945986,0.020637354454865482,0.0001457998352718875
nuisance_dominant,DFA,2.012198149515519,0.02065448292822051,0.0001485889346348857
nuisance_dominant,DFA,2.046502294090901,0.02067173459192128,0.00015141082880537192
nuisance_dominant,DFA,2.0813912589710486,0.020689102077786663,0.00015426541616782655
nuisance_dominant,DFA,2.1168750142278885,0.02070657777795718,0.0001571525839383352
nuisance_dominant,DFA,2.152963699904084,0.02072415384791959,0.00016007220794552962
nuisance_dominant,DFA,2.1896676289106987,0.020741822209826802,0.00016302415239043212
nuisance_dominant,DFA,2.2269972899742814,0.020759574556105182,0.00016600826958429525
nuisance_dominant,DFA,2.26496335063419,0.02077740235333997,0.00016902439966340406
nuisance_dominant,DFA,2.303576660290997,0.020795296846428918,0.0001720723702802293
nuisance_dominant,DFA,2.3428482533068857,0.020813249062993085,0.0001751519962700311
nuisance_dominant,DFA,2.3827893521588885,0.02083124981803281,0.00017826307929270826
nuisance_dominant,DFA,2.4234113706458946,0.020849289718816503,0.00018140540744921083
nuisance_dominant,DFA,2.464725917150312,0.020867359169988067,0.00018457875487264626
nuisance_dominant,DFA,2.50674479795535,0.020885448378879158,0.0001877828812938726
nuisance_dominant,DFA,2.5494800206188595,0.020903547361011014,0.00019101753158183484
nuisance_dominant,DFA,2.592943797404667,0.020921645945770315,0.00019428243525919486
nuisance_dominant,DFA,2.6371485487724318,0.020939733782242703,0.00019757730599357913
nuisance_dominant,DFA,2.6821069069269825,0.02095780034518734,0.0002009018410656843
nuisance_dominant,DFA,2.7278317194281803,0.02097583494113562,0.00020425572081491497
nuisance_dominant,DFA,2.7743360528622945,0.020993826714596063,0.00020763860806426662
nuisance_dominant,DFA,2.8216331965759975,0.021011764654348418,0.00021105014752570653
nuisance_dominant,DFA,2.8697366664739996,0.021029637599808432,0.00021448996518809134
nuisance_dominant,DFA,2.9186602088814415,0.021047434247446213,0.00021795766768957915
nuisance_dominant,DFA,2.96841780447211,0.021065143157239487,0.00022145284167690536
nuisance_dominant,DFA,3.0190236722636397,0.021082752759145045,0.00022497505315404142
nuisance_dominant,DFA,3.070492273680835,0.02110025135956998,0.0002285238468232096
nuisance_dominant,DFA,3.1228383166882305,0.021117627147826445,0.00023209874542108567
nuisance_dominant,DFA,3.176076759993135,0.02113486820255276,0.00023569924905370653
nuisance_dominant,DFA,3.2302228173203136,0.021151962498085035,0.00023932483453355973
nuisance_dominant,DFA,3.2852919617595595,0.021168897910763672,0.0002429749547225191
nuisance_dominant,DFA,3.3412999301873585,0.02118566222516029,0.0002466490378846949
nuisance_dominant,DFA,3.3982627277639583,0.021202243140210804,0.00025034648705332956
nuisance_dominant,DFA,3.456196632507091,0.021218628275242013,0.00025406667941599406
nuisance_dominant,DFA,3.5151181999436867,0.021234805175879758,0.00025780896572273035
nuisance_dominant,DFA,3.575044267840856,0.021250761319827404,0.00026157266972154304
nuisance_dominant,DFA,3.6359919610175564,0.021266484122505407,0.00026535708762623724
nuisance_dominant,DFA,3.6979786962382923,0.021281960942543303,0.00026916148762122147
nuisance_dominant,DFA,3.7610221871902074,0.021297179087117115,0.0002729851094083314
nuisance_dominant,DFA,3.8251404495450636,0.021312125817126062,0.00027682716380057624
nuisance_dominant,DFA,3.8903518061074984,0.021326788352204726,0.00028068683236777463
nuisance_dominant,DFA,3.9566748920510686,0.021341153875567558,0.0002845632671390505
nuisance_dominant,DFA,4.024128660243522,0.02135520953868398,0.0002884555903671471
nuisance_dominant,DFA,4.092732386662896,0.021368942465785065,0.00029236289435939026
nuisance_dominant,DFA,4.16250567590592,0.021382339758202255,0.00029628424138001007
nuisance_dominant,DFA,4.233468466790359,0.02139538849854261,0.0003002186636285725
nuisance_dominant,DFA,4.305641038052818,0.021408075754704194,0.00030416516329890187
nuisance_dominant,DFA,4.379044014143725,0.02142038858373837,0.00030812271272279184
nuisance_dominant,DFA,4.453698371121101,0.021432314035566852,0.0003120902546026199
nuisance_dominant,DFA,4.5296254426447815,0.021443839156562033,0.0003160667023366243
nuisance_dominant,DFA,4.606846926072856,0.021454950993001664,0.0003200509404404701
nuisance_dominant,DFA,4.685384888662027,0.021465636594409882,0.0003240418250682198
nuisance_dominant,DFA,4.76526177387369,0.02147588301679681,0.0003280381846357772
nuisance_dominant,DFA,4.846500407787484,0.02148567732581225,0.0003320388205492022
nuisance_dominant,DFA,4.929124005624213,0.021495006599827858,0.0003360425080402305
nuisance_dominant,DFA,5.013156178379978,0.02150385793296459,0.0003400479971106217
nuisance_dominant,DFA,5.0986209395733635,0.021512218438082875,0.0003440540135867812
nuisance_dominant,DFA,5.185542712107698,0.021520075249752642,0.00034805926028556557
nuisance_dominant,DFA,5.27394633525027,0.021527415527223003,0.0003520624182916689
nuisance_dominant,DFA,5.363857071730567,0.021534226457409662,0.00035606214834661996
nuisance_dominant,DFA,5.455300614959465,0.02154049525791977,0.00036005709234888657
nuisance_dominant,DFA,5.548303096371546,0.021546209180134165,0.00036404587496404877
nuisance_dominant,DFA,5.642891092892556,0.02155135551236646,0.00036802710534361485
nuisance_dominant,DFA,5.739091634534208,0.021555921583118302,0.0003719993789503532
nuisance_dominant,DFA,5.836932212118393,0.02155989476445056,0.0003759612794877964
nuisance_dominant,DFA,5.936440785133139,0.021563262475489214,0.0003799113809306949
nuisance_dominant,DFA,6.03764578972249,0.021566012186084244,0.00038384824965305794
nuisance_dominant,DFA,6.140576146812549,0.021568131420639427,0.00038777044664958007
nuisance_dominant,DFA,6.24526127037611,0.021569607762129794,0.0003916765298460667
nuisance_dominant,DFA,6.351731075838154,0.021570428856322325,0.0003955650564936933
nuisance_dominant,DFA,6.460015988624681,0.021570582416215445,0.00039943458564167697
nuisance_dominant,DFA,6.570146952857214,0.021570056226710103,0.0004032836806823243
nuisance_dominant,DFA,6.682155440195594,0.02156883814952503,0.0004071109119620947
nuisance_dominant,DFA,6.796073458831493,0.021566916128367135,0.00041091485945176775
nuisance_dominant,DFA,6.911933562635288,0.02156427819436576,0.00041469411546848846
nuisance_dominant,DFA,7.029768860458798,0.021560912471779298,0.0004184472874420004
nuisance_dominant,DFA,7.149613025596682,0.021556807183979232,0.0004221730007170814
nuisance_dominant,DFA,7.271500305409138,0.02155195065971697,0.0004258699013837958
nuisance_dominant,DFA,7.395465531108579,0.021546331339675026,0.0004295366591269387
nuisance_dominant,DFA,7.521544127713236,0.02153993778330417,0.0004331719700856319
nuisance_dominant,DFA,7.6497721241703935,0.02153275867594516,0.00043677455971400216
nuisance_dominant,DFA,7.7801861636522665,0.02152478283623257,0.0004403431856334021
nuisance_dominant,DFA,7.912823514027315,0.02151599922377612,0.00044387664046663394
nuisance_dominant,DFA,8.04772207851015,0.02150639694711385,0.00044737375464448155
nuisance_dominant,DFA,8.184920406492996,0.021495965271928947,0.0004508333991745554
nuisance_dominant,DFA,8.324457704561745,0.02148469362952131,0.00045425448836271
nuisance_dominant,DFA,8.466373847699883,0.021472571625523316,0.0004576359824769104
nuisance_dominant,DFA,8.61070939068338,0.021459589048847434,0.00046097689034378924
nuisance_dominant,DFA,8.7575055796699,0.02144573588085275,0.00046427627186782297
nuisance_dominant,DFA,8.906804363985472,0.021431002304715917,0.00046753324046348366
nuisance_dominant,DFA,9.058648408112223,0.0214153787149913,0.0004707469653906708
nuisance_dominant,DFA,9.213081103880398,0.02139885572734421,0.0004739166739839407
nuisance_dominant,DFA,9.370146582868305,0.021381424188440083,0.00047704165376635
nuisance_dominant,DFA,9.529889729013544,0.02136307518597277,0.0004801212544388914
nuisance_dominant,DFA,9.692356191439336,0.02134380005881371,0.0004831548897370116
nuisance_dominant,DFA,9.857592397499504,0.02132359040726426,0.00048614203914576156
nuisance_dominant,DFA,10.025645566045766,0.021302438103393134,0.0004890822494658715
nuisance_dominant,DFA,10.196563720921308,0.021280335301440946,0.0004919751362232819
nuisance_dominant,DFA,10.370395704684338,0.021257274448274112,0.0004948203849152516
nuisance_dominant,DFA,10.547191192565622,0.021233248293871042,0.0004976177520866069
nuisance_dominant,DFA,10.727000706663942,0.021208249901823236,0.0005003670662304557
nuisance_dominant,DFA,10.909875630383668,0.021182272659835914,0.0005030682285080954
nuisance_dominant,DFA,11.09586822311825,0.021155310290211976,0.0005057212132837291
nuisance_dominant,DFA,11.285031635184245,0.02112735686030534,0.0005083260684700489
nuisance_dominant,DFA,11.47741992300984,0.021098406792929587,0.0005108829156817778
nuisance_dominant,DFA,11.673088064582329,0.021068454876709754,0.0005133919501947035
nuisance_dominant,DFA,11.872091975158934,0.021037496276365416,0.0005158534407088594
nuisance_dominant,DFA,12.07448852324546,0.021005526542914984,0.0005182677289149814
nuisance_dominant,DFA,12.280335546847452,0.020972541623791738,0.0005206352288645882
nuisance_dominant,DFA,12.489691869998175,0.020938537872863688,0.0005229564261445392
nuisance_dominant,DFA,12.702617319568612,0.02090351206035044,0.0005252318768580658
nuisance_dominant,DFA,12.919172742363902,0.02086746138263075,0.0005274622064150524
nuisance_dominant,DFA,13.139420022511283,0.020830383471936807,0.0005296481081352014
nuisance_dominant,DFA,13.363422099144453,0.02079227640593057,0.0005317903416687048
nuisance_dominant,DFA,13.59124298438939,0.020753138717160096,0.0005338897312399569
nuisance_dominant,DFA,13.822947781656945,0.020712969402393092,0.0005359471637205161
nuisance_dominant,DFA,14.058602704246992,0.02067176793182688,0.0005379635865387423
nuisance_dominant,DFA,14.298275094270045,0.020629534258173304,0.0005399400054340481
nuisance_dominant,DFA,14.542033441891286,0.02058626882561881,0.0005418774820647377
nuisance_dominant,DFA,14.789947404902728,0.02054197257865855,0.0005437771314791157
nuisance_dominant,DFA,15.042087828629008,0.0204966469708053,0.000545640119460289
nuisance_dominant,DFA,15.298526766172571,0.020450293973172037,0.0005474676597558039
nuisance_dominant,DFA,15.559337499003943,0.020402916082928005,0.0005492610112038759
nuisance_dominant,DFA,15.824594557903191,0.020354516331627014,0.0005510214747685621
nuisance_dominant,DFA,16.094373744258082,0.020305098293406106,0.0005527503904967417
nuisance_dominant,DFA,16.368752151725655,0.020254666093052005,0.0005544491344101264
nuisance_dominant,DFA,16.647808188262907,0.020203224413931374,0.0005561191153459614
nuisance_dominant,DFA,16.931621598533113,0.02015077850578011,0.0005577617717602804
nuisance_dominant,DFA,17.220273486694122,0.020097334192345058,0.0005593785685076676
nuisance_dominant,DFA,17.513846339575103,0.020042897878870106,0.0005609709936116733
nuisance_dominant,DFA,17.81242405024861,0.01998747655941719,0.0005625405550398286
nuisance_dominant,DFA,18.116091942004132,0.01993107782401015,0.0005640887774970916
nuisance_dominant,DFA,18.424936792730715,0.019873709865588295,0.0005656171992513211
nuisance_dominant,DFA,18.739046859715067,0.019815381486753728,0.000567127369003863
nuisance_dominant,DFA,19.058511904862485,0.019756102106294807,0.0005686208428179327
nuisance_dominant,DFA,19.38342322034772,0.019695881765465634,0.0005700991811167539
nuisance_dominant,DFA,19.713873654703125,0.0196347311339994,0.0005715639457627692
nuisance_dominant,DFA,20.049957639351746,0.019572661515831362,0.0005730166972282381
nuisance_dominant,DFA,20.39177121559234,0.019509684854504356,0.0005744589918667427
nuisance_dominant,DFA,20.739412062044874,0.019445813738228714,0.0005758923792940072
nuisance_dominant,DFA,21.092979522563663,0.019381061404565157,0.0005773183998852279
nuisance_dominant,DFA,21.452574634626465,0.01931544174469836,0.0005787385823950174
nuisance_dominant,DFA,21.818300158207524,0.019248969307266196,0.0005801544417047449
nuisance_dominant,DFA,22.190260605142807,0.019181659301708703,0.0005815674767006678
nuisance_dominant,DFA,22.568562268996093,0.019113527601098586,0.0005829791682849695
nuisance_dominant,DFA,22.953313255433766,0.019044590744414672,0.0005843909775204424
nuisance_dominant,DFA,23.344623513117888,0.0189748659382176,0.0005858043439080689
nuisance_dominant,DFA,23.742604865125728,0.018904371057687164,0.0005872206837954856
nuisance_dominant,DFA,24.14737104090496,0.01883312464697953,0.0005886413889129844
nuisance_dominant,DFA,24.55903770877365,0.01876114591886237,0.0005900678250322813
nuisance_dominant,DFA,24.977722508974306,0.018688454753586204,0.0005915013307423562
nuisance_dominant,DFA,25.40354508729137,0.018615071696949967,0.0005929432163351497
nuisance_dominant,DFA,25.83662712924211,0.018541017957519966,0.0005943947627932873
nuisance_dominant,DFA,26.277092394849852,0.018466315402961845,0.000595857220870816
nuisance_dominant,DFA,26.725066754010573,0.01839098655544633,0.0005973318102573408
nuisance_dominant,DFA,27.180678222462152,0.018315054586091294,0.0005988197188152536
nuisance_dominant,DFA,27.644056998366892,0.01823854330840413,0.0006003221018793555
nuisance_dominant,DFA,28.115335499517688,0.018161477170690436,0.0006018400816078531
nuisance_dominant,DFA,28.594648401178453,0.01808388124739775,0.0006033747463736819
nuisance_dominant,DFA,29.08213267456993,0.018005781229364692,0.0006049271501850574
nuisance_dominant,DFA,29.577927626011018,0.017927203412950073,0.000606498312124555
nuisance_dominant,DFA,30.08217493672799,0.01784817468801795,0.0006080892157963994
nuisance_dominant,DFA,30.595018703342085,0.017768722524759317,0.0006097008087722227
nuisance_dominant,DFA,31.116605479047383,0.017688874959333332,0.0006113340020263822
nuisance_dominant,DFA,31.64708431549069,0.017608660578315432,0.0006129896693528711
nuisance_dominant,DFA,32.18660680536534,0.01752810850194283,0.0006146686467568672
nuisance_dominant,DFA,32.73532712573144,0.017447248366152024,0.0006163717318152153
nuisance_dominant,DFA,33.29340208207403,0.01736611030340659,0.0006180996830014955
nuisance_dominant,DFA,33.86099115311297,0.017284724922317776,0.0006198532189725601
nuisance_dominant,DFA,34.43825653637644,0.017203123286064097,0.0006216330178151202
nuisance_dominant,DFA,35.02536319455143,0.017121336889620323,0.0006234397162522027
nuisance_dominant,DFA,35.622478902624444,0.017039397635810166,0.0006252739088110484
nuisance_dominant,DFA,36.22977429582575,0.01695733781020069,0.0006271361469553628
nuisance_dominant,DFA,36.84742291839143,0.016875190054860708,0.000629026938186346
nuisance_dominant,DFA,37.47560127315589,0.016792987341008914,0.0006309467451183809
nuisance_dominant,DFA,38.114488871990645,0.016710762940580944,0.0006328959845365282
nuisance_dominant,DFA,38.7642682871026,0.016628550396748737,0.0006348750264441822
nuisance_dominant,DFA,39.42512520320694,0.016546383493427977,0.0006368841931103978
nuisance_dominant,DFA,40.09724847058942,0.01646429622381364,0.0006389237581272468
nuisance_dominant,DFA,40.780830159073375,0.016382322757985922,0.0006409939454884044
nuisance_dominant,DFA,41.476065612906595,0.016300497409631888,0.0006430949287007274
nuisance_dominant,DFA,42.18315350658434,0.016218854601931003,0.0006452268299409826
nuisance_dominant,DFA,42.902295901623226,0.016137428832655336,0.0006473897192701369
nuisance_dominant,DFA,43.63369830430383,0.01605625463853667,0.000649583613917598
nuisance_dominant,DFA,44.37756972439723,0.01597536655895612,0.0006518084776476059
nuisance_dominant,DFA,45.13412273489293,0.01589479909901266,0.0006540642202196026
nuisance_dominant,DFA,45.90357353274481,0.01581458669202918,0.0006563506969538527
nuisance_dominant,DFA,46.68614200065286,0.01573476366155656,0.0006586677084127838
nuisance_dominant,DFA,47.482051769898405,0.015655364182936678,0.0006610150002076703
nuisance_dominant,DFA,48.29153028424977,0.015576422244487706,0.0006633922629391604
nuisance_dominant,DFA,49.114808864958235,0.015497971608375146,0.0006657991322789474
nuisance_dominant,DFA,49.952122776861714,0.015420045771233657,0.0006682351891986696
nuisance_dominant,DFA,50.80371129561534,0.015342677924605036,0.0006706999603506032
nuisance_dominant,DFA,51.66981777606826,0.015265900915259256,0.0006731929186033413
nuisance_dominant,DFA,52.55068972180602,0.015189747205464973,0.0006757134837341495
nuisance_dominant,DFA,53.44657885587909,0.015114248833277666,0.0006782610232781443
nuisance_dominant,DFA,54.357741192735965,0.015039437372913212,0.0006808348535329807
nuisance_dominant,DFA,55.28443711138383,0.014965343895275582,0.0006834342407162278
nuisance_dominant,DFA,56.22693142979583,0.014891998928707567,0.0006860584022712842
nuisance_dominant,DFA,57.18549348058701,0.014819432420033946,0.000688706508316222
nuisance_dominant,DFA,58.160397187980315,0.014747673695966657,0.0006913776832288897
nuisance_dominant,DFA,59.15192114608467,0.014676751424942194,0.0006940710073603085
nuisance_dominant,DFA,60.1603486985081,0.014606693579461183,0.0006967855188675723
nuisance_dominant,DFA,61.185968019326936,0.014537527399001094,0.0006995202156564859
nuisance_dominant,DFA,62.22907219543656,0.01446927935357275,0.0007022740574235646
nuisance_dominant,DFA,63.2899593103055,0.014401975107991771,0.0007050459677864632
nuisance_dominant,DFA,64.36893252915749,0.014335639486936419,0.00070783483649148
nuisance_dominant,DFA,65.46630018560568,0.014270296440863398,0.0007106395216866245
nuisance_dominant,DFA,66.58237586976387,0.014205969012853375,0.0007134588522486579
nuisance_dominant,DFA,67.71747851785967,0.01414267930645836,0.0007162916301525907
nuisance_dominant,DFA,68.8719325033761,0.014080448454622562,0.0007191366328723656
nuisance_dominant,DFA,70.04606772974564,0.014019296589749503,0.0007219926158018601
nuisance_dominant,DFA,71.24021972462585,0.01395924281498676,0.0007248583146857793
nuisance_dominant,DFA,72.45472973578153,0.013900305176800831,0.0007277324480506878
nuisance_dominant,DFA,73.68994482860175,0.01384250063891348,0.0007306137196270129
nuisance_dominant,DFA,74.94621798527915,0.013785845057671098,0.0007335008207537585
nuisance_dominant,DFA,76.22390820568008,0.01373035315891793,0.000736392432758388
nuisance_dominant,DFA,77.52338060993503,0.013676038516443213,0.0007392872293052501
nuisance_dominant,DFA,78.84500654277662,0.01362291353207155,0.0007421838787067874
nuisance_dominant,DFA,80.18916367965778,0.013570989417464966,0.0007450810461927177
nuisance_dominant,DFA,81.55623613467833,0.013520276177703095,0.0007479773961331382
nuisance_dominant,DFA,82.94661457035157,0.013470782596707387,0.0007508715942124924
nuisance_dominant,DFA,84.36069630924241,0.013422516224572315,0.0007537623095520176
nuisance_dominant,DFA,85.79888544750824,0.013375483366865438,0.0007566482167791044
nuisance_dominant,DFA,87.26159297037651,0.013329689075954743,0.0007595279980425928
nuisance_dominant,DFA,88.74923686958925,0.013285137144419876,0.0007624003449736988
nuisance_dominant,DFA,90.26224226285147,0.013241830100599894,0.0007652639605926697
nuisance_dominant,DFA,91.80104151531502,0.013199769206327205,0.0007681175611616508
nuisance_dominant,DFA,93.36607436313383,0.01315895445689325,0.0007709598779845814
nuisance_dominant,DFA,94.95778803912542,0.013119384583287427,0.0007737896591550649
nuisance_dominant,DFA,96.57663740057471,0.013081057056745574,0.0007766056712531905
nuisance_dominant,DFA,98.2230850592165,0.013043968095640169,0.000779406700992327
nuisance_dominant,DFA,99.89760151343484,0.013008112674737959,0.000782191556816677
nuisance_dominant,DFA,101.60066528271416,0.012973484536845548,0.0007849590704501781
nuisance_dominant,DFA,103.33276304438459,0.01294007620685697,0.000787708098397054
nuisance_dominant,DFA,105.09438977269748,0.012907879008210717,0.0007904375233938524
nuisance_dominant,DFA,106.88604888027204,0.012876883081756513,0.0007931462558124271
nuisance_dominant,DFA,108.70825236195353,0.01284707740702513,0.0007958332350127613
nuisance_dominant,DFA,110.56152094112352,0.012818449825886504,0.000798497430644039
nuisance_dominant,DFA,112.44638421850583,0.012790987068573723,0.000801137843891816
nuisance_dominant,DFA,114.36338082350686,0.012764674782042091,0.0008037535086685878
nuisance_dominant,DFA,116.31305856813833,0.012739497560623975,0.0008063434927445238
nuisance_dominant,DFA,118.29597460356307,0.012715438978931728,0.0008089068988146662
nuisance_dominant,DFA,120.31269557930963,0.012692481626951881,0.0008114428654984298
nuisance_dominant,DFA,122.36379780520139,0.012670607147265095,0.0008139505682668478
nuisance_dominant,DFA,124.44986741604593,0.012649796274317454,0.0008164292202927574
nuisance_dominant,DFA,126.57150053913327,0.012630028875659541,0.000818878073218842
nuisance_dominant,DFA,128.72930346458716,0.012611283995061126,0.0008212964178384106
nuisance_dominant,DFA,130.92389281862302,0.012593539897400424,0.0008236835846837477
nuisance_dominant,DFA,133.15589573975842,0.012576774115218159,0.0008260389445170084
nuisance_dominant,DFA,135.4259500580277,0.012560963496818636,0.0008283619087188617
nuisance_dominant,DFA,137.73470447725208,0.012546084255791835,0.0008306519295704737
nuisance_dominant,DFA,140.0828187604166,0.012532112021822805,0.0008329085004248786
nuisance_dominant,DFA,142.47096391820904,0.01251902189264754,0.0008351311557643933
nuisance_dominant,DFA,144.89982240077,0.012506788487007725,0.0008373194711414366
nuisance_dominant,DFA,147.3700882927151,0.012495385998450473,0.0008394730630009674
nuisance_dominant,DFA,149.88246751148006,0.012484788249813649,0.0008415915883835921
nuisance_dominant,DFA,152.437678009048,0.012474968748232371,0.0008436747445094276
nuisance_dominant,DFA,155.03644997711535,0.012465900740498052,0.0008457222682438345
nuisance_dominant,DFA,157.67952605575576,0.012457557268597914,0.0008477339354472209
nuisance_dominant,DFA,160.36766154564083,0.012449911225259942,0.0008497095602122097
nuisance_dominant,DFA,163.1016246238805,0.012442935409326835,0.0008516489939926706
nuisance_dominant,DFA,165.88219656353982,0.01243660258078105,0.0008535521246301022
nuisance_dominant,DFA,168.7101719569014,0.01243088551524305,0.0008554188752840456
nuisance_dominant,DFA,171.5863589425323,0.012425757057765824,0.0008572492032741748
nuisance_dominant,DFA,174.51157943622238,0.012421190175750168,0.0008590430988427052
nuisance_dominant,DFA,177.48666936585968,0.012417158010808027,0.0008608005838465815
nuisance_dominant,DFA,180.51247891030974,0.01241363392940464,0.0008625217103897266
nuisance_dominant,DFA,183.58987274236887,0.012410591572114788,0.0008642065594062454
nuisance_dominant,DFA,186.7197302758561,0.012408004901333683,0.0008658552392059774
nuisance_dominant,DFA,189.90294591692083,0.012405848247289474,0.0008674678839941869
nuisance_dominant,DFA,193.1404293196332,0.01240409635221129,0.0008690446523773625
nuisance_dominant,DFA,196.43310564593202,0.012402724412514748,0.0008705857258671666
nuisance_dominant,DFA,199.7819158300045,0.012401708118875603,0.0008720913073944599
nuisance_dominant,DFA,203.18781684717248,0.012401023694071667,0.0008735616198450768
nuisance_dominant,DFA,206.651781987365,0.012400647928483149,0.0008749969046285578
nuisance_dominant,DFA,210.1748011332487,0.012400558213152574,0.0008763974202905414
nuisance_dominant,DFA,213.75788104310405,0.012400732570316503,0.0008777634411787068
nuisance_dominant,DFA,217.402045638522,0.012401149681333374,0.000879095256171399
nuisance_dominant,DFA,221.10833629700576,0.01240178891194381,0.0008803931674770346
nuisance_dominant,DFA,224.87781214956078,0.012402630334812528,0.0008816574895113335
nuisance_dominant,DFA,228.71155038335777,0.012403654749313837,0.0008828885478582901
nuisance_dominant,DFA,232.61064654955769,0.012404843698535565,0.0008840866783195261
nuisance_dominant,DFA,236.57621487637996,0.01240617948348992,0.0008852522260554411
nuisance_dominant,DFA,240.60938858751274,0.012407645174532463,0.0008863855448202541
nuisance_dominant,DFA,244.71132022594884,0.012409224620003882,0.0008874869962917019
nuisance_dominant,DFA,248.88318198334326,0.012410902452122136,0.0008885569494949479
nuisance_dominant,DFA,253.12616603498518,0.012412664090165313,0.0008895957803188799
nuisance_dominant,DFA,257.4414848804811,0.012414495740998014,0.000890603871121854
nuisance_dominant,DFA,261.830371690245,0.0124163843970061,0.0008915816104227667
nuisance_dominant,DFA,266.29408065789846,0.012418317831516318,0.0008925293926722763
nuisance_dominant,DFA,270.83388735867317,0.012420284591788186,0.0008934476180980519
nuisance_dominant,DFA,275.45108911392856,0.012422273989676092,0.0008943366926170561
nuisance_dominant,DFA,280.14700536188144,0.012424276090069205,0.0008951970278071784
nuisance_dominant,DFA,284.92297803465635,0.01242628169722553,0.0008960290409298884
nuisance_dominant,DFA,289.78037194176363,0.012428282339125029,0.0008968331549951635
nuisance_dominant,DFA,294.7205751601149,0.012430270249973445,0.0008976097988595866
nuisance_dominant,DFA,299.74499943069014,0.012432238350995233,0.0008983594073483377
nuisance_dominant,DFA,304.8550805619614,0.012434180229659055,0.0008990824213917479
nuisance_dominant,DFA,310.0522788402002,0.01243609011748401,0.0008997792881671657
nuisance_dominant,DFA,315.3380794467765,0.012437962866577845,0.0009004504612371221
nuisance_dominant,DFA,320.7139928825731,0.01243979392506097,0.0009010964006750857
nuisance_dominant,DFA,326.18155539963476,0.012441579311531384,0.0009017175731705656
nuisance_dominant,DFA,331.7423294401758,0.01244331558872592,0.0009023144521058759
nuisance_dominant,DFA,337.3979040830756,0.01244499983653251,0.0009028875175975186
nuisance_dominant,DFA,343.1498954979785,0.012446629624506524,0.0009034372564958464
nuisance_dominant,DFA,348.9999474071427,0.012448202984041614,0.0009039641623374964
nuisance_dominant,DFA,354.9497315551591,0.012449718380341753,0.0009044687352458733
nuisance_dominant,DFA,361.00094818667867,0.012451174684337136,0.0009049514817759362
nuisance_dominant,DFA,367.1553265322842,0.012452571144680657,0.0009054129147003105
nuisance_dominant,DFA,373.4146253026444,0.012453907359956436,0.000905853552734833
nuisance_dominant,DFA,379.7806331910963,0.012455183251224494,0.0009062739202024104
nuisance_dominant,DFA,386.2551693847879,0.012456399035018705,0.0009066745466350761
nuisance_dominant,DFA,392.84008408454287,0.012457555196907116,0.0009070559663149723
nuisance_dominant,DFA,399.53725903358355,0.012458652465715394,0.0009074187177558177
nuisance_dominant,DFA,406.3486080552691,0.012459691788505353,0.000907763343127248
nuisance_dominant,DFA,413.27607760000024,0.012460674306391636,0.0009080903876251427
nuisance_dominant,DFA,420.32164730144876,0.012461601331270122,0.0009084003987917398
nuisance_dominant,DFA,427.4873305422675,0.012462474323522465,0.0009086939257899326
nuisance_dominant,DFA,434.77517502945034,0.012463294870751665,0.0009089715186367199
nuisance_dominant,DFA,442.18726337949096,0.012464064667594161,0.0009092337274012156
nuisance_dominant,DFA,449.72571371352734,0.012464785496644641,0.0009094811013729819
nuisance_dominant,DFA,457.392680262627,0.012465459210520882,0.0009097141882068293
nuisance_dominant,DFA,465.19035398339275,0.012466087715086817,0.0009099335330503494
nuisance_dominant,DFA,473.12096318406304,0.012466672953843834,0.0009101396776606553
nuisance_dominant,DFA,481.1867741612851,0.01246721689349206,0.0009103331595168346
nuisance_dominant,DFA,489.3900918477489,0.01246772151065574,0.0009105145109346147
nuisance_dominant,DFA,497.7332604708523,0.012468188779759703,0.0009106842581896392
nuisance_dominant,DFA,506.21866422260484,0.01246862066203724,0.0009108429206556254
nuisance_dominant,DFA,514.848727940947,0.012469019095643545,0.0009109910099634259
nuisance_dominant,DFA,523.6259178026861,0.012469385986843525,0.0009111290291867662
nuisance_dominant,DFA,532.5527420282452,0.012469723202237633,0.0009112574720600947
nuisance_dominant,DFA,541.6317515984257,0.012470032561985239,0.000911376822233591
nuisance_dominant,DFA,550.8655409833943,0.012470315833981258,0.0009114875525700118
nuisance_dominant,DFA,560.2567488840875,0.012470574728938486,0.0009115901244875612
nuisance_dominant,DFA,569.8080589862665,0.012470810896325905,0.0009116849873525113
nuisance_dominant,DFA,579.522200727421,0.012471025921110856,0.0009117725779248299
nuisance_dominant,DFA,589.40195007675,0.012471221321251816,0.0009118533198595291
nuisance_dominant,DFA,599.450130328438,0.012471398545887576,0.0009119276232659412
nuisance_dominant,DFA,609.6696129084548,0.012471558974168153,0.0009119958843266085
nuisance_dominant,DFA,620.0633181951158,0.012471703914672942,0.0009120584849769469
nuisance_dominant,DFA,630.6342163536186,0.01247183460536207,0.0009121157926463169
nuisance_dominant,DFA,641.3853281848199,0.01247195221400786,0.0009121681600606553
nuisance_dominant,DFA,652.3197259884747,0.012472057839054477,0.0009122159251062857
nuisance_dominant,DFA,663.440534441196,0.012472152510855556,0.0009122594107541103
nuisance_dominant,DFA,674.7509314893789,0.012472237193241377,0.0009122989250428906
nuisance_dominant,DFA,686.25414925735,0.012472312785369226,0.0009123347611199109
nuisance_dominant,DFA,697.9534749709957,0.01247238012381299,0.0009123671973369673
nuisance_dominant,DFA,709.8522518971448,0.012472439984850434,0.0009123964973991875
nuisance_dominant,DFA,721.9538802989517,0.012472493086909158,0.0009124229105639382
nuisance_dominant,DFA,734.26181840758,0.01247254009313506,0.0009124466718867491
nuisance_dominant,DFA,746.7795834104456,0.01247258161404973,0.000912468002510919
nuisance_dominant,DFA,759.5107524563091,0.012472618210266084,0.0009124871099973004
nuisance_dominant,DFA,772.458963677501,0.012472650395234245,0.0009125041886905483
nuisance_dominant,DFA,785.6279172295752,0.012472678637992585,0.0009125194201180188
nuisance_dominant,DFA,799.0213763486926,0.012472703365901287,0.0009125329734173803
nuisance_dominant,DFA,812.6431684270153,0.012472724967338703,0.0009125450057889924
nuisance_dominant,DFA,826.4971861064516,0.012472743794343152,0.0009125556629690555
nuisance_dominant,DFA,840.587388391037,0.012472760165185282,0.0009125650797195939
nuisance_dominant,DFA,854.9178017782832,0.012472774366858492,0.0009125733803313956
nuisance_dominant,DFA,869.4925214098122,0.01247278665747702,0.0009125806791360925
nuisance_dominant,DFA,884.3157122416065,0.01247279726857339,0.0009125870810237718
nuisance_dominant,DFA,899.3916102342182,0.012472806407288858,0.0009125926819625894
nuisance_dominant,DFA,914.7245235632504,0.012472814258452158,0.0009125975695170903
nuisance_dominant,DFA,930.3188338504934,0.012472820986543495,0.000912601823362151
nuisance_dominant,DFA,946.1789974160409,0.012472826737542209,0.0009126055157896592
nuisance_dominant,DFA,962.3095465517534,0.012472831640657763,0.0009126087122053134
nuisance_dominant,DFA,978.7150908164324,0.012472835809944858,0.0009126114716131893
nuisance_dominant,DFA,995.4003183530737,0.012472839345804515,0.0009126138470859515
nuisance_dominant,DFA,1012.3699972285774,0.0124728423363738,0.0009126158862189173
nuisance_dominant,DFA,1029.6289767963053,0.012472844858807513,0.000912617631566368
nuisance_dominant,DFA,1047.1821890818485,0.01247284698045591,0.0009126191210588782
nuisance_dominant,DFA,1065.0346501924394,0.012472848759942878,0.0009126203884005962
nuisance_dominant,DFA,1083.1914617503814,0.0124728502481493,0.0009126214634457311
nuisance_dominant,DFA,1101.657812350918,0.012472851489106915,0.0009126223725537292
nuisance_dominant,DFA,1120.4389790449557,0.01247285252080766,0.0009126231389228407
nuisance_dominant,DFA,1139.540328847062,0.012472853375934092,0.0009126237829020058
nuisance_dominant,DFA,1158.9673202691843,0.012472854082516123,0.0009126243222811934
nuisance_dominant,DFA,1178.725504880491,0.012472854664519466,0.000912624772560483
nuisance_dominant,DFA,1198.8205288938298,0.012472855142371043,0.0009126251471983709
nuisance_dominant,DFA,1219.2581347792202,0.012472855533426412,0.0009126254578398927
nuisance_dominant,DFA,1240.0441629048537,0.012472855852384172,0.0009126257145252945
nuisance_dominant,DFA,1261.1845532060715,0.01247285611165207,0.0009126259258800784
nuisance_dominant,DFA,1282.6853468827933,0.012472856321669248,0.0009126260992873272
nuisance_dominant,DFA,1304.552688125894,0.012472856491188945,0.0009126262410432669
nuisance_dominant,DFA,1326.7928258729887,0.012472856627525494,0.0009126263564970952
nuisance_dominant,DFA,1349.412115594175,0.012472856736769499,0.0009126264501761005
nuisance_dominant,DFA,1372.417021108207,0.012472856823974456,0.0009126265258971145
nuisance_dominant,DFA,1395.814116429633,0.012472856893318122,0.0009126265868653692
nuisance_dominant,DFA,1419.610087647423,0.012472856948241455,0.0009126266357617585
nuisance_dominant,DFA,1443.811734835622,0.012472856991567846,0.0009126266748195448
nuisance_dominant,DFA,1468.4259739965912,0.012472857025604998,0.0009126267058914507
nuisance_dominant,DFA,1493.4598390373446,0.012472857052231673,0.0009126267305080907
nuisance_dominant,DFA,1518.9204837796128,0.012472857072971265,0.0009126267499286183
nuisance_dominant,DFA,1544.815184004156,0.01247285708905391,0.0009126267651844153
nuisance_dominant,DFA,1571.1513395299344,0.012472857101468783,0.0009126267771166093
nuisance_dominant,DFA,1597.936476328722,0.012472857111007821,0.0009126267864081217
nuisance_dominant,DFA,1625.1782486757718,0.012472857118302299,0.0009126267936109372
nuisance_dominant,DFA,1652.884441337144,0.01247285712385313,0.0009126267991691621
nuisance_dominant,DFA,1681.0629717943361,0.01247285712805594,0.0009126268034384544
nuisance_dominant,DFA,1709.7218925068112,0.01247285713122173,0.0009126268067022966
nuisance_dominant,DFA,1738.8693932131264,0.012472857133593779,0.0009126268091855582
nuisance_dominant,DFA,1768.513803271277,0.01247285713536145,0.0009126268110657526
nuisance_dominant,DFA,1798.6635940389426,0.012472857136671374,0.0009126268124823139
nuisance_dominant,DFA,1829.32738129431,0.012472857137636517,0.00091262681354422
nuisance_dominant,DFA,1860.5139276981654,0.01247285713834342,0.0009126268143362105
nuisance_dominant,DFA,1892.2321452979763,0.012472857138858017,0.0009126268149238358
nuisance_dominant,DFA,1924.491098074628,0.012472857139230274,0.0009126268153575398
nuisance_dominant,DFA,1957.3000045326144,0.012472857139497806,0.0009126268156759304
nuisance_dominant,DFA,1990.6682403343664,0.012472857139688787,0.0009126268159083989
nuisance_dominant,DFA,2024.6053409794958,0.012472857139824168,0.0009126268160771973
nuisance_dominant,DFA,2059.1210045297153,0.012472857139919448,0.0009126268161990783
nuisance_dominant,DFA,2094.225094380206,0.012472857139985995,0.0009126268162865819
nuisance_dominant,DFA,2129.9276420782594,0.012472857140032115,0.0009126268163490406
nuisance_dominant,DFA,2166.238850189919,0.012472857140063815,0.000912626816393362
nuisance_dominant,DFA,2203.1690952155477,0.012472857140085416,0.0009126268164246256
nuisance_dominant,DFA,2240.7289305550667,0.012472857140100001,0.0009126268164465449
nuisance_dominant,DFA,2278.9290895237596,0.012472857140109761,0.0009126268164618179
nuisance_dominant,DFA,2317.7804884194848,0.012472857140116223,0.0009126268164723939
nuisance_dominant,DFA,2357.2942296421747,0.01247285714012045,0.0009126268164796704
nuisance_dominant,DFA,2397.4816048665425,0.01247285714012319,0.0009126268164846458
nuisance_dominant,DFA,2438.3540982688264,0.01247285714012494,0.0009126268164880242
nuisance_dominant,DFA,2479.923389808593,0.01247285714012604,0.0009126268164903038
nuisance_dominant,DFA,2522.2013585664654,0.012472857140126727,0.0009126268164918311
nuisance_dominant,DFA,2565.200086138758,0.012472857140127145,0.0009126268164928484
nuisance_dominant,DFA,2608.9318600899833,0.012472857140127391,0.0009126268164935196
nuisance_dominant,DFA,2653.409177464217,0.012472857140127537,0.0009126268164939609
nuisance_dominant,DFA,2698.6447483563197,0.012472857140127618,0.0009126268164942481
nuisance_dominant,DFA,2744.6514995440693,0.012472857140127662,0.000912626816494434
nuisance_dominant,DFA,2791.4425781821587,0.012472857140127686,0.0009126268164945532
nuisance_dominant,DFA,2839.0313555592247,0.012472857140127695,0.0009126268164946292
nuisance_dominant,DFA,2887.431430918898,0.012472857140127701,0.0009126268164946774
nuisance_dominant,DFA,2936.6566353460034,0.0124728571401277,0.0009126268164947076
nuisance_dominant,DFA,2986.7210357190083,0.012472857140127696,0.0009126268164947263
nuisance_dominant,DFA,3037.6389387298505,0.012472857140127695,0.0009126268164947376
nuisance_dominant,DFA,3089.424894972325,0.012472857140127695,0.000912626816494745
nuisance_dominant,DFA,3142.0937031001095,0.012472857140127695,0.0009126268164947495
nuisance_dominant,DFA,3195.6604140557356,0.012472857140127695,0.0009126268164947522
nuisance_dominant,DFA,3250.1403353716296,0.012472857140127691,0.0009126268164947536
nuisance_dominant,DFA,3305.54903554448,0.012472857140127695,0.0009126268164947548
nuisance_dominant,DFA,3361.9023484841796,0.012472857140127695,0.0009126268164947551
nuisance_dominant,DFA,3419.2163780386104,0.012472857140127691,0.0009126268164947553
nuisance_dominant,DFA,3477.507502595599,0.012472857140127691,0.0009126268164947557
nuisance_dominant,DFA,3536.7923797632566,0.012472857140127695,0.0009126268164947557
nuisance_dominant,DFA,3597.087951130182,0.012472857140127695,0.0009126268164947557
nuisance_dominant,DFA,3658.411447106781,0.012472857140127695,0.0009126268164947559
nuisance_dominant,DFA,3720.7803918491268,0.012472857140127695,0.0009126268164947559
nuisance_dominant,DFA,3784.2126082667646,0.012472857140127695,0.0009126268164947559
nuisance_dominant,DFA,3848.7262231158825,0.012472857140127695,0.0009126268164947559
nuisance_dominant,DFA,3914.3396721793456,0.012472857140127695,0.0009126268164947559
nuisance_dominant,DFA,3981.0717055349733,0.012472857140127695,0.0009126268164947559
nuisance_dominant,nDFA_0.01,0.0,0.020000000000000025,1.0874203299913721e-17
nuisance_dominant,nDFA_0.01,0.001,0.01997640705661699,6.241331183592021e-07
nuisance_dominant,nDFA_0.01,0.0010170480946837376,0.019976005256491538,6.347613668055977e-07
nuisance_dominant,nDFA_0.01,0.0010343868268998197,0.019975596620687437,6.455703933575633e-07
nuisance_dominant,nDFA_0.01,0.0010520211514644187,0.01997518103315888,6.565632657501143e-07
nuisance_dominant,nDFA_0.01,0.0010699561076638788,0.019974758375898467,6.677431035149505e-07
nuisance_dominant,nDFA_0.01,0.0010881968206947759,0.01997432852890444,6.791130788888469e-07
nuisance_dominant,nDFA_0.01,0.0011067485031285215,0.019973891370147115,6.906764176652441e-07
nuisance_dominant,nDFA_0.01,0.0011256164564009414,0.019973446775535173,7.024364000734594e-07
nuisance_dominant,nDFA_0.01,0.0011448060723272377,0.019972994618880878,7.143963617238435e-07
nuisance_dominant,nDFA_0.01,0.0011643228346427902,0.019972534771865173,7.265596945078264e-07
nuisance_dominant,nDFA_0.01,0.001184172320570217,0.01997206710400202,7.389298475595364e-07
nuisance_dominant,nDFA_0.01,0.0012043602024131594,0.019971591482602073,7.515103281825925e-07
nuisance_dominant,nDFA_0.01,0.0012248922491772242,0.019971107772735964,7.643047028450614e-07
nuisance_dominant,nDFA_0.01,0.0012457743282185726,0.019970615837196715,7.773165981633356e-07
nuisance_dominant,nDFA_0.01,0.0012670124069206123,0.019970115536461875,7.90549701878198e-07
nuisance_dominant,nDFA_0.01,0.0012886125543992652,0.019969606728654665,8.040077639166755e-07
nuisance_dominant,nDFA_0.01,0.0013105809432373168,0.019969089269504837,8.17694597401995e-07
nuisance_dominant,nDFA_0.01,0.0013329238512483272,0.019968563012308628,8.316140796971802e-07
nuisance_dominant,nDFA_0.01,0.001355647663270621,0.019968027807888214,8.457701535003347e-07
nuisance_dominant,nDFA_0.01,0.001378758872991846,0.019967483504550472,8.601668279165909e-07
nuisance_dominant,nDFA_0.01,0.0014022640848046527,0.01996692994804498,8.748081795540305e-07
nuisance_dominant,nDFA_0.01,0.0014261700156940071,0.019966366981521527,8.896983536753398e-07
nuisance_dominant,nDFA_0.01,0.0014504834971566661,0.019965794445486663,9.048415653030359e-07
nuisance_dominant,nDFA_0.01,0.0014752114771533916,0.019965212177759838,9.202421004043631e-07
nuisance_dominant,nDFA_0.01,0.0015003610220944376,0.019964620013428643,9.359043170633592e-07
nuisance_dominant,nDFA_0.01,0.0015259393188588929,0.01996401778480322,9.518326466572576e-07
nuisance_dominant,nDFA_0.01,0.0015519536768484371,0.019963405321370354,9.680315951126772e-07
nuisance_dominant,nDFA_0.01,0.0015784115300761239,0.01996278244974633,9.84505744104185e-07
nuisance_dominant,nDFA_0.01,0.0016053204392907632,0.019962148993629348,1.0012597523259285e-06
nuisance_dominant,nDFA_0.01,0.0016326880941375313,0.019961504773751058,1.0182983567632167e-06
nuisance_dominant,nDFA_0.01,0.001660522315355399,0.019960849607827243,1.035626373996416e-06
nuisance_dominant,nDFA_0.01,0.0016888310570120353,0.019960183310507952,1.0532487015119413e-06
nuisance_dominant,nDFA_0.01,0.001717622408776813,0.019959505693326496,1.0711703190353279e-06
nuisance_dominant,nDFA_0.01,0.0017469045982325495,0.019958816564647895,1.0893962899007851e-06
nuisance_dominant,nDFA_0.01,0.0017766859932266746,0.019958115729616345,1.107931762424562e-06
nuisance_dominant,nDFA_0.01,0.0018069751042624714,0.019957402990101937,1.1267819713106702e-06
nuisance_dominant,nDFA_0.01,0.0018377805869310945,0.019956678144646488,1.145952239084685e-06
nuisance_dominant,nDFA_0.01,0.0018691112443850306,0.019955940988408388,1.1654479775164357e-06
nuisance_dominant,nDFA_0.01,0.001900976029853745,0.019955191313106843,1.185274689129644e-06
nuisance_dominant,nDFA_0.01,0.0019333840492022055,0.019954428906964822,1.2054379686695448e-06
nuisance_dominant,nDFA_0.01,0.0019663445635330324,0.01995365355465153,1.2259435046196173e-06
nuisance_dominant,nDFA_0.01,0.0019998669918329963,0.019952865037223745,1.2467970807625688e-06
nuisance_dominant,nDFA_0.01,0.0020339609136646444,0.019952063132066093,1.2680045777285554e-06
nuisance_dominant,nDFA_0.01,0.0020686360719038206,0.019951247612830642,1.2895719745990582e-06
nuisance_dominant,nDFA_0.01,0.002103902375523832,0.0199504182493753,1.311505350525667e-06
nuisance_dominant,nDFA_0.01,0.002139769902427103,0.019949574807701605,1.33381088635945e-06
nuisance_dominant,nDFA_0.01,0.0021762489023250896,0.019948717049890832,1.3564948663175275e-06
nuisance_dominant,nDFA_0.01,0.002213349799667308,0.01994784473404004,1.3795636796982732e-06
nuisance_dominant,nDFA_0.01,0.0022510831966202675,0.01994695761419613,1.4030238225981742e-06
nuisance_dominant,nDFA_0.01,0.0022894598760972184,0.01994605544028969,1.426881899622841e-06
nuisance_dominant,nDFA_0.01,0.0023284908048395417,0.019945137958067228,1.4511446257074849e-06
nuisance_dominant,nDFA_0.01,0.0023681871365506583,0.01994420490902266,1.4758188278955261e-06
nuisance_dominant,nDFA_0.01,0.0024085602150833835,0.019943256030327546,1.5009114471821568e-06
nuisance_dominant,nDFA_0.01,0.0024496215776816056,0.019942291054760333,1.5264295403731861e-06
nuisance_dominant,nDFA_0.01,0.0024913829582772482,0.019941309710634444,1.5523802819461581e-06
nuisance_dominant,nDFA_0.01,0.002533856290843409,0.019940311721725272,1.5787709659975554e-06
nuisance_dominant,nDFA_0.01,0.0025770537128046917,0.019939296807196062,1.6056090081999574e-06
nuisance_dominant,nDFA_0.01,0.002620987568505661,0.019938264681522492,1.6329019477339075e-06
nuisance_dominant,nDFA_0.01,0.0026656704127384443,0.019937215054416278,1.660657449335588e-06
nuisance_dominant,nDFA_0.01,0.002711115014330447,0.019936147630747428,1.688883305317191e-06
nuisance_dominant,nDFA_0.01,0.0027573343597932553,0.019935062110465467,1.7175874376437966e-06
nuisance_dominant,nDFA_0.01,0.0028043416570337305,0.019933958188519268,1.74677790003526e-06
nuisance_dominant,nDFA_0.01,0.002852150339128391,0.01993283555477567,1.77646288009337e-06
nuisance_dominant,nDFA_0.01,0.0029007740681621062,0.01993169389393705,1.8066507014635623e-06
nuisance_dominant,nDFA_0.01,0.0029502267391322613,0.019930532885457312,1.8373498260689297e-06
nuisance_dominant,nDFA_0.01,0.0030005224839194824,0.019929352203456853,1.868568856287253e-06
nuisance_dominant,nDFA_0.01,0.0030516756753260254,0.01992815151663605,1.9003165372676417e-06
nuisance_dominant,nDFA_0.01,0.003103700931183042,0.019926930488187503,1.932601759183493e-06
nuisance_dominant,nDFA_0.01,0.003156613118527852,0.01992568877570701,1.9654335596449132e-06
nuisance_dominant,nDFA_0.01,0.0032104273578524426,0.019924426031102997,1.9988211259630368e-06
nuisance_dominant,nDFA_0.01,0.003265159027424373,0.01992314190050473,2.0327737976520235e-06
nuisance_dominant,nDFA_0.01,0.0033208237676813604,0.019921836024169092,2.0673010688189535e-06
nuisance_dominant,nDFA_0.01,0.0033774374857007982,0.019920508036385946,2.1024125906592653e-06
nuisance_dominant,nDFA_0.01,0.00343501635974543,0.019919157565382154,2.1381181739635234e-06
nuisance_dominant,nDFA_0.01,0.003493576843886558,0.01991778423322386,2.1744277916941067e-06
nuisance_dominant,nDFA_0.01,0.003553135672706045,0.019916387655717738,2.2113515815399498e-06
nuisance_dominant,nDFA_0.01,0.0036137098660785033,0.01991496744231048,2.248899848580186e-06
nuisance_dominant,nDFA_0.01,0.0036753167340349666,0.019913523195986736,2.2870830679270574e-06
nuisance_dominant,nDFA_0.01,0.0037379738817095156,0.019912054513165866,2.325911887461193e-06
nuisance_dominant,nDFA_0.01,0.0038016992143702377,0.019910560983596635,2.365397130548264e-06
nuisance_dominant,nDFA_0.01,0.0038665109425359123,0.019909042190250983,2.40554979884342e-06
nuisance_dominant,nDFA_0.01,0.003932427587179972,0.019907497709215714,2.44638107512549e-06
nuisance_dominant,nDFA_0.01,0.003999467985023157,0.019905927109582708,2.4879023261539725e-06
nuisance_dominant,nDFA_0.01,0.004067651293916405,0.019904329953337727,2.5301251055830505e-06
nuisance_dominant,nDFA_0.01,0.00413699699831552,0.01990270579524745,2.5730611569127116e-06
nuisance_dominant,nDFA_0.01,0.004207524914849136,0.019901054182744713,2.6167224164867728e-06
nuisance_dominant,nDFA_0.01,0.004279255197981669,0.01989937465581237,2.661121016538685e-06
nuisance_dominant,nDFA_0.01,0.0043522083457727375,0.019897666746865324,2.706269288257803e-06
nuisance_dominant,nDFA_0.01,0.004426405205734824,0.019895929980630795,2.7521797649352967e-06
nuisance_dominant,nDFA_0.01,0.0045018669807907795,0.01989416387402692,2.7988651851099794e-06
nuisance_dominant,nDFA_0.01,0.004578615235332888,0.019892367936039747,2.8463384958028383e-06
nuisance_dominant,nDFA_0.01,0.004656671901385246,0.019890541667598117,2.8946128557533997e-06
nuisance_dominant,nDFA_0.01,0.004736059284871162,0.019888684561447247,2.943701638779589e-06
nuisance_dominant,nDFA_0.01,0.0048168000719874355,0.01988679610202008,2.9936184370529805e-06
nuisance_dominant,nDFA_0.01,0.004898917335687311,0.019884875765307106,3.0443770645532318e-06
nuisance_dominant,nDFA_0.01,0.004982434542273912,0.019882923018724137,3.0959915605109633e-06
nuisance_dominant,nDFA_0.01,0.005067375558106122,0.01988093732097841,3.14847619286582e-06
nuisance_dominant,nDFA_0.01,0.005153764656418767,0.019878918121932827,3.201845461833148e-06
nuisance_dominant,nDFA_0.01,0.0052416265242590954,0.019876864862467987,3.2561141035060984e-06
nuisance_dominant,nDFA_0.01,0.0053309862695414545,0.01987477697434272,3.3112970934504838e-06
nuisance_dominant,nDFA_0.01,0.005421869428222296,0.019872653880052587,3.367409650462458e-06
nuisance_dominant,nDFA_0.01,0.005514301971597493,0.019870494992686148,3.4244672402159017e-06
nuisance_dominant,nDFA_0.01,0.005608310313724007,0.019868299715779705,3.482485579141377e-06
nuisance_dominant,nDFA_0.01,0.0057039213189681555,0.019866067443169808,3.5414806381827242e-06
nuisance_dominant,nDFA_0.01,0.005801162309682508,0.019863797558843745,3.6014686467568927e-06
nuisance_dominant,nDFA_0.01,0.005900061074013706,0.019861489436788154,3.662466096637023e-06
nuisance_dominant,nDFA_0.01,0.006000645873843326,0.01985914244083564,3.7244897459847085e-06
nuisance_dominant,nDFA_0.01,0.0061029454528641796,0.019856755924509147,3.787556623367454e-06
nuisance_dominant,nDFA_0.01,0.006206989044794294,0.019854329230864345,3.851684031876841e-06
nuisance_dominant,nDFA_0.01,0.006312806381730868,0.019851861692330157,3.916889553263524e-06
nuisance_dominant,nDFA_0.01,0.006420427702646719,0.01984935263054694,3.983191052144871e-06
nuisance_dominant,nDFA_0.01,0.006529883762031532,0.019846801356202665,4.050606680238756e-06
nuisance_dominant,nDFA_0.01,0.006641205838680439,0.019844207168866916,4.1191548807260064e-06
nuisance_dominant,nDFA_0.01,0.006754425744632454,0.0198415693568229,4.188854392562579e-06
nuisance_dominant,nDFA_0.01,0.006869575834261216,0.01983888719689727,4.2597242549208664e-06
nuisance_dominant,nDFA_0.01,0.006986689013520816,0.019836159954287537,4.3317838116515145e-06
nuisance_dominant,nDFA_0.01,0.007105798749349149,0.019833386882387758,4.405052715834839e-06
nuisance_dominant,nDFA_0.01,0.007226939079231637,0.019830567222611718,4.479550934330355e-06
nuisance_dominant,nDFA_0.01,0.007350144620927981,0.019827700204214052,4.555298752431263e-06
nuisance_dominant,nDFA_0.01,0.007475450582364718,0.019824785044109124,4.632316778575999e-06
nuisance_dominant,nDFA_0.01,0.007602892771696472,0.019821820946687652,4.710625949061801e-06
nuisance_dominant,nDFA_0.01,0.007732507607538658,0.01981880710363134,4.790247532876245e-06
nuisance_dominant,nDFA_0.01,0.00786433212937469,0.019815742693724953,4.871203136546197e-06
nuisance_dominant,nDFA_0.01,0.00799840400814063,0.01981262688266646,4.953514709072863e-06
nuisance_dominant,nDFA_0.01,0.008134761556990196,0.019809458822874715,5.037204546892895e-06
nuisance_dominant,nDFA_0.01,0.008273443742243394,0.019806237653295027,5.122295298902673e-06
nuisance_dominant,nDFA_0.01,0.008414490194521727,0.01980296249920256,5.2088099715515e-06
nuisance_dominant,nDFA_0.01,0.008557941220073315,0.019799632472003118,5.296771933988762e-06
nuisance_dominant,nDFA_0.01,0.008703837812290985,0.019796246669032215,5.386204923280436e-06
nuisance_dominant,nDFA_0.01,0.008852221663426809,0.01979280417335146,5.47713304963741e-06
nuisance_dominant,nDFA_0.01,0.009003135176506341,0.01978930405354283,5.569580801728185e-06
nuisance_dominant,nDFA_0.01,0.00915662147744591,0.01978574536350082,5.663573052085821e-06
nuisance_dominant,nDFA_0.01,0.009312724427376552,0.019782127142222144,5.7591350624881e-06
nuisance_dominant,nDFA_0.01,0.009471488635178014,0.01977844841359335,5.8562924894708795e-06
nuisance_dominant,nDFA_0.01,0.009632959470226472,0.019774708186176028,5.9550713898582505e-06
nuisance_dominant,nDFA_0.01,0.0097971830753595,0.019770905452990012,6.0554982263350845e-06
nuisance_dominant,nDFA_0.01,0.00996420638006213,0.019767039191294203,6.1575998731382536e-06
nuisance_dominant,nDFA_0.01,0.010134077113877737,0.01976310836236525,6.261403621722443e-06
nuisance_dominant,nDFA_0.01,0.010306843820047417,0.01975911191127392,6.3669371865380175e-06
nuisance_dominant,nDFA_0.01,0.010482555869382074,0.019755048766659518,6.474228710838374e-06
nuisance_dominant,nDFA_0.01,0.01066126347437087,0.019750917840501835,6.5833067725427115e-06
nuisance_dominant,nDFA_0.01,0.010843017703530211,0.01974671802789131,6.694200390174032e-06
nuisance_dominant,nDFA_0.01,0.011027870495997438,0.019742448206796666,6.806939028805855e-06
nuisance_dominant,nDFA_0.01,0.011215874676373193,0.019738107237830763,6.9215526061120025e-06
nuisance_dominant,nDFA_0.01,0.011407083969816937,0.019733693964014174,7.038071498429058e-06
nuisance_dominant,nDFA_0.01,0.011601553017399714,0.019729207210536906,7.156526546891653e-06
nuisance_dominant,nDFA_0.01,0.011799337391718746,0.019724645784517738,7.276949063588878e-06
nuisance_dominant,nDFA_0.01,0.012000493612778126,0.01972000847476202,7.39937083784921e-06
nuisance_dominant,nDFA_0.01,0.01220507916414035,0.01971529405151707,7.523824142444269e-06
nuisance_dominant,nDFA_0.01,0.012413152509353128,0.019710501266226088,7.650341739955076e-06
nuisance_dominant,nDFA_0.01,0.012624773108656248,0.019705628851279737,7.778956889137121e-06
nuisance_dominant,nDFA_0.01,0.012840001435973322,0.019700675519766307,7.909703351322065e-06
nuisance_dominant,nDFA_0.01,0.013058898996193115,0.01969563996521967,8.04261539691012e-06
nuisance_dominant,nDFA_0.01,0.013281528342745581,0.01969052086136589,8.177727811809325e-06
nuisance_dominant,nDFA_0.01,0.013507953095477445,0.019685316861867815,8.315075904062023e-06
nuisance_dominant,nDFA_0.01,0.01373823795883263,0.019680026600068214,8.454695510362443e-06
nuisance_dominant,nDFA_0.01,0.01397244874034252,0.019674648688731297,8.596623002714852e-06
nuisance_dominant,nDFA_0.01,0.014210652369431549,0.019669181719782637,8.740895295079713e-06
nuisance_dominant,nDFA_0.01,0.01445291691654329,0.019663624264047882,8.887549850084522e-06
nuisance_dominant,nDFA_0.01,0.014699311612592705,0.01965797487098963,9.036624685749166e-06
nuisance_dominant,nDFA_0.01,0.014949906868749948,0.01965223206844361,9.188158382244295e-06
nuisance_dominant,nDFA_0.01,0.015204774296561448,0.019646394362353006,9.34219008867878e-06
nuisance_dominant,nDFA_0.01,0.015463986728414087,0.019640460236502254,9.498759529959405e-06
nuisance_dominant,nDFA_0.01,0.015727618238348142,0.01963442815224919,9.657907013573619e-06
nuisance_dominant,nDFA_0.01,0.01599574416322518,0.019628296548256756,9.81967343653946e-06
nuisance_dominant,nDFA_0.01,0.01626844112425668,0.0196220638402235,9.98410029223416e-06
nuisance_dominant,nDFA_0.01,0.016545787048899814,0.01961572842061344,1.0151229677338161e-05
nuisance_dominant,nDFA_0.01,0.01682786119312641,0.019609288658385328,1.0321104298782074e-05
nuisance_dominant,nDFA_0.01,0.01711474416407161,0.019602742898721236,1.0493767480650885e-05
nuisance_dominant,nDFA_0.01,0.01740651794306865,0.019596089462754863,1.0669263171165802e-05
nuisance_dominant,nDFA_0.01,0.017703265909076255,0.01958932664729958,1.0847635949654958e-05
nuisance_dominant,nDFA_0.01,0.018005072862505567,0.019582452724576017,1.1028931033500124e-05
nuisance_dominant,nDFA_0.01,0.01831202504945315,0.019575465941940002,1.1213194285143575e-05
nuisance_dominant,nDFA_0.01,0.0186242101863472,0.01956836452161041,1.1400472219016764e-05
nuisance_dominant,nDFA_0.01,0.018941717485013866,0.019561146660397398,1.159081200853798e-05
nuisance_dominant,nDFA_0.01,0.01926463767817099,0.019553810529430844,1.178426149309104e-05
nuisance_dominant,nDFA_0.01,0.019593063045356338,0.019546354273889708,1.1980869184916058e-05
nuisance_dominant,nDFA_0.01,0.01992708743929801,0.01953877601273197,1.2180684276098524e-05
nuisance_dominant,nDFA_0.01,0.02026680631273427,0.019531073838425415,1.2383756645457076e-05
nuisance_dominant,nDFA_0.01,0.020612316745690726,0.01952324581667981,1.2590136865442902e-05
nuisance_dominant,nDFA_0.01,0.02096371747322245,0.019515289986180257,1.2799876209001336e-05
nuisance_dominant,nDFA_0.01,0.02132110891362906,0.01950720435832206,1.301302665639131e-05
nuisance_dominant,nDFA_0.01,0.021684593197150888,0.019498986916947448,1.322964090201943e-05
nuisance_dominant,nDFA_0.01,0.022054274195154235,0.019490635618084118,1.3449772361138087e-05
nuisance_dominant,nDFA_0.01,0.022430257549814335,0.019482148389686225,1.3673475176603515e-05
nuisance_dominant,nDFA_0.01,0.022812650704304178,0.019473523131377544,1.3900804225502873e-05
nuisance_dominant,nDFA_0.01,0.02320156293349819,0.019464757714197502,1.413181512576537e-05
nuisance_dominant,nDFA_0.01,0.02359710537519915,0.019455849980350125,1.4366564242698545e-05
nuisance_dominant,nDFA_0.01,0.023999391061897666,0.01944679774295618,1.4605108695440576e-05
nuisance_dominant,nDFA_0.01,0.024408534953072943,0.019437598785808818,1.4847506363404586e-05
nuisance_dominant,nDFA_0.01,0.024824653968044234,0.019428250863133188,1.5093815892538802e-05
nuisance_dominant,nDFA_0.01,0.025247867019382475,0.019418751699349916,1.5344096701597963e-05
nuisance_dominant,nDFA_0.01,0.025678295046891307,0.01940909898884309,1.5598408988258207e-05
nuisance_dominant,nDFA_0.01,0.026116061052167662,0.019399290395733203,1.585681373517655e-05
nuisance_dominant,nDFA_0.01,0.026561290133751272,0.01938932355365484,1.611937271592011e-05
nuisance_dominant,nDFA_0.01,0.02701410952287369,0.019379196065540148,1.6386148500783355e-05
nuisance_dominant,nDFA_0.01,0.02747464861981648,0.0193689055034078,1.6657204462504653e-05
nuisance_dominant,nDFA_0.01,0.02794303903088952,0.019358449408158535,1.693260478183082e-05
nuisance_dominant,nDFA_0.01,0.028419414606039497,0.019347825289376962,1.7212414452973362e-05
nuisance_dominant,nDFA_0.01,0.02890391147709964,0.01933703062514046,1.749669928890995e-05
nuisance_dominant,nDFA_0.01,0.029396668096691603,0.019326062861835632,1.7785525926498783e-05
nuisance_dominant,nDFA_0.01,0.029897825277790394,0.019314919413982435,1.8078961831538005e-05
nuisance_dominant,nDFA_0.01,0.030407526233964005,0.019303597664066828,1.8377075303539724e-05
nuisance_dominant,nDFA_0.01,0.03092591662029884,0.019292094962382007,1.8679935480400844e-05
nuisance_dominant,nDFA_0.01,0.03145314457502307,0.019280408626878985,1.8987612342863267e-05
nuisance_dominant,nDFA_0.01,0.031989360761839336,0.019268535943027135,1.9300176718815344e-05
nuisance_dominant,nDFA_0.01,0.03253471841297941,0.019256474163684683,1.961770028731929e-05
nuisance_dominant,nDFA_0.01,0.03308937337299261,0.019244220508980354,1.9940255582516667e-05
nuisance_dominant,nDFA_0.01,0.03365348414328091,0.019231772166206224,2.0267915997235816e-05
nuisance_dominant,nDFA_0.01,0.034227211927393225,0.01921912628972268,2.060075578643453e-05
nuisance_dominant,nDFA_0.01,0.03481072067709176,0.01920628000087574,2.0938850070359487e-05
nuisance_dominant,nDFA_0.01,0.03540417713920396,0.019193230387927883,2.1282274837435952e-05
nuisance_dominant,nDFA_0.01,0.036007750903272906,0.019179974506002277,2.163110694696569e-05
nuisance_dominant,nDFA_0.01,0.036621614450020344,0.019166509377041844,2.1985424131504284e-05
nuisance_dominant,nDFA_0.01,0.0372459432006356,0.01915283198978313,2.234530499894435e-05
nuisance_dominant,nDFA_0.01,0.03788091556690515,0.019138939299746405,2.2710829034370258e-05
nuisance_dominant,nDFA_0.01,0.03852671300219639,0.01912482822924188,2.3082076601520198e-05
nuisance_dominant,nDFA_0.01,0.039183520053311,0.019110495667393514,2.3459128944008608e-05
nuisance_dominant,nDFA_0.01,0.03985152441322198,0.01909593847018081,2.3842068186186948e-05
nuisance_dominant,nDFA_0.01,0.04053091697470985,0.01908115346049935,2.4230977333676682e-05
nuisance_dominant,nDFA_0.01,0.0412218918849134,0.019066137428241113,2.4625940273529158e-05
nuisance_dominant,nDFA_0.01,0.04192464660081018,0.01905088713039518,2.5027041774102975e-05
nuisance_dominant,nDFA_0.01,0.04263938194564303,0.01903539929116986,2.5434367484418368e-05
nuisance_dominant,nDFA_0.01,0.04336630216630838,0.019019670602136857,2.584800393332192e-05
nuisance_dominant,nDFA_0.01,0.04410561499172318,0.019003697722398866,2.6268038528097403e-05
nuisance_dominant,nDFA_0.01,0.04485753169218653,0.018987477278780963,2.669455955273309e-05
nuisance_dominant,nDFA_0.01,0.04562226713975368,0.018971005866047108,2.712765616578466e-05
nuisance_dominant,nDFA_0.01,0.04640003986963895,0.018954280047142787,2.756741839776418e-05
nuisance_dominant,nDFA_0.01,0.04719107214266573,0.018937296353464476,2.801393714813325e-05
nuisance_dominant,nDFA_0.01,0.04799559000878098,0.018920051285157204,2.8467304181801374e-05
nuisance_dominant,nDFA_0.01,0.04881382337165251,0.018902541311441496,2.892761212517011e-05
nuisance_dominant,nDFA_0.01,0.049646006054367676,0.018884762870970257,2.9394954461723846e-05
nuisance_dominant,nDFA_0.01,0.05049237586625192,0.01886671237221718,2.9869425527101617e-05
nuisance_dominant,nDFA_0.01,0.05135317467082665,0.01884838619389753,3.0351120503697943e-05
nuisance_dominant,nDFA_0.01,0.05222864845492539,0.01882978068542305,3.0840135414680536e-05
nuisance_dominant,nDFA_0.01,0.0531190473989886,0.018810892167391135,3.133656711764327e-05
nuisance_dominant,nDFA_0.01,0.054024625948556476,0.01879171693211077,3.184051329751319e-05
nuisance_dominant,nDFA_0.01,0.05494564288698094,0.018772251244165674,3.235207245910003e-05
nuisance_dominant,nDFA_0.01,0.055882361409377024,0.018752491341016142,3.287134391902639e-05
nuisance_dominant,nDFA_0.01,0.0568350491978349,0.018732433433641053,3.339842779704791e-05
nuisance_dominant,nDFA_0.01,0.05780397849791447,0.018712073707221506,3.3933425006885244e-05
nuisance_dominant,nDFA_0.01,0.05878942619644362,0.018691408321867074,3.4476437246446284e-05
nuisance_dominant,nDFA_0.01,0.05979167390064319,0.01867043341338646,3.502756698745986e-05
nuisance_dominant,nDFA_0.01,0.06081100801860048,0.018649145094104005,3.55869174644924e-05
nuisance_dominant,nDFA_0.01,0.06184771984111511,0.01862753945372337,3.615459266344476e-05
nuisance_dominant,nDFA_0.01,0.06290210562493968,0.018605612560239966,3.673069730934019e-05
nuisance_dominant,nDFA_0.01,0.06397446667744011,0.018583360460903968,3.7315336853624975e-05
nuisance_dominant,nDFA_0.01,0.0650651094426987,0.018560779183234972,3.7908617460733914e-05
nuisance_dominant,nDFA_0.01,0.06617434558908554,0.01853786473609042,3.85106459941402e-05
nuisance_dominant,nDFA_0.01,0.06730249209832263,0.018514613110789228,3.912153000173102e-05
nuisance_dominant,nDFA_0.01,0.06844987135606631,0.01849102028229225,3.974137770060657e-05
nuisance_dominant,nDFA_0.01,0.06961681124403418,0.01846708221044143,4.0370297961241734e-05
nuisance_dominant,nDFA_0.01,0.07080364523370232,0.018442794841259304,4.1008400291035396e-05
nuisance_dominant,nDFA_0.01,0.07201071248160025,0.018418154108310665,4.165579481727756e-05
nuisance_dominant,nDFA_0.01,0.07323835792622993,0.01839315593412808,4.231259226947498e-05
nuisance_dominant,nDFA_0.01,0.07448693238663776,0.018367796231703423,4.2978903961125417e-05
nuisance_dominant,nDFA_0.01,0.07575679266266629,0.01834207090604678,4.365484177086838e-05
nuisance_dominant,nDFA_0.01,0.07704830163691566,0.018315975855815018,4.4340518123087686e-05
nuisance_dominant,nDFA_0.01,0.07836182837844297,0.018289506975011888,4.5036045967958885e-05
nuisance_dominant,nDFA_0.01,0.07969774824822941,0.018262660154761415,4.5741538760902564e-05
nuisance_dominant,nDFA_0.01,0.0810564430064459,0.0182354312851565,4.6457110441580414e-05
nuisance_dominant,nDFA_0.01,0.08243830092154673,0.0182078162571852,4.718287541231181e-05
nuisance_dominant,nDFA_0.01,0.0838437168812237,0.018179810964736108,4.791894851609094e-05
nuisance_dominant,nDFA_0.01,0.08527309250525125,0.01815141130668515,4.8665445014050054e-05
nuisance_dominant,nDFA_0.01,0.08672683626025589,0.01812261318906579,4.9422480562573895e-05
nuisance_dominant,nDFA_0.01,0.0882053635764417,0.018093412527324805,5.0190171189948555e-05
nuisance_dominant,nDFA_0.01,0.08970909696630631,0.018063805248665594,5.096863327272119e-05
nuisance_dominant,nDFA_0.01,0.0912384661453805,0.01803378729448092,5.1757983511664226e-05
nuisance_dominant,nDFA_0.01,0.09279390815502589,0.018003354622877884,5.255833890752479e-05
nuisance_dominant,nDFA_0.01,0.09437586748732682,0.017972503211296124,5.336981673646508e-05
nuisance_dominant,nDFA_0.01,0.09598479621211059,0.017941229059222588,5.41925345253902e-05
nuisance_dominant,nDFA_0.01,0.09762115410613391,0.017909528191003964,5.502661002709284e-05
nuisance_dominant,nDFA_0.01,0.09928540878447097,0.01787739665875953,5.587216119538636e-05
nuisance_dominant,nDFA_0.01,0.10097803583414221,0.017844830545396286,5.672930616014317e-05
nuisance_dominant,nDFA_0.01,0.10269951895002051,0.017811825967728373,5.759816320250764e-05
nuisance_dominant,nDFA_0.01,0.10445035007305466,0.017778379079703217,5.847885073011903e-05
nuisance_dominant,nDFA_0.01,0.10623102953084963,0.017744486075736077,5.937148725268065e-05
nuisance_dominant,nDFA_0.01,0.10804206618064248,0.017710143194155436,6.027619135773055e-05
nuisance_dominant,nDFA_0.01,0.10988397755471659,0.017675346720760873,6.119308168684557e-05
nuisance_dominant,nDFA_0.01,0.1117572900082951,0.017640092992495783,6.212227691232704e-05
nuisance_dominant,nDFA_0.01,0.11366253886995442,0.01760437840123687,6.306389571451981e-05
nuisance_dominant,nDFA_0.01,0.11560026859460341,0.017568199397701937,6.401805675974965e-05
nuisance_dominant,nDFA_0.01,0.11757103291906959,0.01753155249547869,6.498487867914867e-05
nuisance_dominant,nDFA_0.01,0.11957539502033872,0.01749443427517558,6.596448004841669e-05
nuisance_dominant,nDFA_0.01,0.12161392767649076,0.017456841388696815,6.695697936862381e-05
nuisance_dominant,nDFA_0.01,0.12368721343038079,0.017418770563643694,6.79624950482815e-05
nuisance_dominant,nDFA_0.01,0.12579584475610944,0.017380218607843022,6.898114538672075e-05
nuisance_dominant,nDFA_0.01,0.12794042422833235,0.01734118241400518,7.001304855899983e-05
nuisance_dominant,nDFA_0.01,0.13012156469445452,0.01730165896451259,7.10583226025633e-05
nuisance_dominant,nDFA_0.01,0.13233988944976152,0.017261645336340628,7.211708540561649e-05
nuisance_dominant,nDFA_0.01,0.13459603241553642,0.01722113870611174,7.318945469766441e-05
nuisance_dominant,nDFA_0.01,0.1368906383202119,0.017180136355284526,7.427554804221521e-05
nuisance_dominant,nDFA_0.01,0.13922436288361215,0.017138635675478523,7.53754828318764e-05
nuisance_dominant,nDFA_0.01,0.14159787300433485,0.017096634173935883,7.648937628616337e-05
nuisance_dominant,nDFA_0.01,0.14401184695032862,0.017054129479120845,7.761734545205405e-05
nuisance_dominant,nDFA_0.01,0.14646697455271773,0.017011119346457385,7.875950720772196e-05
nuisance_dominant,nDFA_0.01,0.1489639574029329,0.01696760166420612,7.991597826950468e-05
nuisance_dominant,nDFA_0.01,0.15150350905320234,0.016923574459480603,8.10868752024667e-05
nuisance_dominant,nDFA_0.01,0.15408635522045983,0.01687903590440313,8.227231443476779e-05
nuisance_dominant,nDFA_0.01,0.15671323399373024,0.016833984322400443,8.347241227615362e-05
nuisance_dominant,nDFA_0.01,0.15938489604504993,0.016788418194638714,8.468728494074485e-05
nuisance_dominant,nDFA_0.01,0.1621021048439836,0.01674233616659822,8.591704857452529e-05
nuisance_dominant,nDFA_0.01,0.164865636875797,0.016695737054786202,8.716181928778178e-05
nuisance_dominant,nDFA_0.01,0.16767628186335026,0.016648619853587867,8.842171319275972e-05
nuisance_dominant,nDFA_0.01,0.17053484299277355,0.01660098374225408,8.969684644691536e-05
nuisance_dominant,nDFA_0.01,0.1734421371429907,0.01655282809202454,9.09873353021084e-05
nuisance_dominant,nDFA_0.01,0.1763989951191542,0.01650415247338493,9.229329615993264e-05
nuisance_dominant,nDFA_0.01,0.1794062618900615,0.016454956663456095,9.361484563373048e-05
nuisance_dominant,nDFA_0.01,0.1824647968296187,0.016405240653512933,9.495210061745956e-05
nuisance_dominant,nDFA_0.01,0.18557547396241897,0.016355004656630867,9.630517836191937e-05
nuisance_dominant,nDFA_0.01,0.18873918221350977,0.01630424911545662,9.767419655857804e-05
nuisance_dominant,nDFA_0.01,0.19195682566241667,0.01625297471010037,9.905927343148628e-05
nuisance_dominant,nDFA_0.01,0.19522932380149927,0.016201182366145886,0.00010046052783757782
nuisance_dominant,nDFA_0.01,0.1985576117987093,0.016148873262774067,0.00010187807937578095
nuisance_dominant,nDFA_0.01,0.20194264076483048,0.016096048840996368,0.00010331204850530007
nuisance_dominant,nDFA_0.01,0.2053853780252731,0.016042710811992746,0.0001047625566735432
nuisance_dominant,nDFA_0.01,0.2088868073965032,0.015988861165549043,0.00010622972645391956
nuisance_dominant,nDFA_0.01,0.21244792946718244,0.015934502178588477,0.00010771368169411297
nuisance_dominant,nDFA_0.01,0.21606976188410273,0.015879636423790578,0.00010921454767503563
nuisance_dominant,nDFA_0.01,0.21975333964299557,0.01582426677829139,0.00011073245128095837
nuisance_dominant,nDFA_0.01,0.2234997153842969,0.015768396432457484,0.00011226752118115805
nuisance_dominant,nDFA_0.01,0.2273099596939568,0.015712028898726426,0.00011381988802349247
nuisance_dominant,nDFA_0.01,0.2311851614093757,0.01565516802050525,0.00011538968464018633
nuisance_dominant,nDFA_0.01,0.23512642793055788,0.015597817981118098,0.00011697704626632244
nuisance_dominant,nDFA_0.01,0.23913488553656703,0.01553998331279397,0.00011858211077118573
nuisance_dominant,nDFA_0.01,0.24321167970737892,0.01548166890568444,0.00012020501890297317
nuisance_dominant,nDFA_0.01,0.24735797545122115,0.015422880016900523,0.00012184591454703378
nuisance_dominant,nDFA_0.01,0.2515749576374912,0.015363622279557948,0.0001235049449979689
nuisance_dominant,nDFA_0.01,0.25586383133535245,0.015303901711818607,0.00012518226124583833
nuisance_dominant,nDFA_0.01,0.26022582215810114,0.015243724725915522,0.00012687801827664257
nuisance_dominant,nDFA_0.01,0.26466217661340585,0.015183098137148585,0.00012859237538736474
nuisance_dominant,nDFA_0.01,0.2691741624595153,0.015122029172836542,0.0001303254965155649
nuisance_dominant,nDFA_0.01,0.2737630690675409,0.015060525481210885,0.0001320775505837616
nuisance_dominant,nDFA_0.01,0.2784302077899146,0.014998595140236173,0.00013384871185854232
nuisance_dominant,nDFA_0.01,0.2831769123351298,0.014936246666340506,0.00013563916032444657
nuisance_dominant,nDFA_0.01,0.28800453914886753,0.014873489023039328,0.00013744908207253878
nuisance_dominant,nDFA_0.01,0.29291446780162333,0.014810331629434945,0.00013927866970353867
nuisance_dominant,nDFA_0.01,0.297908101382942,0.01474678436857294,0.00014112812274528116
nuisance_dominant,nDFA_0.01,0.3029868669023709,0.014682857595636636,0.0001429976480842633
nuisance_dominant,nDFA_0.01,0.3081522156972515,0.01461856214595909,0.0001448874604108455
nuisance_dominant,nDFA_0.01,0.31340562384746146,0.01455390934283216,0.00014679778267773328
nuisance_dominant,nDFA_0.01,0.3187485925972288,0.014488911005090454,0.00014872884657109804
nuisance_dominant,nDFA_0.01,0.32418264878413444,0.014423579454448204,0.00015068089299373477
nuisance_dominant,nDFA_0.01,0.3297093452754312,0.014357927522565045,0.00015265417255947474
nuisance_dominant,nDFA_0.01,0.33533026141179956,0.014291968557817367,0.00015464894609795078
nuisance_dominant,nDFA_0.01,0.3410470034586704,0.014225716431749478,0.00015666548516870792
nuisance_dominant,nDFA_0.01,0.34686120506523876,0.014159185545179342,0.00015870407258353685
nuisance_dominant,nDFA_0.01,0.3527745277313059,0.014092390833932397,0.0001607650029357347
nuisance_dominant,nDFA_0.01,0.35878866128208003,0.014025347774175514,0.0001628485831348502
nuisance_dominant,nDFA_0.01,0.36490532435106837,0.013958072387323883,0.00016495513294536844
nuisance_dominant,nDFA_0.01,0.37112626487120537,0.01389058124449125,0.00016708498552756983
nuisance_dominant,nDFA_0.01,0.37745326057435113,0.013822891470454452,0.0001692384879786889
nuisance_dominant,nDFA_0.01,0.3838881194993082,0.013755020747101717,0.0001714160018722876
nuisance_dominant,nDFA_0.01,0.39043268050849433,0.01368698731633416,0.00017361790379359223
nuisance_dominant,nDFA_0.01,0.3970888138134286,0.013618809982388522,0.00017584458586840474
nuisance_dominant,nDFA_0.01,0.40385842150917256,0.013550508113549492,0.00017809645628294362
nuisance_dominant,nDFA_0.01,0.4107434381178857,0.013482101643218636,0.00018037393979184333
nuisance_dominant,nDFA_0.01,0.4177458311416433,0.01341361107030708,0.00018267747821135809
nuisance_dominant,nDFA_0.01,0.4248676016246823,0.01334505745891805,0.0001850075308945406
nuisance_dominant,nDFA_0.01,0.43211078472523234,0.013276462437285665,0.00018736457518512482
nuisance_dominant,nDFA_0.01,0.43947745029709223,0.01320784819593541,0.00018974910684650575
nuisance_dominant,nDFA_0.01,0.44696970348112464,0.013139237485031995,0.00019216164046214224
nuisance_dominant,nDFA_0.01,0.4545896853068325,0.013070653610879756,0.00019460270980345976
nuisance_dominant,nDFA_0.01,0.46233957330419384,0.013002120431540998,0.00019707286816118878
nuisance_dominant,nDFA_0.01,0.4702215821259226,0.012933662351537211,0.00019957268863591489
nuisance_dominant,nDFA_0.01,0.4782379641803417,0.012865304315598874,0.00020210276438344717
nuisance_dominant,nDFA_0.01,0.48639101027504605,0.01279707180142901,0.0002046637088105087
nuisance_dominant,nDFA_0.01,0.4946830502715338,0.012728990811446433,0.00020725615571602775
nuisance_dominant,nDFA_0.01,0.503116453751003,0.012661087863474904,0.00020988075937337304
nuisance_dominant,nDFA_0.01,0.5116936306914959,0.01259338998034495,0.00021253819454862037
nuisance_dominant,nDFA_0.01,0.52041703215659,0.01252592467837568,0.00021522915644991893
nuisance_dominant,nDFA_0.01,0.5292891509958252,0.012458719954704819,0.00021795436060308328
nuisance_dominant,nDFA_0.01,0.5383125225570771,0.012391804273436008,0.0002207145426483238
nuisance_dominant,nDFA_0.01,0.5474897254110712,0.012325206550573713,0.00022351045805325636
nuisance_dominant,nDFA_0.01,0.5568233820882527,0.012258956137716841,0.00022634288173717753
nuisance_dominant,nDFA_0.01,0.5663161598282122,0.012193082804484138,0.00022921260760183054
nuisance_dominant,nDFA_0.01,0.5759707713418936,0.012127616719645533,0.00023212044796384033
nuisance_dominant,nDFA_0.01,0.5857899755867956,0.012062588430935346,0.00023506723288431886
nuisance_dominant,nDFA_0.01,0.5957765785553836,0.011998028843525483,0.00023805380939117329
nuisance_dominant,nDFA_0.01,0.6059334340769489,0.011933969197138513,0.00024108104058994496
nuisance_dominant,nDFA_0.01,0.6162634446331343,0.011870441041782687,0.00024414980465929827
nuisance_dominant,nDFA_0.01,0.6267695621873663,0.011807476212093847,0.0002472609937275501
nuisance_dominant,nDFA_0.01,0.6374547890284212,0.011745106800271181,0.0002504155126269681
nuisance_dominant,nDFA_0.01,0.6483221786283797,0.011683365127597304,0.000253614277523069
nuisance_dominant,nDFA_0.01,0.6593748365152027,0.011622283714535539,0.0002568582144164336
nuisance_dominant,nDFA_0.01,0.6706159211601879,0.011561895249400864,0.00026014825751519876
nuisance_dominant,nDFA_0.01,0.6820486448805486,0.011502232555604456,0.00026348534747679266
nuisance_dominant,nDFA_0.01,0.6936762747573865,0.01144332855747512,0.00026687042951812153
nuisance_dominant,nDFA_0.01,0.7055021335693127,0.011385216244665004,0.0002703044513939849
nuisance_dominant,nDFA_0.01,0.7175296007419812,0.011327928635150976,0.0002737883612441954
nuisance_dominant,nDFA_0.01,0.7297621133138149,0.01127149873684721,0.0002773231053104498
nuisance_dominant,nDFA_0.01,0.7422031669181925,0.011215959507849083,0.0002809096255248044
nuisance_dominant,nDFA_0.01,0.7548563167823837,0.011161343815333031,0.0002845488569723321
nuisance_dominant,nDFA_0.01,0.7677251787435072,0.011107684393141987,0.0002882417252311903
nuisance_dominant,nDFA_0.01,0.780813430281815,0.011055013798090875,0.0002919891435942458
nuisance_dominant,nDFA_0.01,0.7941248115715934,0.011003364365031857,0.00029579201017706266
nuisance_dominant,nDFA_0.01,0.8076631265499712,0.010952768160724621,0.00029965120491790026
nuisance_dominant,nDFA_0.01,0.8214322440039585,0.010903256936562144,0.00030356758647616253
nuisance_dominant,nDFA_0.01,0.8354360986760122,0.0108548620802082,0.00030754198903649646
nuisance_dominant,nDFA_0.01,0.8496786923884532,0.010807614566208842,0.0003115752190265218
nuisance_dominant,nDFA_0.01,0.8641640951870458,0.010761544905645605,0.0003156680517569086
nuisance_dominant,nDFA_0.01,0.878896446504081,0.010716683094904412,0.00031982122799329576
nuisance_dominant,nDFA_0.01,0.8938799563412821,0.01067305856364047,0.00032403545047018646
nuisance_dominant,nDFA_0.01,0.9091189064728835,0.010630700122024796,0.00032831138035761587
nuisance_dominant,nDFA_0.01,0.9246176516692093,0.010589635907365298,0.0003326496336921336
nuisance_dominant,nDFA_0.01,0.9403806209411201,0.010549893330200386,0.0003370507777840007
nuisance_dominant,nDFA_0.01,0.9564123188056762,0.010511499019970219,0.0003415153276132475
nuisance_dominant,nDFA_0.01,0.9727173265733684,0.010474478770376107,0.0003460437422275646
nuisance_dominant,nDFA_0.01,0.9893003036573033,0.010438857484545146,0.00035063642115547956
nuisance_dominant,nDFA_0.01,1.0061659889047023,0.010404659120122783,0.0003552937008485744
nuisance_dominant,nDFA_0.01,1.023319201951106,0.010371906634422116,0.0003600158511668308
nuisance_dominant,nDFA_0.01,1.0407648445976552,0.010340621929764269,0.0003648030719213858
nuisance_dominant,nDFA_0.01,1.0585079022118615,0.010310825799149654,0.0003696554894890528
nuisance_dominant,nDFA_0.01,1.0765534451522527,0.010282537872405203,0.0003745731535131966
nuisance_dominant,nDFA_0.01,1.094906630217312,0.010255776562957829,0.0003795560337053877
nuisance_dominant,nDFA_0.01,1.1135727021191089,0.010230559015388519,0.0003846040167622518
nuisance_dominant,nDFA_0.01,1.1325569949820598,0.010206901053926616,0.00038971690341186015
nuisance_dominant,nDFA_0.01,1.1518649338672433,0.010184817132046862,0.00039489440560366753
nuisance_dominant,nDFA_0.01,1.1715020363226891,0.010164320283336133,0.00040013614385579576
nuisance_dominant,nDFA_0.01,1.1914739139601096,0.010145422073799221,0.000405441644773105
nuisance_dominant,nDFA_0.01,1.2117862740585037,0.010128132555776052,0.0004108103387490772
nuisance_dominant,nDFA_0.01,1.2324449211951067,0.010112460223644416,0.0004162415578640632
nuisance_dominant,nDFA_0.01,1.2534557589041324,0.010098411971483926,0.0004217345339918531
nuisance_dominant,nDFA_0.01,1.2748247913638062,0.010085993052877575,0.0004272883971260546
nuisance_dominant,nDFA_0.01,1.296558125112151,0.010075207043027716,0.0004329021739369866
nuisance_dominant,nDFA_0.01,1.3186619707920322,0.010066055803362303,0.00043857478656917856
nuisance_dominant,nDFA_0.01,1.3411426449259387,0.010058539448806456,0.0004443050516888063
nuisance_dominant,nDFA_0.01,1.364006571721033,0.010052656317892202,0.0004500916797895719
nuisance_dominant,nDFA_0.01,1.3872602849049733,0.010048402945876276,0.00045593327476475755
nuisance_dominant,nDFA_0.01,1.4109104295930222,0.010045774041032643,0.0004618283337522936
nuisance_dominant,nDFA_0.01,1.4349637641869968,0.010044762464281657,0.0004677752472587405
nuisance_dominant,nDFA_0.01,1.4594271623065878,0.010045359212312688,0.0004737722995672719
nuisance_dominant,nDFA_0.01,1.484307614753609,0.010047553404350663,0.0004798176694336346
nuisance_dominant,nDFA_0.01,1.5096122315097211,0.010051332272710243,0.0004859094310732388
nuisance_dominant,nDFA_0.01,1.5353482437682255,0.010056681157273057,0.0004920455554413965
nuisance_dominant,nDFA_0.01,1.5615230060004965,0.010063583504015025,0.0004982239118078516
nuisance_dominant,nDFA_0.01,1.5881439980576275,0.010072020867700615,0.0005044422696255724
nuisance_dominant,nDFA_0.01,1.6152188273079233,0.010081972918850657,0.0005106983006928679
nuisance_dominant,nDFA_0.01,1.6427552308108229,0.010093417455078831,0.0005169895816067737
nuisance_dominant,nDFA_0.01,1.6707610775278907,0.010106330416879401,0.0005233135965046535
nuisance_dominant,nDFA_0.01,1.6992443705714897,0.01012068590793588,0.0005296677400898342
nuisance_dominant,nDFA_0.01,1.7282132494918006,0.010136456220006375,0.0005360493209362323
nuisance_dominant,nDFA_0.01,1.7576759926028247,0.01015361186242659,0.0005424555650656404
nuisance_dominant,nDFA_0.01,1.78764101934805,0.01017212159625604,0.0005488836197905804
nuisance_dominant,nDFA_0.01,1.8181168927064288,0.010191952473077215,0.0005553305578144627
nuisance_dominant,nDFA_0.01,1.8491123216393888,0.010213069878440603,0.0005617933815798352
nuisance_dominant,nDFA_0.01,1.880636163579563,0.010235437579931226,0.0005682690278546262
nuisance_dominant,nDFA_0.01,1.9126974269619283,0.010259017779814973,0.0005747543725452256
nuisance_dominant,nDFA_0.01,1.9453052737981165,0.010283771172204654,0.0005812462357244481
nuisance_dominant,nDFA_0.01,1.9784690222945986,0.010309657004667499,0.0005877413868615126
nuisance_dominant,nDFA_0.01,2.012198149515519,0.010336633144177187,0.0005942365502403592
nuisance_dominant,nDFA_0.01,2.046502294090901,0.01036465614729466,0.0006007284105518132
nuisance_dominant,nDFA_0.01,2.0813912589710486,0.010393681334443291,0.0006072136186444249
nuisance_dominant,nDFA_0.01,2.1168750142278885,0.010423662868125174,0.0006136887974180883
nuisance_dominant,nDFA_0.01,2.152963699904084,0.010454553834906668,0.0006201505478439253
nuisance_dominant,nDFA_0.01,2.1896676289106987,0.010486306330982938,0.0006265954550933815
nuisance_dominant,nDFA_0.01,2.2269972899742814,0.010518871551113428,0.0006330200947589265
nuisance_dominant,nDFA_0.01,2.26496335063419,0.010552199880702468,0.0006394210391483934
nuisance_dominant,nDFA_0.01,2.303576660290997,0.010586240990782234,0.0006457948636345245
nuisance_dominant,nDFA_0.01,2.3428482533068857,0.010620943935639357,0.0006521381530411126
nuisance_dominant,nDFA_0.01,2.3827893521588885,0.010656257252810487,0.0006584475080467924
nuisance_dominant,nDFA_0.01,2.4234113706458946,0.010692129065157815,0.0006647195515875093
nuisance_dominant,nDFA_0.01,2.464725917150312,0.010728507184722005,0.0006709509352384978
nuisance_dominant,nDFA_0.01,2.50674479795535,0.010765339218037183,0.0006771383455567607
nuisance_dominant,nDFA_0.01,2.5494800206188595,0.010802572672581636,0.0006832785103649992
nuisance_dominant,nDFA_0.01,2.592943797404667,0.01084015506402754,0.000689368204958218
nuisance_dominant,nDFA_0.01,2.6371485487724318,0.010878034023944482,0.0006954042582143718
nuisance_dominant,nDFA_0.01,2.6821069069269825,0.010916157407604266,0.0007013835585908848
nuisance_dominant,nDFA_0.01,2.7278317194281803,0.010954473401528778,0.000707303059989117
nuisance_dominant,nDFA_0.01,2.7743360528622945,0.010992930630418386,0.0007131597874694312
nuisance_dominant,nDFA_0.01,2.8216331965759975,0.011031478263095865,0.0007189508428000195
nuisance_dominant,nDFA_0.01,2.8697366664739996,0.011070066117100081,0.000724673409823229
nuisance_dominant,nDFA_0.01,2.9186602088814415,0.011108644761564274,0.0007303247596238246
nuisance_dominant,nDFA_0.01,2.96841780447211,0.011147165618016423,0.0007359022554843318
nuisance_dominant,nDFA_0.01,3.0190236722636397,0.011185581058743675,0.0007414033576133718
nuisance_dominant,nDFA_0.01,3.070492273680835,0.011223844502368586,0.0007468256276337278
nuisance_dominant,nDFA_0.01,3.1228383166882305,0.011261910506292997,0.0007521667328177476
nuisance_dominant,nDFA_0.01,3.176076759993135,0.011299734855674887,0.0007574244500585604
nuisance_dominant,nDFA_0.01,3.2302228173203136,0.011337274648614792,0.0007625966695665749
nuisance_dominant,nDFA_0.01,3.2852919617595595,0.011374488377241492,0.0007676813982815849
nuisance_dominant,nDFA_0.01,3.3412999301873585,0.011411336004401206,0.0007726767629918773
nuisance_dominant,nDFA_0.01,3.3982627277639583,0.011447779035670815,0.000777581013152676
nuisance_dominant,nDFA_0.01,3.456196632507091,0.011483780586433418,0.0007823925233972541
nuisance_dominant,nDFA_0.01,3.5151181999436867,0.011519305443773758,0.0007871097957350885
nuisance_dominant,nDFA_0.01,3.575044267840856,0.011554320122971539,0.0007917314614323763
nuisance_dominant,nDFA_0.01,3.6359919610175564,0.01158879291839282,0.0007962562825713051
nuisance_dominant,nDFA_0.01,3.6979786962382923,0.011622693948602414,0.0008006831532854078
nuisance_dominant,nDFA_0.01,3.7610221871902074,0.011655995195544621,0.000805011100669357
nuisance_dominant,nDFA_0.01,3.8251404495450636,0.01168867053766474,0.000809239285362509
nuisance_dominant,nDFA_0.01,3.8903518061074984,0.011720695776869726,0.0008133670018064931
nuisance_dominant,nDFA_0.01,3.9566748920510686,0.011752048659253058,0.0008173936781780393
nuisance_dominant,nDFA_0.01,4.024128660243522,0.01178270888953634,0.0008213188759992493
nuisance_dominant,nDFA_0.01,4.092732386662896,0.011812658139207774,0.0008251422894283634
nuisance_dominant,nDFA_0.01,4.16250567590592,0.011841880048365835,0.000828863744234975
nuisance_dominant,nDFA_0.01,4.233468466790359,0.01187036022130466,0.0008324831964645923
nuisance_dominant,nDFA_0.01,4.305641038052818,0.011898086215905958,0.0008360007307982379
nuisance_dominant,nDFA_0.01,4.379044014143725,0.011925047526930441,0.0008394165586136375
nuisance_dominant,nDFA_0.01,4.453698371121101,0.011951235563329466,0.0008427310157554591
nuisance_dominant,nDFA_0.01,4.5296254426447815,0.011976643619725206,0.000845944560022768
nuisance_dominant,nDFA_0.01,4.606846926072856,0.012001266842234147,0.0008490577683827616
nuisance_dominant,nDFA_0.01,4.685384888662027,0.012025102188834952,0.0008520713339205823
nuisance_dominant,nDFA_0.01,4.76526177387369,0.012048148384506723,0.0008549860625358311
nuisance_dominant,nDFA_0.01,4.846500407787484,0.012070405871387545,0.0008578028693971127
nuisance_dominant,nDFA_0.01,4.929124005624213,0.012091876754226167,0.0008605227751667494
nuisance_dominant,nDFA_0.01,5.013156178379978,0.01211256474142071,0.0008631469020084613
nuisance_dominant,nDFA_0.01,5.0986209395733635,0.012132475081958216,0.0008656764693915888
nuisance_dominant,nDFA_0.01,5.185542712107698,0.012151614498586908,0.0008681127897060669
nuisance_dominant,nDFA_0.01,5.27394633525027,0.012169991117569064,0.0008704572637030355
nuisance_dominant,nDFA_0.01,5.363857071730567,0.012187614395376918,0.0008727113757766013
nuisance_dominant,nDFA_0.01,5.455300614959465,0.01220449504270587,0.0008748766891028678
nuisance_dominant,nDFA_0.01,5.548303096371546,0.012220644946189355,0.0008769548406528451
nuisance_dominant,nDFA_0.01,5.642891092892556,0.012236077088207509,0.0008789475360964615
nuisance_dominant,nDFA_0.01,5.739091634534208,0.012250805465186681,0.0008808565446151945
nuisance_dominant,nDFA_0.01,5.836932212118393,0.012264845004790033,0.0008826836936414071
nuisance_dominant,nDFA_0.01,5.936440785133139,0.01227821148239959,0.0008844308635425949
nuisance_dominant,nDFA_0.01,6.03764578972249,0.012290921437287973,0.0008860999822692005
nuisance_dominant,nDFA_0.01,6.140576146812549,0.0123029920888733,0.0008876930199846125
nuisance_dominant,nDFA_0.01,6.24526127037611,0.012314441253443643,0.0008892119836962373
nuisance_dominant,nDFA_0.01,6.351731075838154,0.012325287261727606,0.0008906589119063728
nuisance_dominant,nDFA_0.01,6.460015988624681,0.012335548877675287,0.0008920358693015046
nuisance_dominant,nDFA_0.01,6.570146952857214,0.012345245218800085,0.0008933449414985966
nuisance_dominant,nDFA_0.01,6.682155440195594,0.012354395678414131,0.0008945882298663435
nuisance_dominant,nDFA_0.01,6.796073458831493,0.012363019850072331,0.0008957678464392172
nuisance_dominant,nDFA_0.01,6.911933562635288,0.012371137454518542,0.0008968859089413372
nuisance_dominant,nDFA_0.01,7.029768860458798,0.012378768269405227,0.0008979445359367699
nuisance_dominant,nDFA_0.01,7.149613025596682,0.01238593206203394,0.0008989458421219347
nuisance_dominant,nDFA_0.01,7.271500305409138,0.012392648525338118,0.0008998919337750666
nuisance_dominant,nDFA_0.01,7.395465531108579,0.012398937217303516,0.0009007849043766228
nuisance_dominant,nDFA_0.01,7.521544127713236,0.012404817503993927,0.0009016268304136021
nuisance_dominant,nDFA_0.01,7.6497721241703935,0.012410308506321558,0.0009024197673794752
nuisance_dominant,nDFA_0.01,7.7801861636522665,0.012415429050673311,0.0009031657459803722
nuisance_dominant,nDFA_0.01,7.912823514027315,0.01242019762347504,0.0009038667685567739
nuisance_dominant,nDFA_0.01,8.04772207851015,0.01242463232974796,0.0009045248057287525
nuisance_dominant,nDFA_0.01,8.184920406492996,0.012428750855682954,0.0009051417932713928
nuisance_dominant,nDFA_0.01,8.324457704561745,0.012432570435231048,0.0009057196292256218
nuisance_dominant,nDFA_0.01,8.466373847699883,0.012436107820682328,0.0009062601712483545
nuisance_dominant,nDFA_0.01,8.61070939068338,0.012439379257179781,0.0009067652342044036
nuisance_dominant,nDFA_0.01,8.7575055796699,0.012442400461090724,0.0009072365880012593
nuisance_dominant,nDFA_0.01,8.906804363985472,0.012445186602136296,0.0009076759556664026
nuisance_dominant,nDFA_0.01,9.058648408112223,0.012447752289158731,0.0009080850116656738
nuisance_dominant,nDFA_0.01,9.213081103880398,0.01245011155938722,0.000908465380459722
nuisance_dominant,nDFA_0.01,9.370146582868305,0.01245227787104682,0.0009088186352945412
nuisance_dominant,nDFA_0.01,9.529889729013544,0.01245426409913991,0.0009091462972208486
nuisance_dominant,nDFA_0.01,9.692356191439336,0.01245608253421752,0.00090944983433606
nuisance_dominant,nDFA_0.01,9.857592397499504,0.012457744883947514,0.0009097306612416224
nuisance_dominant,nDFA_0.01,10.025645566045766,0.012459262277278576,0.0009099901387075503
nuisance_dominant,nDFA_0.01,10.196563720921308,0.012460645270993352,0.0009102295735353347
nuisance_dominant,nDFA_0.01,10.370395704684338,0.012461903858440333,0.0009104502186095824
nuisance_dominant,nDFA_0.01,10.547191192565622,0.012463047480232355,0.0009106532731282176
nuisance_dominant,nDFA_0.01,10.727000706663942,0.012464085036700483,0.0009108398830006844
nuisance_dominant,nDFA_0.01,10.909875630383668,0.012465024901893735,0.0009110111414030124
nuisance_dominant,nDFA_0.01,11.09586822311825,0.012465874938919635,0.0009111680894785445
nuisance_dominant,nDFA_0.01,11.285031635184245,0.012466642516425826,0.000911311717172797
nuisance_dominant,nDFA_0.01,11.47741992300984,0.012467334526030212,0.0009114429641908802
nuisance_dominant,nDFA_0.01,11.673088064582329,0.012467957400515074,0.0009115627210659416
nuisance_dominant,nDFA_0.01,11.872091975158934,0.012468517132610159,0.0009116718303270784
nuisance_dominant,nDFA_0.01,12.07448852324546,0.01246901929419967,0.000911771087755426
nuisance_dominant,nDFA_0.01,12.280335546847452,0.01246946905579915,0.0009118612437172589
nuisance_dominant,nDFA_0.01,12.489691869998175,0.01246987120615941,0.0009119430045632679
nuisance_dominant,nDFA_0.01,12.702617319568612,0.012470230171866556,0.0009120170340835283
nuisance_dominant,nDFA_0.01,12.919172742363902,0.012470550036818944,0.0009120839550080114
nuisance_dominant,nDFA_0.01,13.139420022511283,0.012470834561473937,0.0009121443505429654
nuisance_dominant,nDFA_0.01,13.363422099144453,0.01247108720176905,0.000912198765933869
nuisance_dominant,nDFA_0.01,13.59124298438939,0.01247131112763369,0.0009122477100463099
nuisance_dominant,nDFA_0.01,13.822947781656945,0.012471509241019238,0.0009122916569564598
nuisance_dominant,nDFA_0.01,14.058602704246992,0.012471684193385374,0.0009123310475434362
nuisance_dominant,nDFA_0.01,14.298275094270045,0.012471838402591709,0.0009123662910764296
nuisance_dominant,nDFA_0.01,14.542033441891286,0.012471974069152802,0.0009123977667898862
nuisance_dominant,nDFA_0.01,14.789947404902728,0.012472093191824078,0.0009124258254406823
nuisance_dominant,nDFA_0.01,15.042087828629008,0.012472197582494616,0.0009124507908417347
nuisance_dominant,nDFA_0.01,15.298526766172571,0.01247228888037016,0.0009124729613669952
nuisance_dominant,nDFA_0.01,15.559337499003943,0.012472368565437411,0.0009124926114233717
nuisance_dominant,nDFA_0.01,15.824594557903191,0.01247243797120606,0.000912509992885517
nuisance_dominant,nDFA_0.01,16.094373744258082,0.012472498296731685,0.0009125253364900795
nuisance_dominant,nDFA_0.01,16.368752151725655,0.01247255061792683,0.0009125388531863269
nuisance_dominant,nDFA_0.01,16.647808188262907,0.012472595898172314,0.0009125507354406264
nuisance_dominant,nDFA_0.01,16.931621598533113,0.012472634998244535,0.0009125611584926795
nuisance_dominant,nDFA_0.01,17.220273486694122,0.012472668685577386,0.0009125702815617924
nuisance_dominant,nDFA_0.01,17.513846339575103,0.0124726976428805,0.000912578249001918
nuisance_dominant,nDFA_0.01,17.81242405024861,0.012472722476137245,0.0009125851914045521
nuisance_dominant,nDFA_0.01,18.116091942004132,0.012472743722007743,0.000912591226648904
nuisance_dominant,nDFA_0.01,18.424936792730715,0.012472761854663342,0.0009125964608991232
nuisance_dominant,nDFA_0.01,18.739046859715067,0.012472777292080062,0.000912600989548677
nuisance_dominant,nDFA_0.01,19.058511904862485,0.0124727904018187,0.0009126048981121684
nuisance_dominant,nDFA_0.01,19.38342322034772,0.01247280150631994,0.0009126082630652801
nuisance_dominant,nDFA_0.01,19.713873654703125,0.012472810887742571,0.0009126111526336608
nuisance_dominant,nDFA_0.01,20.049957639351746,0.01247281879237266,0.000912613627531768
nuisance_dominant,nDFA_0.01,20.39177121559234,0.012472825434631313,0.0009126157416530058
nuisance_dominant,nDFA_0.01,20.739412062044874,0.012472831000707802,0.0009126175427124796
nuisance_dominant,nDFA_0.01,21.092979522563663,0.012472835651844323,0.0009126190728439522
nuisance_dominant,nDFA_0.01,21.452574634626465,0.012472839527297754,0.0009126203691527031
nuisance_dominant,nDFA_0.01,21.818300158207524,0.012472842747002706,0.0009126214642260257
nuisance_dominant,nDFA_0.01,22.190260605142807,0.012472845413959438,0.0009126223866032297
nuisance_dominant,nDFA_0.01,22.568562268996093,0.01247284761636882,0.0009126231612071081
nuisance_dominant,nDFA_0.01,22.953313255433766,0.012472849429535748,0.0009126238097387821
nuisance_dominant,nDFA_0.01,23.344623513117888,0.012472850917560969,0.0009126243510379365
nuisance_dominant,nDFA_0.01,23.742604865125728,0.012472852134840439,0.0009126248014104818
nuisance_dominant,nDFA_0.01,24.14737104090496,0.012472853127389941,0.0009126251749256017
nuisance_dominant,nDFA_0.01,24.55903770877365,0.012472853934011699,0.0009126254836841787
nuisance_dominant,nDFA_0.01,24.977722508974306,0.012472854587318564,0.0009126257380606009
nuisance_dominant,nDFA_0.01,25.40354508729137,0.012472855114630123,0.0009126259469198007
nuisance_dominant,nDFA_0.01,25.83662712924211,0.012472855538754336,0.0009126261178114189
nuisance_dominant,nDFA_0.01,26.277092394849852,0.012472855878666792,0.0009126262571429411
nuisance_dominant,nDFA_0.01,26.725066754010573,0.012472856150099066,0.0009126263703334513
nuisance_dominant,nDFA_0.01,27.180678222462152,0.012472856366046512,0.0009126264619497608
nuisance_dominant,nDFA_0.01,27.644056998366892,0.012472856537204906,0.0009126265358264439
nuisance_dominant,nDFA_0.01,28.115335499517688,0.012472856672344608,0.0009126265951712817
nuisance_dominant,nDFA_0.01,28.594648401178453,0.012472856778629823,0.000912626642657578
nuisance_dominant,nDFA_0.01,29.08213267456993,0.01247285686189015,0.0009126266805045879
nuisance_dominant,nDFA_0.01,29.577927626011018,0.012472856926850528,0.0009126267105474056
nuisance_dominant,nDFA_0.01,30.08217493672799,0.012472856977325204,0.0009126267342973638
nuisance_dominant,nDFA_0.01,30.595018703342085,0.012472857016380678,0.0009126267529940675
nuisance_dominant,nDFA_0.01,31.116605479047383,0.012472857046472063,0.0009126267676500008
nuisance_dominant,nDFA_0.01,31.64708431549069,0.012472857069556652,0.0009126267790886359
nuisance_dominant,nDFA_0.01,32.18660680536534,0.012472857087188184,0.0009126267879768103
nuisance_dominant,nDFA_0.01,32.73532712573144,0.012472857100594575,0.0009126267948521386
nuisance_dominant,nDFA_0.01,33.29340208207403,0.012472857110741973,0.0009126268001461033
nuisance_dominant,nDFA_0.01,33.86099115311297,0.012472857118387096,0.0009126268042034265
nuisance_dominant,nDFA_0.01,34.43825653637644,0.012472857124119904,0.0009126268072982273
nuisance_dominant,nDFA_0.01,35.02536319455143,0.012472857128398152,0.0009126268096474398
nuisance_dominant,nDFA_0.01,35.622478902624444,0.012472857131575378,0.0009126268114219229
nuisance_dominant,nDFA_0.01,36.22977429582575,0.01247285713392324,0.0009126268127555756
nuisance_dominant,nDFA_0.01,36.84742291839143,0.01247285713564951,0.0009126268137528076
nuisance_dominant,nDFA_0.01,37.47560127315589,0.012472857136912244,0.0009126268144946177
nuisance_dominant,nDFA_0.01,38.114488871990645,0.012472857137831106,0.0009126268150435171
nuisance_dominant,nDFA_0.01,38.7642682871026,0.012472857138496194,0.0009126268154474924
nuisance_dominant,nDFA_0.01,39.42512520320694,0.012472857138975006,0.0009126268157431865
nuisance_dominant,nDFA_0.01,40.09724847058942,0.012472857139317823,0.0009126268159584195
nuisance_dominant,nDFA_0.01,40.780830159073375,0.012472857139561897,0.0009126268161141987
nuisance_dominant,nDFA_0.01,41.476065612906595,0.012472857139734688,0.0009126268162263005
nuisance_dominant,nDFA_0.01,42.18315350658434,0.012472857139856304,0.0009126268163064988
nuisance_dominant,nDFA_0.01,42.902295901623226,0.012472857139941406,0.0009126268163635325
nuisance_dominant,nDFA_0.01,43.63369830430383,0.012472857140000598,0.0009126268164038467
nuisance_dominant,nDFA_0.01,44.37756972439723,0.012472857140041512,0.0009126268164321664
nuisance_dominant,nDFA_0.01,45.13412273489293,0.012472857140069625,0.0009126268164519368
nuisance_dominant,nDFA_0.01,45.90357353274481,0.012472857140088821,0.0009126268164656501
nuisance_dominant,nDFA_0.01,46.68614200065286,0.012472857140101833,0.0009126268164751012
nuisance_dominant,nDFA_0.01,47.482051769898405,0.01247285714011061,0.0009126268164815713
nuisance_dominant,nDFA_0.01,48.29153028424977,0.012472857140116481,0.0009126268164859718
nuisance_dominant,nDFA_0.01,49.114808864958235,0.012472857140120386,0.0009126268164889432
nuisance_dominant,nDFA_0.01,49.952122776861714,0.012472857140122962,0.0009126268164909366
nuisance_dominant,nDFA_0.01,50.80371129561534,0.012472857140124654,0.0009126268164922642
nuisance_dominant,nDFA_0.01,51.66981777606826,0.012472857140125753,0.000912626816493142
nuisance_dominant,nDFA_0.01,52.55068972180602,0.012472857140126463,0.0009126268164937181
nuisance_dominant,nDFA_0.01,53.44657885587909,0.012472857140126921,0.0009126268164940935
nuisance_dominant,nDFA_0.01,54.357741192735965,0.012472857140127214,0.0009126268164943366
nuisance_dominant,nDFA_0.01,55.28443711138383,0.012472857140127394,0.0009126268164944923
nuisance_dominant,nDFA_0.01,56.22693142979583,0.012472857140127507,0.0009126268164945913
nuisance_dominant,nDFA_0.01,57.18549348058701,0.012472857140127584,0.000912626816494654
nuisance_dominant,nDFA_0.01,58.160397187980315,0.012472857140127627,0.0009126268164946931
nuisance_dominant,nDFA_0.01,59.15192114608467,0.012472857140127653,0.0009126268164947179
nuisance_dominant,nDFA_0.01,60.1603486985081,0.012472857140127672,0.0009126268164947332
nuisance_dominant,nDFA_0.01,61.185968019326936,0.012472857140127682,0.0009126268164947421
nuisance_dominant,nDFA_0.01,62.22907219543656,0.012472857140127684,0.0009126268164947477
nuisance_dominant,nDFA_0.01,63.2899593103055,0.012472857140127688,0.0009126268164947511
nuisance_dominant,nDFA_0.01,64.36893252915749,0.01247285714012769,0.0009126268164947531
nuisance_dominant,nDFA_0.01,65.46630018560568,0.01247285714012769,0.0009126268164947541
nuisance_dominant,nDFA_0.01,66.58237586976387,0.012472857140127691,0.0009126268164947549
nuisance_dominant,nDFA_0.01,67.71747851785967,0.012472857140127691,0.0009126268164947553
nuisance_dominant,nDFA_0.01,68.8719325033761,0.012472857140127691,0.0009126268164947555
nuisance_dominant,nDFA_0.01,70.04606772974564,0.012472857140127691,0.0009126268164947557
nuisance_dominant,nDFA_0.01,71.24021972462585,0.012472857140127695,0.0009126268164947559
nuisance_dominant,nDFA_0.01,72.45472973578153,0.012472857140127695,0.0009126268164947557
nuisance_dominant,nDFA_0.01,73.68994482860175,0.012472857140127695,0.0009126268164947559
nuisance_dominant,nDFA_0.01,74.94621798527915,0.012472857140127695,0.0009126268164947559
nuisance_dominant,nDFA_0.01,76.22390820568008,0.012472857140127695,0.0009126268164947559
nuisance_dominant,nDFA_0.01,77.52338060993503,0.012472857140127695,0.0009126268164947559
nuisance_dominant,nDFA_0.01,78.84500654277662,0.012472857140127695,0.0009126268164947559
nuisance_dominant,nDFA_0.01,80.18916367965778,0.012472857140127695,0.0009126268164947559
nuisance_dominant,nDFA_0.01,81.55623613467833,0.012472857140127695,0.0009126268164947559
nuisance_dominant,nDFA_0.01,82.94661457035157,0.012472857140127695,0.0009126268164947559
nuisance_dominant,nDFA_0.01,84.36069630924241,0.012472857140127695,0.0009126268164947559
nuisance_dominant,nDFA_0.01,85.79888544750824,0.012472857140127695,0.0009126268164947559
nuisance_dominant,nDFA_0.01,87.26159297037651,0.012472857140127695,0.0009126268164947559
nuisance_dominant,nDFA_0.01,88.74923686958925,0.012472857140127695,0.0009126268164947559
nuisance_dominant,nDFA_0.01,90.26224226285147,0.012472857140127695,0.0009126268164947559
nuisance_dominant,nDFA_0.01,91.80104151531502,0.012472857140127695,0.0009126268164947559
nuisance_dominant,nDFA_0.01,93.36607436313383,0.012472857140127695,0.0009126268164947559
nuisance_dominant,nDFA_0.01,94.95778803912542,0.012472857140127695,0.0009126268164947559
nuisance_dominant,nDFA_0.01,96.57663740057471,0.012472857140127695,0.0009126268164947559
nuisance_dominant,nDFA_0.01,98.2230850592165,0.012472857140127695,0.0009126268164947559
nuisance_dominant,nDFA_0.01,99.89760151343484,0.012472857140127695,0.0009126268164947559
nuisance_dominant,nDFA_0.01,101.60066528271416,0.012472857140127695,0.0009126268164947559
nuisance_dominant,nDFA_0.01,103.33276304438459,0.012472857140127695,0.0009126268164947559
nuisance_dominant,nDFA_0.01,105.09438977269748,0.012472857140127695,0.0009126268164947559
nuisance_dominant,nDFA_0.01,106.88604888027204,0.012472857140127695,0.0009126268164947559
nuisance_dominant,nDFA_0.01,108.70825236195353,0.012472857140127695,0.0009126268164947559
nuisance_dominant,nDFA_0.01,110.56152094112352,0.012472857140127695,0.0009126268164947559
nuisance_dominant,nDFA_0.01,112.44638421850583,0.012472857140127695,0.0009126268164947559
nuisance_dominant,nDFA_0.01,114.36338082350686,0.012472857140127695,0.0009126268164947559
nuisance_dominant,nDFA_0.01,116.31305856813833,0.012472857140127695,0.0009126268164947559
nuisance_dominant,nDFA_0.01,118.29597460356307,0.012472857140127695,0.0009126268164947559
nuisance_dominant,nDFA_0.01,120.31269557930963,0.012472857140127695,0.0009126268164947559
nuisance_dominant,nDFA_0.01,122.36379780520139,0.012472857140127695,0.0009126268164947559
nuisance_dominant,nDFA_0.01,124.44986741604593,0.012472857140127695,0.0009126268164947559
nuisance_dominant,nDFA_0.01,126.57150053913327,0.012472857140127695,0.0009126268164947559
nuisance_dominant,nDFA_0.01,128.72930346458716,0.012472857140127695,0.0009126268164947559
nuisance_dominant,nDFA_0.01,130.92389281862302,0.012472857140127695,0.0009126268164947559
nuisance_dominant,nDFA_0.01,133.15589573975842,0.012472857140127695,0.0009126268164947559
nuisance_dominant,nDFA_0.01,135.4259500580277,0.012472857140127695,0.0009126268164947559
nuisance_dominant,nDFA_0.01,137.73470447725208,0.012472857140127695,0.0009126268164947559
nuisance_dominant,nDFA_0.01,140.0828187604166,0.012472857140127695,0.0009126268164947559
nuisance_dominant,nDFA_0.01,142.47096391820904,0.012472857140127695,0.0009126268164947559
nuisance_dominant,nDFA_0.01,144.89982240077,0.012472857140127695,0.0009126268164947559
nuisance_dominant,nDFA_0.01,147.3700882927151,0.012472857140127695,0.0009126268164947559
nuisance_dominant,nDFA_0.01,149.88246751148006,0.012472857140127695,0.0009126268164947559
nuisance_dominant,nDFA_0.01,152.437678009048,0.012472857140127695,0.0009126268164947559
nuisance_dominant,nDFA_0.01,155.03644997711535,0.012472857140127695,0.0009126268164947559
nuisance_dominant,nDFA_0.01,157.67952605575576,0.012472857140127695,0.0009126268164947559
nuisance_dominant,nDFA_0.01,160.36766154564083,0.012472857140127695,0.0009126268164947559
nuisance_dominant,nDFA_0.01,163.1016246238805,0.012472857140127695,0.0009126268164947559
nuisance_dominant,nDFA_0.01,165.88219656353982,0.012472857140127695,0.0009126268164947559
nuisance_dominant,nDFA_0.01,168.7101719569014,0.012472857140127695,0.0009126268164947559
nuisance_dominant,nDFA_0.01,171.5863589425323,0.012472857140127695,0.0009126268164947559
nuisance_dominant,nDFA_0.01,174.51157943622238,0.012472857140127695,0.0009126268164947559
nuisance_dominant,nDFA_0.01,177.48666936585968,0.012472857140127695,0.0009126268164947559
nuisance_dominant,nDFA_0.01,180.51247891030974,0.012472857140127695,0.0009126268164947559
nuisance_dominant,nDFA_0.01,183.58987274236887,0.012472857140127695,0.0009126268164947559
nuisance_dominant,nDFA_0.01,186.7197302758561,0.012472857140127695,0.0009126268164947559
nuisance_dominant,nDFA_0.01,189.90294591692083,0.012472857140127695,0.0009126268164947559
nuisance_dominant,nDFA_0.01,193.1404293196332,0.012472857140127695,0.0009126268164947559
nuisance_dominant,nDFA_0.01,196.43310564593202,0.012472857140127695,0.0009126268164947559
nuisance_dominant,nDFA_0.01,199.7819158300045,0.012472857140127695,0.0009126268164947559
nuisance_dominant,nDFA_0.01,203.18781684717248,0.012472857140127695,0.0009126268164947559
nuisance_dominant,nDFA_0.01,206.651781987365,0.012472857140127695,0.0009126268164947559
nuisance_dominant,nDFA_0.01,210.1748011332487,0.012472857140127695,0.0009126268164947559
nuisance_dominant,nDFA_0.01,213.75788104310405,0.012472857140127695,0.0009126268164947559
nuisance_dominant,nDFA_0.01,217.402045638522,0.012472857140127695,0.0009126268164947559
nuisance_dominant,nDFA_0.01,221.10833629700576,0.012472857140127695,0.0009126268164947559
nuisance_dominant,nDFA_0.01,224.87781214956078,0.012472857140127695,0.0009126268164947559
nuisance_dominant,nDFA_0.01,228.71155038335777,0.012472857140127695,0.0009126268164947559
nuisance_dominant,nDFA_0.01,232.61064654955769,0.012472857140127695,0.0009126268164947559
nuisance_dominant,nDFA_0.01,236.57621487637996,0.012472857140127695,0.0009126268164947559
nuisance_dominant,nDFA_0.01,240.60938858751274,0.012472857140127695,0.0009126268164947559
nuisance_dominant,nDFA_0.01,244.71132022594884,0.012472857140127695,0.0009126268164947559
nuisance_dominant,nDFA_0.01,248.88318198334326,0.012472857140127695,0.0009126268164947559
nuisance_dominant,nDFA_0.01,253.12616603498518,0.012472857140127695,0.0009126268164947559
nuisance_dominant,nDFA_0.01,257.4414848804811,0.012472857140127695,0.0009126268164947559
nuisance_dominant,nDFA_0.01,261.830371690245,0.012472857140127695,0.0009126268164947559
nuisance_dominant,nDFA_0.01,266.29408065789846,0.012472857140127695,0.0009126268164947559
nuisance_dominant,nDFA_0.01,270.83388735867317,0.012472857140127695,0.0009126268164947559
nuisance_dominant,nDFA_0.01,275.45108911392856,0.012472857140127695,0.0009126268164947559
nuisance_dominant,nDFA_0.01,280.14700536188144,0.012472857140127695,0.0009126268164947559
nuisance_dominant,nDFA_0.01,284.92297803465635,0.012472857140127695,0.0009126268164947559
nuisance_dominant,nDFA_0.01,289.78037194176363,0.012472857140127695,0.0009126268164947559
nuisance_dominant,nDFA_0.01,294.7205751601149,0.012472857140127695,0.0009126268164947559
nuisance_dominant,nDFA_0.01,299.74499943069014,0.012472857140127695,0.0009126268164947559
nuisance_dominant,nDFA_0.01,304.8550805619614,0.012472857140127695,0.0009126268164947559
nuisance_dominant,nDFA_0.01,310.0522788402002,0.012472857140127695,0.0009126268164947559
nuisance_dominant,nDFA_0.01,315.3380794467765,0.012472857140127695,0.0009126268164947559
nuisance_dominant,nDFA_0.01,320.7139928825731,0.012472857140127695,0.0009126268164947559
nuisance_dominant,nDFA_0.01,326.18155539963476,0.012472857140127695,0.0009126268164947559
nuisance_dominant,nDFA_0.01,331.7423294401758,0.012472857140127695,0.0009126268164947559
nuisance_dominant,nDFA_0.01,337.3979040830756,0.012472857140127695,0.0009126268164947559
nuisance_dominant,nDFA_0.01,343.1498954979785,0.012472857140127695,0.0009126268164947559
nuisance_dominant,nDFA_0.01,348.9999474071427,0.012472857140127695,0.0009126268164947559
nuisance_dominant,nDFA_0.01,354.9497315551591,0.012472857140127695,0.0009126268164947559
nuisance_dominant,nDFA_0.01,361.00094818667867,0.012472857140127695,0.0009126268164947559
nuisance_dominant,nDFA_0.01,367.1553265322842,0.012472857140127695,0.0009126268164947559
nuisance_dominant,nDFA_0.01,373.4146253026444,0.012472857140127695,0.0009126268164947559
nuisance_dominant,nDFA_0.01,379.7806331910963,0.012472857140127695,0.0009126268164947559
nuisance_dominant,nDFA_0.01,386.2551693847879,0.012472857140127695,0.0009126268164947559
nuisance_dominant,nDFA_0.01,392.84008408454287,0.012472857140127695,0.0009126268164947559
nuisance_dominant,nDFA_0.01,399.53725903358355,0.012472857140127695,0.0009126268164947559
nuisance_dominant,nDFA_0.01,406.3486080552691,0.012472857140127695,0.0009126268164947559
nuisance_dominant,nDFA_0.01,413.27607760000024,0.012472857140127695,0.0009126268164947559
nuisance_dominant,nDFA_0.01,420.32164730144876,0.012472857140127695,0.0009126268164947559
nuisance_dominant,nDFA_0.01,427.4873305422675,0.012472857140127695,0.0009126268164947559
nuisance_dominant,nDFA_0.01,434.77517502945034,0.012472857140127695,0.0009126268164947559
nuisance_dominant,nDFA_0.01,442.18726337949096,0.012472857140127695,0.0009126268164947559
nuisance_dominant,nDFA_0.01,449.72571371352734,0.012472857140127695,0.0009126268164947559
nuisance_dominant,nDFA_0.01,457.392680262627,0.012472857140127695,0.0009126268164947559
nuisance_dominant,nDFA_0.01,465.19035398339275,0.012472857140127695,0.0009126268164947559
nuisance_dominant,nDFA_0.01,473.12096318406304,0.012472857140127695,0.0009126268164947559
nuisance_dominant,nDFA_0.01,481.1867741612851,0.012472857140127695,0.0009126268164947559
nuisance_dominant,nDFA_0.01,489.3900918477489,0.012472857140127695,0.0009126268164947559
nuisance_dominant,nDFA_0.01,497.7332604708523,0.012472857140127695,0.0009126268164947559
nuisance_dominant,nDFA_0.01,506.21866422260484,0.012472857140127695,0.0009126268164947559
nuisance_dominant,nDFA_0.01,514.848727940947,0.012472857140127695,0.0009126268164947559
nuisance_dominant,nDFA_0.01,523.6259178026861,0.012472857140127695,0.0009126268164947559
nuisance_dominant,nDFA_0.01,532.5527420282452,0.012472857140127695,0.0009126268164947559
nuisance_dominant,nDFA_0.01,541.6317515984257,0.012472857140127695,0.0009126268164947559
nuisance_dominant,nDFA_0.01,550.8655409833943,0.012472857140127695,0.0009126268164947559
nuisance_dominant,nDFA_0.01,560.2567488840875,0.012472857140127695,0.0009126268164947559
nuisance_dominant,nDFA_0.01,569.8080589862665,0.012472857140127695,0.0009126268164947559
nuisance_dominant,nDFA_0.01,579.522200727421,0.012472857140127695,0.0009126268164947559
nuisance_dominant,nDFA_0.01,589.40195007675,0.012472857140127695,0.0009126268164947559
nuisance_dominant,nDFA_0.01,599.450130328438,0.012472857140127695,0.0009126268164947559
nuisance_dominant,nDFA_0.01,609.6696129084548,0.012472857140127695,0.0009126268164947559
nuisance_dominant,nDFA_0.01,620.0633181951158,0.012472857140127695,0.0009126268164947559
nuisance_dominant,nDFA_0.01,630.6342163536186,0.012472857140127695,0.0009126268164947559
nuisance_dominant,nDFA_0.01,641.3853281848199,0.012472857140127695,0.0009126268164947559
nuisance_dominant,nDFA_0.01,652.3197259884747,0.012472857140127695,0.0009126268164947559
nuisance_dominant,nDFA_0.01,663.440534441196,0.012472857140127695,0.0009126268164947559
nuisance_dominant,nDFA_0.01,674.7509314893789,0.012472857140127695,0.0009126268164947559
nuisance_dominant,nDFA_0.01,686.25414925735,0.012472857140127695,0.0009126268164947559
nuisance_dominant,nDFA_0.01,697.9534749709957,0.012472857140127695,0.0009126268164947559
nuisance_dominant,nDFA_0.01,709.8522518971448,0.012472857140127695,0.0009126268164947559
nuisance_dominant,nDFA_0.01,721.9538802989517,0.012472857140127695,0.0009126268164947559
nuisance_dominant,nDFA_0.01,734.26181840758,0.012472857140127695,0.0009126268164947559
nuisance_dominant,nDFA_0.01,746.7795834104456,0.012472857140127695,0.0009126268164947559
nuisance_dominant,nDFA_0.01,759.5107524563091,0.012472857140127695,0.0009126268164947559
nuisance_dominant,nDFA_0.01,772.458963677501,0.012472857140127695,0.0009126268164947559
nuisance_dominant,nDFA_0.01,785.6279172295752,0.012472857140127695,0.0009126268164947559
nuisance_dominant,nDFA_0.01,799.0213763486926,0.012472857140127695,0.0009126268164947559
nuisance_dominant,nDFA_0.01,812.6431684270153,0.012472857140127695,0.0009126268164947559
nuisance_dominant,nDFA_0.01,826.4971861064516,0.012472857140127695,0.0009126268164947559
nuisance_dominant,nDFA_0.01,840.587388391037,0.012472857140127695,0.0009126268164947559
nuisance_dominant,nDFA_0.01,854.9178017782832,0.012472857140127695,0.0009126268164947559
nuisance_dominant,nDFA_0.01,869.4925214098122,0.012472857140127695,0.0009126268164947559
nuisance_dominant,nDFA_0.01,884.3157122416065,0.012472857140127695,0.0009126268164947559
nuisance_dominant,nDFA_0.01,899.3916102342182,0.012472857140127695,0.0009126268164947559
nuisance_dominant,nDFA_0.01,914.7245235632504,0.012472857140127695,0.0009126268164947559
nuisance_dominant,nDFA_0.01,930.3188338504934,0.012472857140127695,0.0009126268164947559
nuisance_dominant,nDFA_0.01,946.1789974160409,0.012472857140127695,0.0009126268164947559
nuisance_dominant,nDFA_0.01,962.3095465517534,0.012472857140127695,0.0009126268164947559
nuisance_dominant,nDFA_0.01,978.7150908164324,0.012472857140127695,0.0009126268164947559
nuisance_dominant,nDFA_0.01,995.4003183530737,0.012472857140127695,0.0009126268164947559
nuisance_dominant,nDFA_0.01,1012.3699972285774,0.012472857140127695,0.0009126268164947559
nuisance_dominant,nDFA_0.01,1029.6289767963053,0.012472857140127695,0.0009126268164947559
nuisance_dominant,nDFA_0.01,1047.1821890818485,0.012472857140127695,0.0009126268164947559
nuisance_dominant,nDFA_0.01,1065.0346501924394,0.012472857140127695,0.0009126268164947559
nuisance_dominant,nDFA_0.01,1083.1914617503814,0.012472857140127695,0.0009126268164947559
nuisance_dominant,nDFA_0.01,1101.657812350918,0.012472857140127695,0.0009126268164947559
nuisance_dominant,nDFA_0.01,1120.4389790449557,0.012472857140127695,0.0009126268164947559
nuisance_dominant,nDFA_0.01,1139.540328847062,0.012472857140127695,0.0009126268164947559
nuisance_dominant,nDFA_0.01,1158.9673202691843,0.012472857140127695,0.0009126268164947559
nuisance_dominant,nDFA_0.01,1178.725504880491,0.012472857140127695,0.0009126268164947559
nuisance_dominant,nDFA_0.01,1198.8205288938298,0.012472857140127695,0.0009126268164947559
nuisance_dominant,nDFA_0.01,1219.2581347792202,0.012472857140127695,0.0009126268164947559
nuisance_dominant,nDFA_0.01,1240.0441629048537,0.012472857140127695,0.0009126268164947559
nuisance_dominant,nDFA_0.01,1261.1845532060715,0.012472857140127695,0.0009126268164947559
nuisance_dominant,nDFA_0.01,1282.6853468827933,0.012472857140127695,0.0009126268164947559
nuisance_dominant,nDFA_0.01,1304.552688125894,0.012472857140127695,0.0009126268164947559
nuisance_dominant,nDFA_0.01,1326.7928258729887,0.012472857140127695,0.0009126268164947559
nuisance_dominant,nDFA_0.01,1349.412115594175,0.012472857140127695,0.0009126268164947559
nuisance_dominant,nDFA_0.01,1372.417021108207,0.012472857140127695,0.0009126268164947559
nuisance_dominant,nDFA_0.01,1395.814116429633,0.012472857140127695,0.0009126268164947559
nuisance_dominant,nDFA_0.01,1419.610087647423,0.012472857140127695,0.0009126268164947559
nuisance_dominant,nDFA_0.01,1443.811734835622,0.012472857140127695,0.0009126268164947559
nuisance_dominant,nDFA_0.01,1468.4259739965912,0.012472857140127695,0.0009126268164947559
nuisance_dominant,nDFA_0.01,1493.4598390373446,0.012472857140127695,0.0009126268164947559
nuisance_dominant,nDFA_0.01,1518.9204837796128,0.012472857140127695,0.0009126268164947559
nuisance_dominant,nDFA_0.01,1544.815184004156,0.012472857140127695,0.0009126268164947559
nuisance_dominant,nDFA_0.01,1571.1513395299344,0.012472857140127695,0.0009126268164947559
nuisance_dominant,nDFA_0.01,1597.936476328722,0.012472857140127695,0.0009126268164947559
nuisance_dominant,nDFA_0.01,1625.1782486757718,0.012472857140127695,0.0009126268164947559
nuisance_dominant,nDFA_0.01,1652.884441337144,0.012472857140127695,0.0009126268164947559
nuisance_dominant,nDFA_0.01,1681.0629717943361,0.012472857140127695,0.0009126268164947559
nuisance_dominant,nDFA_0.01,1709.7218925068112,0.012472857140127695,0.0009126268164947559
nuisance_dominant,nDFA_0.01,1738.8693932131264,0.012472857140127695,0.0009126268164947559
nuisance_dominant,nDFA_0.01,1768.513803271277,0.012472857140127695,0.0009126268164947559
nuisance_dominant,nDFA_0.01,1798.6635940389426,0.012472857140127695,0.0009126268164947559
nuisance_dominant,nDFA_0.01,1829.32738129431,0.012472857140127695,0.0009126268164947559
nuisance_dominant,nDFA_0.01,1860.5139276981654,0.012472857140127695,0.0009126268164947559
nuisance_dominant,nDFA_0.01,1892.2321452979763,0.012472857140127695,0.0009126268164947559
nuisance_dominant,nDFA_0.01,1924.491098074628,0.012472857140127695,0.0009126268164947559
nuisance_dominant,nDFA_0.01,1957.3000045326144,0.012472857140127695,0.0009126268164947559
nuisance_dominant,nDFA_0.01,1990.6682403343664,0.012472857140127695,0.0009126268164947559
nuisance_dominant,nDFA_0.01,2024.6053409794958,0.012472857140127695,0.0009126268164947559
nuisance_dominant,nDFA_0.01,2059.1210045297153,0.012472857140127695,0.0009126268164947559
nuisance_dominant,nDFA_0.01,2094.225094380206,0.012472857140127695,0.0009126268164947559
nuisance_dominant,nDFA_0.01,2129.9276420782594,0.012472857140127695,0.0009126268164947559
nuisance_dominant,nDFA_0.01,2166.238850189919,0.012472857140127695,0.0009126268164947559
nuisance_dominant,nDFA_0.01,2203.1690952155477,0.012472857140127695,0.0009126268164947559
nuisance_dominant,nDFA_0.01,2240.7289305550667,0.012472857140127695,0.0009126268164947559
nuisance_dominant,nDFA_0.01,2278.9290895237596,0.012472857140127695,0.0009126268164947559
nuisance_dominant,nDFA_0.01,2317.7804884194848,0.012472857140127695,0.0009126268164947559
nuisance_dominant,nDFA_0.01,2357.2942296421747,0.012472857140127695,0.0009126268164947559
nuisance_dominant,nDFA_0.01,2397.4816048665425,0.012472857140127695,0.0009126268164947559
nuisance_dominant,nDFA_0.01,2438.3540982688264,0.012472857140127695,0.0009126268164947559
nuisance_dominant,nDFA_0.01,2479.923389808593,0.012472857140127695,0.0009126268164947559
nuisance_dominant,nDFA_0.01,2522.2013585664654,0.012472857140127695,0.0009126268164947559
nuisance_dominant,nDFA_0.01,2565.200086138758,0.012472857140127695,0.0009126268164947559
nuisance_dominant,nDFA_0.01,2608.9318600899833,0.012472857140127695,0.0009126268164947559
nuisance_dominant,nDFA_0.01,2653.409177464217,0.012472857140127695,0.0009126268164947559
nuisance_dominant,nDFA_0.01,2698.6447483563197,0.012472857140127695,0.0009126268164947559
nuisance_dominant,nDFA_0.01,2744.6514995440693,0.012472857140127695,0.0009126268164947559
nuisance_dominant,nDFA_0.01,2791.4425781821587,0.012472857140127695,0.0009126268164947559
nuisance_dominant,nDFA_0.01,2839.0313555592247,0.012472857140127695,0.0009126268164947559
nuisance_dominant,nDFA_0.01,2887.431430918898,0.012472857140127695,0.0009126268164947559
nuisance_dominant,nDFA_0.01,2936.6566353460034,0.012472857140127695,0.0009126268164947559
nuisance_dominant,nDFA_0.01,2986.7210357190083,0.012472857140127695,0.0009126268164947559
nuisance_dominant,nDFA_0.01,3037.6389387298505,0.012472857140127695,0.0009126268164947559
nuisance_dominant,nDFA_0.01,3089.424894972325,0.012472857140127695,0.0009126268164947559
nuisance_dominant,nDFA_0.01,3142.0937031001095,0.012472857140127695,0.0009126268164947559
nuisance_dominant,nDFA_0.01,3195.6604140557356,0.012472857140127695,0.0009126268164947559
nuisance_dominant,nDFA_0.01,3250.1403353716296,0.012472857140127695,0.0009126268164947559
nuisance_dominant,nDFA_0.01,3305.54903554448,0.012472857140127695,0.0009126268164947559
nuisance_dominant,nDFA_0.01,3361.9023484841796,0.012472857140127695,0.0009126268164947559
nuisance_dominant,nDFA_0.01,3419.2163780386104,0.012472857140127695,0.0009126268164947559
nuisance_dominant,nDFA_0.01,3477.507502595599,0.012472857140127695,0.0009126268164947559
nuisance_dominant,nDFA_0.01,3536.7923797632566,0.012472857140127695,0.0009126268164947559
nuisance_dominant,nDFA_0.01,3597.087951130182,0.012472857140127695,0.0009126268164947559
nuisance_dominant,nDFA_0.01,3658.411447106781,0.012472857140127695,0.0009126268164947559
nuisance_dominant,nDFA_0.01,3720.7803918491268,0.012472857140127695,0.0009126268164947559
nuisance_dominant,nDFA_0.01,3784.2126082667646,0.012472857140127695,0.0009126268164947559
nuisance_dominant,nDFA_0.01,3848.7262231158825,0.012472857140127695,0.0009126268164947559
nuisance_dominant,nDFA_0.01,3914.3396721793456,0.012472857140127695,0.0009126268164947559
nuisance_dominant,nDFA_0.01,3981.0717055349733,0.012472857140127695,0.0009126268164947559
nuisance_dominant,nDFA_0.1,0.0,0.020000000000000025,1.0874203299913721e-17
nuisance_dominant,nDFA_0.1,0.001,0.019994243738291458,1.732400689990305e-07
nuisance_dominant,nDFA_0.1,0.0010170480946837376,0.019994145703237032,1.76190151527786e-07
nuisance_dominant,nDFA_0.1,0.0010343868268998197,0.019994046000247706,1.7919041305818616e-07
nuisance_dominant,nDFA_0.1,0.0010520211514644187,0.019993944601004284,1.822417051397155e-07
nuisance_dominant,nDFA_0.1,0.0010699561076638788,0.019993841476708872,1.8534489369729775e-07
nuisance_dominant,nDFA_0.1,0.0010881968206947759,0.019993736598076673,1.8850085927366085e-07
nuisance_dominant,nDFA_0.1,0.0011067485031285215,0.019993629935327908,1.9171049728088917e-07
nuisance_dominant,nDFA_0.1,0.0011256164564009414,0.019993521458179543,1.9497471825765696e-07
nuisance_dominant,nDFA_0.1,0.0011448060723272377,0.01999341113583684,1.9829444809969972e-07
nuisance_dominant,nDFA_0.1,0.0011643228346427902,0.019993298936984736,2.0167062834636544e-07
nuisance_dominant,nDFA_0.1,0.001184172320570217,0.01999318482977921,2.0510421640109535e-07
nuisance_dominant,nDFA_0.1,0.0012043602024131594,0.019993068781838423,2.0859618583468658e-07
nuisance_dominant,nDFA_0.1,0.0012248922491772242,0.019992950760233677,2.1214752663932205e-07
nuisance_dominant,nDFA_0.1,0.0012457743282185726,0.019992830731480265,2.1575924549772687e-07
nuisance_dominant,nDFA_0.1,0.0012670124069206123,0.01999270866152829,2.194323660811634e-07
nuisance_dominant,nDFA_0.1,0.0012886125543992652,0.01999258451575305,2.2316792929926864e-07
nuisance_dominant,nDFA_0.1,0.0013105809432373168,0.019992458258945568,2.269669936196151e-07
nuisance_dominant,nDFA_0.1,0.0013329238512483272,0.01999232985530289,2.308306353497474e-07
nuisance_dominant,nDFA_0.1,0.001355647663270621,0.019992199268417877,2.3475994891069996e-07
nuisance_dominant,nDFA_0.1,0.001378758872991846,0.01999206646126945,2.3875604718756947e-07
nuisance_dominant,nDFA_0.1,0.0014022640848046527,0.019991931396212238,2.4282006180658846e-07
nuisance_dominant,nDFA_0.1,0.0014261700156940071,0.019991794034966065,2.469531434130471e-07
nuisance_dominant,nDFA_0.1,0.0014504834971566661,0.019991654338605544,2.5115646206961987e-07
nuisance_dominant,nDFA_0.1,0.0014752114771533916,0.019991512267549166,2.554312075014834e-07
nuisance_dominant,nDFA_0.1,0.0015003610220944376,0.0199913677815485,2.5977858949212924e-07
nuisance_dominant,nDFA_0.1,0.0015259393188588929,0.019991220839677054,2.6419983811768056e-07
nuisance_dominant,nDFA_0.1,0.0015519536768484371,0.01999107140031887,2.686962042006185e-07
nuisance_dominant,nDFA_0.1,0.0015784115300761239,0.01999091942115732,2.732689595684689e-07
nuisance_dominant,nDFA_0.1,0.0016053204392907632,0.019990764859163224,2.779193974471598e-07
nuisance_dominant,nDFA_0.1,0.0016326880941375313,0.019990607670583034,2.8264883279601055e-07
nuisance_dominant,nDFA_0.1,0.001660522315355399,0.019990447810926938,2.87458602652928e-07
nuisance_dominant,nDFA_0.1,0.0016888310570120353,0.01999028523495655,2.9235006656106385e-07
nuisance_dominant,nDFA_0.1,0.001717622408776813,0.019990119896672435,2.9732460684833055e-07
nuisance_dominant,nDFA_0.1,0.0017469045982325495,0.01998995174930157,3.0238362908724606e-07
nuisance_dominant,nDFA_0.1,0.0017766859932266746,0.01998978074528452,3.075285624495604e-07
nuisance_dominant,nDFA_0.1,0.0018069751042624714,0.0199896068362623,3.127608600763448e-07
nuisance_dominant,nDFA_0.1,0.0018377805869310945,0.019989429973063265,3.1808199949019866e-07
nuisance_dominant,nDFA_0.1,0.0018691112443850306,0.019989250105689634,3.2349348300952147e-07
nuisance_dominant,nDFA_0.1,0.001900976029853745,0.019989067183303674,3.289968381464004e-07
nuisance_dominant,nDFA_0.1,0.0019333840492022055,0.019988881154214006,3.3459361801952165e-07
nuisance_dominant,nDFA_0.1,0.0019663445635330324,0.019988691965861373,3.402854017641843e-07
nuisance_dominant,nDFA_0.1,0.0019998669918329963,0.01998849956480441,3.4607379499991284e-07
nuisance_dominant,nDFA_0.1,0.0020339609136646444,0.0199883038967049,3.519604302312219e-07
nuisance_dominant,nDFA_0.1,0.0020686360719038206,0.019988104906313163,3.57946967279829e-07
nuisance_dominant,nDFA_0.1,0.002103902375523832,0.019987902537452962,3.6403509379361726e-07
nuisance_dominant,nDFA_0.1,0.002139769902427103,0.019987696733006172,3.702265256259181e-07
nuisance_dominant,nDFA_0.1,0.0021762489023250896,0.01998748743489725,3.76523007348468e-07
nuisance_dominant,nDFA_0.1,0.002213349799667308,0.019987274584077702,3.8292631272948787e-07
nuisance_dominant,nDFA_0.1,0.0022510831966202675,0.01998705812050979,3.894382451596091e-07
nuisance_dominant,nDFA_0.1,0.0022894598760972184,0.019986837983150433,3.960606382073104e-07
nuisance_dominant,nDFA_0.1,0.0023284908048395417,0.019986614109934586,4.0279535603929007e-07
nuisance_dominant,nDFA_0.1,0.0023681871365506583,0.01998638643775855,4.0964429398114136e-07
nuisance_dominant,nDFA_0.1,0.0024085602150833835,0.019986154902462964,4.166093790064043e-07
nuisance_dominant,nDFA_0.1,0.0024496215776816056,0.01998591943881533,4.236925702389841e-07
nuisance_dominant,nDFA_0.1,0.0024913829582772482,0.019985679980492534,4.3089585949094807e-07
nuisance_dominant,nDFA_0.1,0.002533856290843409,0.01998543646006303,4.3822127180350034e-07
nuisance_dominant,nDFA_0.1,0.0025770537128046917,0.019985188808968615,4.4567086596641505e-07
nuisance_dominant,nDFA_0.1,0.002620987568505661,0.019984936957506038,4.5324673510724483e-07
nuisance_dominant,nDFA_0.1,0.0026656704127384443,0.01998468083480834,4.6095100718717957e-07
nuisance_dominant,nDFA_0.1,0.002711115014330447,0.019984420368825695,4.687858456329033e-07
nuisance_dominant,nDFA_0.1,0.0027573343597932553,0.01998415548630636,4.767534498705673e-07
nuisance_dominant,nDFA_0.1,0.0028043416570337305,0.019983886112776884,4.848560559403606e-07
nuisance_dominant,nDFA_0.1,0.002852150339128391,0.01998361217252227,4.930959370426589e-07
nuisance_dominant,nDFA_0.1,0.0029007740681621062,0.019983333588565803,5.014754042072292e-07
nuisance_dominant,nDFA_0.1,0.0029502267391322613,0.019983050282648428,5.099968068499449e-07
nuisance_dominant,nDFA_0.1,0.0030005224839194824,0.019982762175208148,5.186625334204369e-07
nuisance_dominant,nDFA_0.1,0.0030516756753260254,0.019982469185358506,5.27475012027778e-07
nuisance_dominant,nDFA_0.1,0.003103700931183042,0.019982171230867485,5.364367110679658e-07
nuisance_dominant,nDFA_0.1,0.003156613118527852,0.01998186822813541,5.455501399104299e-07
nuisance_dominant,nDFA_0.1,0.0032104273578524426,0.019981560092172987,5.548178495024989e-07
nuisance_dominant,nDFA_0.1,0.003265159027424373,0.0199812467365788,5.642424330967842e-07
nuisance_dominant,nDFA_0.1,0.0033208237676813604,0.019980928073516358,5.738265268968709e-07
nuisance_dominant,nDFA_0.1,0.0033774374857007982,0.019980604013691106,5.835728107594973e-07
nuisance_dominant,nDFA_0.1,0.00343501635974543,0.01998027446632679,5.934840088806316e-07
nuisance_dominant,nDFA_0.1,0.003493576843886558,0.019979939339141668,6.035628905246076e-07
nuisance_dominant,nDFA_0.1,0.003553135672706045,0.01997959853832419,6.138122707509997e-07
nuisance_dominant,nDFA_0.1,0.0036137098660785033,0.01997925196850842,6.242350111193474e-07
nuisance_dominant,nDFA_0.1,0.0036753167340349666,0.01997889953274921,6.348340204565972e-07
nuisance_dominant,nDFA_0.1,0.0037379738817095156,0.01997854113249661,6.456122556119592e-07
nuisance_dominant,nDFA_0.1,0.0038016992143702377,0.019978176667570405,6.565727221894682e-07
nuisance_dominant,nDFA_0.1,0.0038665109425359123,0.019977806036133847,6.677184753954469e-07
nuisance_dominant,nDFA_0.1,0.003932427587179972,0.019977429134667178,6.790526207423697e-07
nuisance_dominant,nDFA_0.1,0.003999467985023157,0.019977045857940887,6.905783149060607e-07
nuisance_dominant,nDFA_0.1,0.004067651293916405,0.01997665609898833,7.022987665324294e-07
nuisance_dominant,nDFA_0.1,0.00413699699831552,0.01997625974907797,7.142172370339311e-07
nuisance_dominant,nDFA_0.1,0.004207524914849136,0.019975856697685458,7.263370414431407e-07
nuisance_dominant,nDFA_0.1,0.004279255197981669,0.019975446832465115,7.386615492749601e-07
nuisance_dominant,nDFA_0.1,0.0043522083457727375,0.01997503003922092,7.511941853554192e-07
nuisance_dominant,nDFA_0.1,0.004426405205734824,0.01997460620187722,7.639384307100684e-07
nuisance_dominant,nDFA_0.1,0.0045018669807907795,0.019974175202449103,7.76897823475329e-07
nuisance_dominant,nDFA_0.1,0.004578615235332888,0.0199737369210119,7.900759597430529e-07
nuisance_dominant,nDFA_0.1,0.004656671901385246,0.01997329123567104,8.034764945157036e-07
nuisance_dominant,nDFA_0.1,0.004736059284871162,0.019972838022530505,8.171031425982878e-07
nuisance_dominant,nDFA_0.1,0.0048168000719874355,0.0199723771556617,8.309596795828589e-07
nuisance_dominant,nDFA_0.1,0.004898917335687311,0.019971908507071198,8.45049942727442e-07
nuisance_dominant,nDFA_0.1,0.004982434542273912,0.01997143194666864,8.593778319950377e-07
nuisance_dominant,nDFA_0.1,0.005067375558106122,0.019970947342233685,8.739473109800739e-07
nuisance_dominant,nDFA_0.1,0.005153764656418767,0.01997045455938269,8.887624079193945e-07
nuisance_dominant,nDFA_0.1,0.0052416265242590954,0.019969953461534972,9.038272166983019e-07
nuisance_dominant,nDFA_0.1,0.0053309862695414545,0.01996944390987851,9.191458978540432e-07
nuisance_dominant,nDFA_0.1,0.005421869428222296,0.0199689257633353,9.347226796237341e-07
nuisance_dominant,nDFA_0.1,0.005514301971597493,0.019968398878526014,9.505618589964043e-07
nuisance_dominant,nDFA_0.1,0.005608310313724007,0.019967863109734404,9.666678027623878e-07
nuisance_dominant,nDFA_0.1,0.0057039213189681555,0.01996731830887095,9.830449485856739e-07
nuisance_dominant,nDFA_0.1,0.005801162309682508,0.019966764325436332,9.996978061202196e-07
nuisance_dominant,nDFA_0.1,0.005900061074013706,0.019966201006484267,1.0166309580888768e-06
nuisance_dominant,nDFA_0.1,0.006000645873843326,0.019965628196583637,1.0338490613923702e-06
nuisance_dominant,nDFA_0.1,0.0061029454528641796,0.01996504573778046,1.0513568483151047e-06
nuisance_dominant,nDFA_0.1,0.006206989044794294,0.019964453469559093,1.0691591275978853e-06
nuisance_dominant,nDFA_0.1,0.006312806381730868,0.019963851228803092,1.0872607856388533e-06
nuisance_dominant,nDFA_0.1,0.006420427702646719,0.01996323884975542,1.1056667876717854e-06
nuisance_dominant,nDFA_0.1,0.006529883762031532,0.019962616163978132,1.1243821789734263e-06
nuisance_dominant,nDFA_0.1,0.006641205838680439,0.01996198300031179,1.1434120860669168e-06
nuisance_dominant,nDFA_0.1,0.006754425744632454,0.019961339184833855,1.1627617179342035e-06
nuisance_dominant,nDFA_0.1,0.006869575834261216,0.01996068454081712,1.1824363673155511e-06
nuisance_dominant,nDFA_0.1,0.006986689013520816,0.019960018888687103,1.202441411907352e-06
nuisance_dominant,nDFA_0.1,0.007105798749349149,0.0199593420459793,1.2227823156741227e-06
nuisance_dominant,nDFA_0.1,0.007226939079231637,0.01995865382729558,1.2434646301421057e-06
nuisance_dominant,nDFA_0.1,0.007350144620927981,0.019957954044260186,1.2644939957211588e-06
nuisance_dominant,nDFA_0.1,0.007475450582364718,0.019957242505475307,1.2858761429746038e-06
nuisance_dominant,nDFA_0.1,0.007602892771696472,0.019956519016475747,1.3076168940603503e-06
nuisance_dominant,nDFA_0.1,0.007732507607538658,0.019955783379683407,1.329722163997739e-06
nuisance_dominant,nDFA_0.1,0.00786433212937469,0.019955035394361064,1.3521979621069557e-06
nuisance_dominant,nDFA_0.1,0.00799840400814063,0.019954274856565483,1.3750503933790779e-06
nuisance_dominant,nDFA_0.1,0.008134761556990196,0.019953501559100074,1.3982856598971622e-06
nuisance_dominant,nDFA_0.1,0.008273443742243394,0.019952715291467117,1.4219100622531281e-06
nuisance_dominant,nDFA_0.1,0.008414490194521727,0.0199519158398192,1.4459300010145786e-06
nuisance_dominant,nDFA_0.1,0.008557941220073315,0.01995110298691013,1.4703519781692734e-06
nuisance_dominant,nDFA_0.1,0.008703837812290985,0.019950276512045402,1.4951825986407354e-06
nuisance_dominant,nDFA_0.1,0.008852221663426809,0.019949436191032042,1.520428571743335e-06
nuisance_dominant,nDFA_0.1,0.009003135176506341,0.01994858179612779,1.5460967127332396e-06
nuisance_dominant,nDFA_0.1,0.00915662147744591,0.019947713095989868,1.572193944334187e-06
nuisance_dominant,nDFA_0.1,0.009312724427376552,0.019946829855623054,1.5987272983013294e-06
nuisance_dominant,nDFA_0.1,0.009471488635178014,0.01994593183632723,1.625703916953705e-06
nuisance_dominant,nDFA_0.1,0.009632959470226472,0.0199450187956445,1.6531310548214251e-06
nuisance_dominant,nDFA_0.1,0.0097971830753595,0.019944090487305437,1.6810160802256282e-06
nuisance_dominant,nDFA_0.1,0.00996420638006213,0.01994314666117507,1.7093664768894566e-06
nuisance_dominant,nDFA_0.1,0.010134077113877737,0.019942187063198134,1.738189845612476e-06
nuisance_dominant,nDFA_0.1,0.010306843820047417,0.019941211435343806,1.7674939059228662e-06
nuisance_dominant,nDFA_0.1,0.010482555869382074,0.019940219515549938,1.7972864977387385e-06
nuisance_dominant,nDFA_0.1,0.01066126347437087,0.01993921103766666,1.8275755831023685e-06
nuisance_dominant,nDFA_0.1,0.010843017703530211,0.019938185731399417,1.8583692478755456e-06
nuisance_dominant,nDFA_0.1,0.011027870495997438,0.019937143322251542,1.8896757034807496e-06
nuisance_dominant,nDFA_0.1,0.011215874676373193,0.01993608353146628,1.9215032886635493e-06
nuisance_dominant,nDFA_0.1,0.011407083969816937,0.019935006075968147,1.9538604712687863e-06
nuisance_dominant,nDFA_0.1,0.011601553017399714,0.019933910668303936,1.986755850013805e-06
nuisance_dominant,nDFA_0.1,0.011799337391718746,0.01993279701658309,2.020198156332132e-06
nuisance_dominant,nDFA_0.1,0.012000493612778126,0.01993166482441757,2.0541962561515517e-06
nuisance_dominant,nDFA_0.1,0.01220507916414035,0.019930513790861155,2.0887591518054546e-06
nuisance_dominant,nDFA_0.1,0.012413152509353128,0.019929343610348493,2.123895983870407e-06
nuisance_dominant,nDFA_0.1,0.012624773108656248,0.019928153972633186,2.1596160330422234e-06
nuisance_dominant,nDFA_0.1,0.012840001435973322,0.01992694456272593,2.1959287220503263e-06
nuisance_dominant,nDFA_0.1,0.013058898996193115,0.019925715060831805,2.2328436176021593e-06
nuisance_dominant,nDFA_0.1,0.013281528342745581,0.019924465142287136,2.2703704322851284e-06
nuisance_dominant,nDFA_0.1,0.013507953095477445,0.01992319447749613,2.3085190265596328e-06
nuisance_dominant,nDFA_0.1,0.01373823795883263,0.019921902731866815,2.3472994107272423e-06
nuisance_dominant,nDFA_0.1,0.01397244874034252,0.019920589565746678,2.386721746931021e-06
nuisance_dominant,nDFA_0.1,0.014210652369431549,0.019919254634357796,2.4267963511771707e-06
nuisance_dominant,nDFA_0.1,0.01445291691654329,0.019917897587731815,2.4675336953542013e-06
nuisance_dominant,nDFA_0.1,0.014699311612592705,0.01991651807064414,2.5089444093071162e-06
nuisance_dominant,nDFA_0.1,0.014949906868749948,0.01991511572254811,2.5510392828996915e-06
nuisance_dominant,nDFA_0.1,0.015204774296561448,0.019913690177508596,2.59382926811466e-06
nuisance_dominant,nDFA_0.1,0.015463986728414087,0.019912241064135566,2.6373254811321318e-06
nuisance_dominant,nDFA_0.1,0.015727618238348142,0.019910768005516756,2.6815392045050823e-06
nuisance_dominant,nDFA_0.1,0.01599574416322518,0.019909270619150828,2.7264818892921594e-06
nuisance_dominant,nDFA_0.1,0.01626844112425668,0.019907748516879608,2.772165157170605e-06
nuisance_dominant,nDFA_0.1,0.016545787048899814,0.01990620130482041,2.81860080271364e-06
nuisance_dominant,nDFA_0.1,0.01682786119312641,0.019904628583297956,2.86580079549446e-06
nuisance_dominant,nDFA_0.1,0.01711474416407161,0.01990302994677639,2.9137772823870923e-06
nuisance_dominant,nDFA_0.1,0.01740651794306865,0.019901404983790734,2.9625425897402943e-06
nuisance_dominant,nDFA_0.1,0.017703265909076255,0.019899753276878436,3.0121092256803193e-06
nuisance_dominant,nDFA_0.1,0.018005072862505567,0.019898074402510894,3.0624898823680225e-06
nuisance_dominant,nDFA_0.1,0.01831202504945315,0.019896367931024596,3.113697438270979e-06
nuisance_dominant,nDFA_0.1,0.0186242101863472,0.01989463342655245,3.1657449605099546e-06
nuisance_dominant,nDFA_0.1,0.018941717485013866,0.0198928704469551,3.218645707169806e-06
nuisance_dominant,nDFA_0.1,0.01926463767817099,0.019891078543752112,3.2724131296396876e-06
nuisance_dominant,nDFA_0.1,0.019593063045356338,0.0198892572620534,3.3270608749746173e-06
nuisance_dominant,nDFA_0.1,0.01992708743929801,0.019887406140490484,3.382602788313953e-06
nuisance_dominant,nDFA_0.1,0.02026680631273427,0.019885524711148288,3.4390529152414326e-06
nuisance_dominant,nDFA_0.1,0.020612316745690726,0.019883612499496654,3.4964255042172456e-06
nuisance_dominant,nDFA_0.1,0.02096371747322245,0.019881669024322576,3.5547350090252516e-06
nuisance_dominant,nDFA_0.1,0.02132110891362906,0.019879693797662155,3.613996091228955e-06
nuisance_dominant,nDFA_0.1,0.021684593197150888,0.019877686324733506,3.6742236226159876e-06
nuisance_dominant,nDFA_0.1,0.022054274195154235,0.01987564610386938,3.735432687744503e-06
nuisance_dominant,nDFA_0.1,0.022430257549814335,0.019873572626450738,3.7976385864088195e-06
nuisance_dominant,nDFA_0.1,0.022812650704304178,0.019871465376840508,3.860856836187475e-06
nuisance_dominant,nDFA_0.1,0.02320156293349819,0.019869323832318056,3.925103175012905e-06
nuisance_dominant,nDFA_0.1,0.02359710537519915,0.01986714746301404,3.990393563699824e-06
nuisance_dominant,nDFA_0.1,0.023999391061897666,0.019864935731846126,4.05674418857928e-06
nuisance_dominant,nDFA_0.1,0.024408534953072943,0.01986268809445543,4.124171464076461e-06
nuisance_dominant,nDFA_0.1,0.024824653968044234,0.019860403999143468,4.192692035354066e-06
nuisance_dominant,nDFA_0.1,0.025247867019382475,0.01985808288681033,4.262322780976203e-06
nuisance_dominant,nDFA_0.1,0.025678295046891307,0.019855724190893598,4.333080815560834e-06
nuisance_dominant,nDFA_0.1,0.026116061052167662,0.01985332733730826,4.404983492492543e-06
nuisance_dominant,nDFA_0.1,0.026561290133751272,0.019850891744387734,4.47804840662841e-06
nuisance_dominant,nDFA_0.1,0.02701410952287369,0.019848416822826107,4.552293397051771e-06
nuisance_dominant,nDFA_0.1,0.02747464861981648,0.019845901975621586,4.627736549829813e-06
nuisance_dominant,nDFA_0.1,0.02794303903088952,0.019843346598021293,4.70439620081637e-06
nuisance_dominant,nDFA_0.1,0.028419414606039497,0.019840750077467405,4.782290938452247e-06
nuisance_dominant,nDFA_0.1,0.02890391147709964,0.019838111793544996,4.861439606631014e-06
nuisance_dominant,nDFA_0.1,0.029396668096691603,0.01983543111793127,4.9418613075571075e-06
nuisance_dominant,nDFA_0.1,0.029897825277790394,0.019832707414346763,5.023575404657538e-06
nuisance_dominant,nDFA_0.1,0.030407526233964005,0.01982994003850817,5.1066015255160555e-06
nuisance_dominant,nDFA_0.1,0.03092591662029884,0.019827128338083096,5.190959564830155e-06
nuisance_dominant,nDFA_0.1,0.03145314457502307,0.01982427165264703,5.276669687419158e-06
nuisance_dominant,nDFA_0.1,0.031989360761839336,0.019821369313642336,5.363752331270296e-06
nuisance_dominant,nDFA_0.1,0.03253471841297941,0.019818420644339522,5.452228210593171e-06
nuisance_dominant,nDFA_0.1,0.03308937337299261,0.01981542495980096,5.542118318945471e-06
nuisance_dominant,nDFA_0.1,0.03365348414328091,0.01981238156684703,5.633443932400933e-06
nuisance_dominant,nDFA_0.1,0.034227211927393225,0.019809289764025084,5.72622661273052e-06
nuisance_dominant,nDFA_0.1,0.03481072067709176,0.019806148841581033,5.820488210655258e-06
nuisance_dominant,nDFA_0.1,0.03540417713920396,0.019802958081434074,5.916250869166609e-06
nuisance_dominant,nDFA_0.1,0.036007750903272906,0.019799716757154147,6.013537026847331e-06
nuisance_dominant,nDFA_0.1,0.036621614450020344,0.019796424133943082,6.1123694213143365e-06
nuisance_dominant,nDFA_0.1,0.0372459432006356,0.019793079468618725,6.21277109266009e-06
nuisance_dominant,nDFA_0.1,0.03788091556690515,0.019789682009602693,6.314765387010186e-06
nuisance_dominant,nDFA_0.1,0.03852671300219639,0.019786230996912242,6.418375960110475e-06
nuisance_dominant,nDFA_0.1,0.039183520053311,0.019782725662155155,6.523626781010187e-06
nuisance_dominant,nDFA_0.1,0.03985152441322198,0.019779165228529683,6.6305421358218315e-06
nuisance_dominant,nDFA_0.1,0.04053091697470985,0.019775548910827844,6.739146631547589e-06
nuisance_dominant,nDFA_0.1,0.0412218918849134,0.01977187591544375,6.849465200014805e-06
nuisance_dominant,nDFA_0.1,0.04192464660081018,0.019768145440386083,6.961523101888709e-06
nuisance_dominant,nDFA_0.1,0.04263938194564303,0.019764356675295764,7.075345930796718e-06
nuisance_dominant,nDFA_0.1,0.04336630216630838,0.019760508801468277,7.19095961757106e-06
nuisance_dominant,nDFA_0.1,0.04410561499172318,0.019756600991881385,7.308390434567797e-06
nuisance_dominant,nDFA_0.1,0.04485753169218653,0.019752632411228252,7.427665000148796e-06
nuisance_dominant,nDFA_0.1,0.04562226713975368,0.019748602215956125,7.548810283285655e-06
nuisance_dominant,nDFA_0.1,0.04640003986963895,0.01974450955431092,7.67185360828913e-06
nuisance_dominant,nDFA_0.1,0.04719107214266573,0.019740353566387932,7.796822659691985e-06
nuisance_dominant,nDFA_0.1,0.04799559000878098,0.019736133384188732,7.923745487311427e-06
nuisance_dominant,nDFA_0.1,0.04881382337165251,0.019731848131684885,8.05265051145175e-06
nuisance_dominant,nDFA_0.1,0.049646006054367676,0.019727496924888194,8.18356652829363e-06
nuisance_dominant,nDFA_0.1,0.05049237586625192,0.019723078871928142,8.316522715511772e-06
nuisance_dominant,nDFA_0.1,0.05135317467082665,0.01971859307313687,8.45154863805862e-06
nuisance_dominant,nDFA_0.1,0.05222864845492539,0.019714038621141315,8.588674254162297e-06
nuisance_dominant,nDFA_0.1,0.0531190473989886,0.01970941460096366,8.72792992160642e-06
nuisance_dominant,nDFA_0.1,0.054024625948556476,0.019704720090129697,8.869346404218316e-06
nuisance_dominant,nDFA_0.1,0.05494564288698094,0.01969995415878576,9.012954878610343e-06
nuisance_dominant,nDFA_0.1,0.055882361409377024,0.01969511586982417,9.158786941275415e-06
nuisance_dominant,nDFA_0.1,0.0568350491978349,0.019690204279018186,9.306874615885121e-06
nuisance_dominant,nDFA_0.1,0.05780397849791447,0.019685218435165755,9.457250360991891e-06
nuisance_dominant,nDFA_0.1,0.05878942619644362,0.019680157380243358,9.609947078006745e-06
nuisance_dominant,nDFA_0.1,0.05979167390064319,0.01967502014956957,9.764998119607027e-06
nuisance_dominant,nDFA_0.1,0.06081100801860048,0.019669805771979222,9.922437298453409e-06
nuisance_dominant,nDFA_0.1,0.06184771984111511,0.019664513270007882,1.0082298896375572e-05
nuisance_dominant,nDFA_0.1,0.06290210562493968,0.019659141660087455,1.0244617673933179e-05
nuisance_dominant,nDFA_0.1,0.06397446667744011,0.01965368995275339,1.0409428880517007e-05
nuisance_dominant,nDFA_0.1,0.0650651094426987,0.01964815715286313,1.0576768264865997e-05
nuisance_dominant,nDFA_0.1,0.06617434558908554,0.019642542259827,1.074667208612653e-05
nuisance_dominant,nDFA_0.1,0.06730249209832263,0.01963684426785116,1.0919177125457918e-05
nuisance_dominant,nDFA_0.1,0.06844987135606631,0.019631062166193876,1.1094320698247224e-05
nuisance_dominant,nDFA_0.1,0.06961681124403418,0.019625194939434328,1.127214066688832e-05
nuisance_dominant,nDFA_0.1,0.07080364523370232,0.019619241567755467,1.1452675454255741e-05
nuisance_dominant,nDFA_0.1,0.07201071248160025,0.019613201027240703,1.163596405786296e-05
nuisance_dominant,nDFA_0.1,0.07323835792622993,0.019607072290184834,1.1822046064724078e-05
nuisance_dominant,nDFA_0.1,0.07448693238663776,0.019600854325419772,1.2010961667028477e-05
nuisance_dominant,nDFA_0.1,0.07575679266266629,0.019594546098655585,1.2202751678578728e-05
nuisance_dominant,nDFA_0.1,0.07704830163691566,0.01958814657283684,1.2397457552165711e-05
nuisance_dominant,nDFA_0.1,0.07836182837844297,0.01958165470851521,1.2595121397796694e-05
nuisance_dominant,nDFA_0.1,0.07969774824822941,0.019575069464238253,1.2795786001880048e-05
nuisance_dominant,nDFA_0.1,0.0810564430064459,0.01956838979695523,1.2999494847497357e-05
nuisance_dominant,nDFA_0.1,0.08243830092154673,0.019561614662440063,1.320629213562884e-05
nuisance_dominant,nDFA_0.1,0.0838437168812237,0.019554743015732,1.341622280764929e-05
nuisance_dominant,nDFA_0.1,0.08527309250525125,0.019547773811594445,1.3629332568878226e-05
nuisance_dominant,nDFA_0.1,0.08672683626025589,0.0195407060049923,1.3845667913480966e-05
nuisance_dominant,nDFA_0.1,0.0882053635764417,0.019533538551588455,1.4065276150640117e-05
nuisance_dominant,nDFA_0.1,0.08970909696630631,0.019526270408259473,1.4288205432117848e-05
nuisance_dominant,nDFA_0.1,0.0912384661453805,0.01951890053363132,1.4514504781287023e-05
nuisance_dominant,nDFA_0.1,0.09279390815502589,0.019511427888635503,1.4744224123704003e-05
nuisance_dominant,nDFA_0.1,0.09437586748732682,0.019503851437085676,1.4977414319257705e-05
nuisance_dominant,nDFA_0.1,0.09598479621211059,0.019496170146275704,1.5214127196064777e-05
nuisance_dominant,nDFA_0.1,0.09762115410613391,0.01948838298759927,1.54544155860695e-05
nuisance_dominant,nDFA_0.1,0.09928540878447097,0.01948048893719153,1.5698333362560966e-05
nuisance_dominant,nDFA_0.1,0.10097803583414221,0.01947248697659318,1.5945935479633872e-05
nuisance_dominant,nDFA_0.1,0.10269951895002051,0.019464376093437555,1.6197278013638895e-05
nuisance_dominant,nDFA_0.1,0.10445035007305466,0.01945615528216104,1.6452418206855096e-05
nuisance_dominant,nDFA_0.1,0.10623102953084963,0.01944782354473706,1.671141451332949e-05
nuisance_dominant,nDFA_0.1,0.10804206618064248,0.019439379891434322,1.69743266470939e-05
nuisance_dominant,nDFA_0.1,0.10988397755471659,0.019430823341599734,1.724121563282778e-05
nuisance_dominant,nDFA_0.1,0.1117572900082951,0.019422152924465787,1.751214385902467e-05
nuisance_dominant,nDFA_0.1,0.11366253886995442,0.019413367679983584,1.7787175133918826e-05
nuisance_dominant,nDFA_0.1,0.11560026859460341,0.019404466659681405,1.8066374744080998e-05
nuisance_dominant,nDFA_0.1,0.11757103291906959,0.01939544892754907,1.834980951598932e-05
nuisance_dominant,nDFA_0.1,0.11957539502033872,0.019386313560948828,1.863754788057786e-05
nuisance_dominant,nDFA_0.1,0.12161392767649076,0.019377059651552543,1.8929659940929193e-05
nuisance_dominant,nDFA_0.1,0.12368721343038079,0.01936768630630604,1.922621754323553e-05
nuisance_dominant,nDFA_0.1,0.12579584475610944,0.01935819264842035,1.9527294351122833e-05
nuisance_dominant,nDFA_0.1,0.12794042422833235,0.019348577818390437,1.9832965923540784e-05
nuisance_dominant,nDFA_0.1,0.13012156469445452,0.019338840975041467,2.0143309796225653e-05
nuisance_dominant,nDFA_0.1,0.13233988944976152,0.019328981296602803,2.0458405567012055e-05
nuisance_dominant,nDFA_0.1,0.13459603241553642,0.019318997981810006,2.0778334985007435e-05
nuisance_dominant,nDFA_0.1,0.1368906383202119,0.01930889025103477,2.110318204382866e-05
nuisance_dominant,nDFA_0.1,0.13922436288361215,0.019298657347443092,2.1433033079027113e-05
nuisance_dominant,nDFA_0.1,0.14159787300433485,0.019288298538181488,2.1767976869763446e-05
nuisance_dominant,nDFA_0.1,0.14401184695032862,0.019277813115591506,2.2108104745025115e-05
nuisance_dominant,nDFA_0.1,0.14646697455271773,0.019267200398452342,2.2453510694294023e-05
nuisance_dominant,nDFA_0.1,0.1489639574029329,0.019256459733251498,2.2804291483040636e-05
nuisance_dominant,nDFA_0.1,0.15150350905320234,0.01924559049548348,2.3160546772948785e-05
nuisance_dominant,nDFA_0.1,0.15408635522045983,0.01923459209097623,2.3522379247126514e-05
nuisance_dominant,nDFA_0.1,0.15671323399373024,0.01922346395724509,2.3889894740411835e-05
nuisance_dominant,nDFA_0.1,0.15938489604504993,0.019212205564873856,2.426320237482183e-05
nuisance_dominant,nDFA_0.1,0.1621021048439836,0.01920081641892331,2.464241470029836e-05
nuisance_dominant,nDFA_0.1,0.164865636875797,0.019189296060365384,2.502764784088996e-05
nuisance_dominant,nDFA_0.1,0.16767628186335026,0.01917764406754417,2.541902164637614e-05
nuisance_dominant,nDFA_0.1,0.17053484299277355,0.019165860057661792,2.5816659849465156e-05
nuisance_dominant,nDFA_0.1,0.1734421371429907,0.019153943688289397,2.6220690228668203e-05
nuisance_dominant,nDFA_0.1,0.1763989951191542,0.019141894658902307,2.663124477686772e-05
nuisance_dominant,nDFA_0.1,0.1794062618900615,0.01912971271243831,2.704845987561947e-05
nuisance_dominant,nDFA_0.1,0.1824647968296187,0.019117397636878593,2.7472476475272927e-05
nuisance_dominant,nDFA_0.1,0.18557547396241897,0.019104949266849976,2.7903440280924515e-05
nuisance_dominant,nDFA_0.1,0.18873918221350977,0.019092367485247765,2.834150194415381e-05
nuisance_dominant,nDFA_0.1,0.19195682566241667,0.019079652224877845,2.8786817260569713e-05
nuisance_dominant,nDFA_0.1,0.19522932380149927,0.019066803470116463,2.923954737312682e-05
nuisance_dominant,nDFA_0.1,0.1985576117987093,0.019053821258587067,2.9699858981148134e-05
nuisance_dominant,nDFA_0.1,0.20194264076483048,0.01904070568285198,3.0167924555014678e-05
nuisance_dominant,nDFA_0.1,0.2053853780252731,0.019027456892117545,3.0643922556243867e-05
nuisance_dominant,nDFA_0.1,0.2088868073965032,0.01901407509395115,3.1128037663161887e-05
nuisance_dominant,nDFA_0.1,0.21244792946718244,0.019000560556008197,3.162046100155707e-05
nuisance_dominant,nDFA_0.1,0.21606976188410273,0.01898691360776678,3.212139038053639e-05
nuisance_dominant,nDFA_0.1,0.21975333964299557,0.018973134642268234,3.2631030533106296e-05
nuisance_dominant,nDFA_0.1,0.2234997153842969,0.01895922411786113,3.314959336128119e-05
nuisance_dominant,nDFA_0.1,0.2273099596939568,0.01894518255994642,3.367729818542442e-05
nuisance_dominant,nDFA_0.1,0.2311851614093757,0.018931010562720778,3.421437199750605e-05
nuisance_dominant,nDFA_0.1,0.23512642793055788,0.018916708790915976,3.4761049717850776e-05
nuisance_dominant,nDFA_0.1,0.23913488553656703,0.018902277981530713,3.531757445497738e-05
nuisance_dominant,nDFA_0.1,0.24321167970737892,0.018887718945552606,3.5884197768077486e-05
nuisance_dominant,nDFA_0.1,0.24735797545122115,0.018873032569666038,3.6461179931640966e-05
nuisance_dominant,nDFA_0.1,0.2515749576374912,0.018858219817943864,3.704879020155904e-05
nuisance_dominant,nDFA_0.1,0.25586383133535245,0.018843281733517663,3.764730708229996e-05
nuisance_dominant,nDFA_0.1,0.26022582215810114,0.018828219440224288,3.825701859430426e-05
nuisance_dominant,nDFA_0.1,0.26466217661340585,0.01881303414422373,3.887822254104778e-05
nuisance_dominant,nDFA_0.1,0.2691741624595153,0.018797727135584433,3.9511226774934045e-05
nuisance_dominant,nDFA_0.1,0.2737630690675409,0.018782299789831695,4.0156349461274276e-05
nuisance_dominant,nDFA_0.1,0.2784302077899146,0.01876675356945467,4.081391933944551e-05
nuisance_dominant,nDFA_0.1,0.2831769123351298,0.01875109002536652,4.1484275980381754e-05
nuisance_dominant,nDFA_0.1,0.28800453914886753,0.018735310798313816,4.216777003944085e-05
nuisance_dominant,nDFA_0.1,0.29291446780162333,0.018719417620228763,4.2864763503599206e-05
nuisance_dominant,nDFA_0.1,0.297908101382942,0.01870341231551965,4.357562993201542e-05
nuisance_dominant,nDFA_0.1,0.3029868669023709,0.018687296802293526,4.430075468878836e-05
nuisance_dominant,nDFA_0.1,0.3081522156972515,0.018671073093505023,4.504053516682331e-05
nuisance_dominant,nDFA_0.1,0.31340562384746146,0.01865474329802557,4.579538100168503e-05
nuisance_dominant,nDFA_0.1,0.3187485925972288,0.018638309621626634,4.656571427405355e-05
nuisance_dominant,nDFA_0.1,0.32418264878413444,0.018621774367869846,4.735196969976568e-05
nuisance_dominant,nDFA_0.1,0.3297093452754312,0.018605139938898153,4.8154594805972346e-05
nuisance_dominant,nDFA_0.1,0.33533026141179956,0.01858840883612003,4.897405009223655e-05
nuisance_dominant,nDFA_0.1,0.3410470034586704,0.01857158366078038,4.981080917513783e-05
nuisance_dominant,nDFA_0.1,0.34686120506523876,0.018554667114409958,5.0665358915127975e-05
nuisance_dominant,nDFA_0.1,0.3527745277313059,0.018537661999146048,5.153819952425827e-05
nuisance_dominant,nDFA_0.1,0.35878866128208003,0.01852057121791642,5.242984465330941e-05
nuisance_dominant,nDFA_0.1,0.36490532435106837,0.018503397774478604,5.334082145713791e-05
nuisance_dominant,nDFA_0.1,0.37112626487120537,0.01848614477330592,5.427167063668209e-05
nuisance_dominant,nDFA_0.1,0.37745326057435113,0.0184688154193119,5.5222946456415025e-05
nuisance_dominant,nDFA_0.1,0.3838881194993082,0.018451413017404873,5.6195216735796844e-05
nuisance_dominant,nDFA_0.1,0.39043268050849433,0.01843394097186312,5.718906281346281e-05
nuisance_dominant,nDFA_0.1,0.3970888138134286,0.018416402785522243,5.8205079482853875e-05
nuisance_dominant,nDFA_0.1,0.40385842150917256,0.018398802058765422,5.924387489794283e-05
nuisance_dominant,nDFA_0.1,0.4107434381178857,0.018381142488307134,6.030607044799659e-05
nuisance_dominant,nDFA_0.1,0.4177458311416433,0.018363427865761353,6.139230059999903e-05
nuisance_dominant,nDFA_0.1,0.4248676016246823,0.018345662075984124,6.250321270776104e-05
nuisance_dominant,nDFA_0.1,0.43211078472523234,0.018327849095181776,6.363946678658975e-05
nuisance_dominant,nDFA_0.1,0.43947745029709223,0.018309992988774376,6.480173525246998e-05
nuisance_dominant,nDFA_0.1,0.44696970348112464,0.018292097909005194,6.599070262492582e-05
nuisance_dominant,nDFA_0.1,0.4545896853068325,0.01827416809228649,6.720706519253234e-05
nuisance_dominant,nDFA_0.1,0.46233957330419384,0.018256207856271807,6.845153064043232e-05
nuisance_dominant,nDFA_0.1,0.4702215821259226,0.018238221596645253,6.972481763901987e-05
nuisance_dominant,nDFA_0.1,0.4782379641803417,0.018220213783618218,7.102765539326967e-05
nuisance_dominant,nDFA_0.1,0.48639101027504605,0.018202188958124057,7.236078315198599e-05
nuisance_dominant,nDFA_0.1,0.4946830502715338,0.018184151727701613,7.37249496767267e-05
nuisance_dominant,nDFA_0.1,0.503116453751003,0.01816610676205802,7.512091266976134e-05
nuisance_dominant,nDFA_0.1,0.5116936306914959,0.01814805878830244,7.65494381610066e-05
nuisance_dominant,nDFA_0.1,0.52041703215659,0.018130012585841633,7.801129985355389e-05
nuisance_dominant,nDFA_0.1,0.5292891509958252,0.018111972980929345,7.950727842779137e-05
nuisance_dominant,nDFA_0.1,0.5383125225570771,0.018093944840861166,8.103816080398428e-05
nuisance_dominant,nDFA_0.1,0.5474897254110712,0.018075933067807547,8.260473936345288e-05
nuisance_dominant,nDFA_0.1,0.5568233820882527,0.01805794259227782,8.420781112844217e-05
nuisance_dominant,nDFA_0.1,0.5663161598282122,0.018039978366208104,8.584817690095604e-05
nuisance_dominant,nDFA_0.1,0.5759707713418936,0.018022045355667815,8.752664036080724e-05
nuisance_dominant,nDFA_0.1,0.5857899755867956,0.018004148533178325,8.924400712332937e-05
nuisance_dominant,nDFA_0.1,0.5957765785553836,0.017986292869639806,9.100108375722696e-05
nuisance_dominant,nDFA_0.1,0.6059334340769489,0.0179684833258616,9.279867676308402e-05
nuisance_dominant,nDFA_0.1,0.6162634446331343,0.01795072484369311,9.463759151323304e-05
nuisance_dominant,nDFA_0.1,0.6267695621873663,0.01793302233675275,9.651863115360089e-05
nuisance_dominant,nDFA_0.1,0.6374547890284212,0.017915380680753427,9.844259546847642e-05
nuisance_dominant,nDFA_0.1,0.6483221786283797,0.017897804703423947,0.00010041027970894114
nuisance_dominant,nDFA_0.1,0.6593748365152027,0.017880299174027465,0.00010242247338594262
nuisance_dominant,nDFA_0.1,0.6706159211601879,0.017862868792477997,0.00010447995902914928
nuisance_dominant,nDFA_0.1,0.6820486448805486,0.017845518178058396,0.0001065835109125025
nuisance_dominant,nDFA_0.1,0.6936762747573865,0.017828251857744226,0.0001087338937478394
nuisance_dominant,nDFA_0.1,0.7055021335693127,0.017811074254138626,0.00011093186134777805
nuisance_dominant,nDFA_0.1,0.7175296007419812,0.01779398967302581,0.00011317815525921117
nuisance_dominant,nDFA_0.1,0.7297621133138149,0.017777002290551437,0.00011547350336888418
nuisance_dominant,nDFA_0.1,0.7422031669181925,0.017760116140040402,0.00011781861848258852
nuisance_dominant,nDFA_0.1,0.7548563167823837,0.017743335098463466,0.00012021419687960969
nuisance_dominant,nDFA_0.1,0.7677251787435072,0.01772666287256709,0.0001226609168441549
nuisance_dominant,nDFA_0.1,0.780813430281815,0.017710102984681224,0.0001251594371755451
nuisance_dominant,nDFA_0.1,0.7941248115715934,0.017693658758222975,0.00012771039567924285
nuisance_dominant,nDFA_0.1,0.8076631265499712,0.017677333302915106,0.00013031440764061226
nuisance_dominant,nDFA_0.1,0.8214322440039585,0.017661129499741024,0.00013297206428370827
nuisance_dominant,nDFA_0.1,0.8354360986760122,0.017645049985659737,0.0001356839312173181
nuisance_dominant,nDFA_0.1,0.8496786923884532,0.017629097138106047,0.00013845054687070316
nuisance_dominant,nDFA_0.1,0.8641640951870458,0.017613273059304307,0.00014127242092159628
nuisance_dominant,nDFA_0.1,0.878896446504081,0.017597579560425482,0.00014415003271914852
nuisance_dominant,nDFA_0.1,0.8938799563412821,0.017582018145620222,0.0001470838297046478
nuisance_dominant,nDFA_0.1,0.9091189064728835,0.01756658999596224,0.00015007422583302176
nuisance_dominant,nDFA_0.1,0.9246176516692093,0.01755129595333967,0.00015312159999818236
nuisance_dominant,nDFA_0.1,0.9403806209411201,0.017536136504333423,0.00015622629446563534
nuisance_dominant,nDFA_0.1,0.9564123188056762,0.017521111764124714,0.00015938861331559224
nuisance_dominant,nDFA_0.1,0.9727173265733684,0.017506221460476097,0.0001626088209003968
nuisance_dominant,nDFA_0.1,0.9893003036573033,0.017491464917832458,0.00016588714031982047
nuisance_dominant,nDFA_0.1,1.0061659889047023,0.017476841041591404,0.00016922375191832023
nuisance_dominant,nDFA_0.1,1.023319201951106,0.01746234830259439,0.00017261879180813507
nuisance_dominant,nDFA_0.1,1.0407648445976552,0.017447984721892167,0.00017607235042262046
nuisance_dominant,nDFA_0.1,1.0585079022118615,0.0174337478558409,0.00017958447110403682
nuisance_dominant,nDFA_0.1,1.0765534451522527,0.017419634781587142,0.00018315514873042512
nuisance_dominant,nDFA_0.1,1.094906630217312,0.017405642083001677,0.00018678432838611613
nuisance_dominant,nDFA_0.1,1.1135727021191089,0.01739176583712517,0.0001904719040807593
nuisance_dominant,nDFA_0.1,1.1325569949820598,0.01737800160118931,0.00019421771752166058
nuisance_dominant,nDFA_0.1,1.1518649338672433,0.01736434440027987,0.0001980215569445368
nuisance_dominant,nDFA_0.1,1.1715020363226891,0.017350788715709255,0.0002018831560077978
nuisance_dominant,nDFA_0.1,1.1914739139601096,0.01733732847416765,0.0002058021927554444
nuisance_dominant,nDFA_0.1,1.2117862740585037,0.017323957037722958,0.00020977828865401465
nuisance_dominant,nDFA_0.1,1.2324449211951067,0.01731066719474151,0.00021381100770879723
nuisance_dominant,nDFA_0.1,1.2534557589041324,0.01729745115180118,0.00021789985566462473
nuisance_dominant,nDFA_0.1,1.2748247913638062,0.017284300526670605,0.00022204427929680684
nuisance_dominant,nDFA_0.1,1.296558125112151,0.017271206342427292,0.00022624366579732883
nuisance_dominant,nDFA_0.1,1.3186619707920322,0.017258159022787992,0.00023049734226186864
nuisance_dominant,nDFA_0.1,1.3411426449259387,0.017245148388725078,0.00023480457528274714
nuisance_dominant,nDFA_0.1,1.364006571721033,0.017232163656440987,0.00023916457065311535
nuisance_dominant,nDFA_0.1,1.3872602849049733,0.01721919343677278,0.00024357647318740944
nuisance_dominant,nDFA_0.1,1.4109104295930222,0.0172062257360976,0.00024803936666309586
nuisance_dominant,nDFA_0.1,1.4349637641869968,0.01719324795880783,0.0002525522738884002
nuisance_dominant,nDFA_0.1,1.4594271623065878,0.017180246911423176,0.00025711415690073423
nuisance_dominant,nDFA_0.1,1.484307614753609,0.017167208808404628,0.0002617239173000411
nuisance_dominant,nDFA_0.1,1.5096122315097211,0.017154119279731934,0.00026638039672128146
nuisance_dominant,nDFA_0.1,1.5353482437682255,0.01714096338030407,0.00027108237744980873
nuisance_dominant,nDFA_0.1,1.5615230060004965,0.017127725601217347,0.0002758285831831116
nuisance_dominant,nDFA_0.1,1.5881439980576275,0.01711438988297308,0.0002806176799420417
nuisance_dominant,nDFA_0.1,1.6152188273079233,0.017100939630661206,0.0002854482771342656
nuisance_dominant,nDFA_0.1,1.6427552308108229,0.0170873577311619,0.0002903189287721863
nuisance_dominant,nDFA_0.1,1.6707610775278907,0.017073626572401836,0.0002952281348471981
nuisance_dominant,nDFA_0.1,1.6992443705714897,0.017059728064695738,0.0003001743428616004
nuisance_dominant,nDFA_0.1,1.7282132494918006,0.017045643664197762,0.0003051559495189359
nuisance_dominant,nDFA_0.1,1.7576759926028247,0.01703135439848065,0.0003101713025730366
nuisance_dominant,nDFA_0.1,1.78764101934805,0.017016840894253246,0.00031521870283542964
nuisance_dominant,nDFA_0.1,1.8181168927064288,0.01700208340721965,0.0003202964063401334
nuisance_dominant,nDFA_0.1,1.8491123216393888,0.016987061854075322,0.0003254026266642242
nuisance_dominant,nDFA_0.1,1.880636163579563,0.01697175584662728,0.00033053553740203365
nuisance_dominant,nDFA_0.1,1.9126974269619283,0.01695614472801637,0.0003356932747898525
nuisance_dominant,nDFA_0.1,1.9453052737981165,0.01694020761101166,0.00034087394047769805
nuisance_dominant,nDFA_0.1,1.9784690222945986,0.01692392341833643,0.0003460756044436706
nuisance_dominant,nDFA_0.1,2.012198149515519,0.016907270924976896,0.00035129630804588905
nuisance_dominant,nDFA_0.1,2.046502294090901,0.016890228802414333,0.0003565340672062155
nuisance_dominant,nDFA_0.1,2.0813912589710486,0.016872775664711615,0.0003617868757192223
nuisance_dominant,nDFA_0.1,2.1168750142278885,0.01685489011637504,0.00036705270867915776
nuisance_dominant,nDFA_0.1,2.152963699904084,0.016836550801902234,0.00037232952601694736
nuisance_dominant,nDFA_0.1,2.1896676289106987,0.016817736456916744,0.00037761527613856377
nuisance_dominant,nDFA_0.1,2.2269972899742814,0.01679842596077975,0.0003829078996553731
nuisance_dominant,nDFA_0.1,2.26496335063419,0.016778598390558903,0.0003882053331964113
nuisance_dominant,nDFA_0.1,2.303576660290997,0.016758233076225218,0.0003935055132919003
nuisance_dominant,nDFA_0.1,2.3428482533068857,0.016737309656938076,0.00039880638031675127
nuisance_dominant,nDFA_0.1,2.3827893521588885,0.016715808138269755,0.00040410588248209037
nuisance_dominant,nDFA_0.1,2.4234113706458946,0.016693708950211206,0.0004094019798624693
nuisance_dominant,nDFA_0.1,2.464725917150312,0.01667099300579257,0.00041469264844579416
nuisance_dominant,nDFA_0.1,2.50674479795535,0.01664764176014257,0.00041997588419268343
nuisance_dominant,nDFA_0.1,2.5494800206188595,0.016623637269804644,0.00042524970709149706
nuisance_dominant,nDFA_0.1,2.592943797404667,0.01659896225211878,0.00043051216519499926
nuisance_dominant,nDFA_0.1,2.6371485487724318,0.01657360014447291,0.00043576133862432417
nuisance_dominant,nDFA_0.1,2.6821069069269825,0.016547535163220793,0.000440995343525838
nuisance_dominant,nDFA_0.1,2.7278317194281803,0.016520752362059014,0.000446212335966149
nuisance_dominant,nDFA_0.1,2.7743360528622945,0.01649323768965092,0.0004514105157507348
nuisance_dominant,nDFA_0.1,2.8216331965759975,0.016464978046282327,0.00045658813015146324
nuisance_dominant,nDFA_0.1,2.8697366664739996,0.01643596133933159,0.00046174347752853215
nuisance_dominant,nDFA_0.1,2.9186602088814415,0.01640617653733432,0.0004668749108324962
nuisance_dominant,nDFA_0.1,2.96841780447211,0.016375613722424007,0.00047198084097226886
nuisance_dominant,nDFA_0.1,3.0190236722636397,0.0163442641409293,0.00047705974003540335
nuisance_dominant,nDFA_0.1,3.070492273680835,0.016312120251911096,0.00048211014434733975
nuisance_dominant,nDFA_0.1,3.1228383166882305,0.016279175773425397,0.0004871306573567836
nuisance_dominant,nDFA_0.1,3.176076759993135,0.016245425726301627,0.0004921199523349909
nuisance_dominant,nDFA_0.1,3.2302228173203136,0.016210866475231754,0.00049707677487738
nuisance_dominant,nDFA_0.1,3.2852919617595595,0.0161754957669714,0.0005019999451964823
nuisance_dominant,nDFA_0.1,3.3412999301873585,0.016139312765461815,0.0005068883601962286
nuisance_dominant,nDFA_0.1,3.3982627277639583,0.016102318083690108,0.0005117409953181811
nuisance_dominant,nDFA_0.1,3.456196632507091,0.016064513812114593,0.0005165569061513119
nuisance_dominant,nDFA_0.1,3.5151181999436867,0.016025903543493224,0.000521335229797873
nuisance_dominant,nDFA_0.1,3.575044267840856,0.01598649239396422,0.00052607518598876
nuisance_dominant,nDFA_0.1,3.6359919610175564,0.01594628702024119,0.0005307760779429363
nuisance_dominant,nDFA_0.1,3.6979786962382923,0.015905295632798477,0.0005354372929663445
nuisance_dominant,nDFA_0.1,3.7610221871902074,0.015863528004936574,0.00054005830278688
nuisance_dominant,nDFA_0.1,3.8251404495450636,0.015820995477633423,0.0005446386636231021
nuisance_dominant,nDFA_0.1,3.8903518061074984,0.01577771096010239,0.0005491780159853017
nuisance_dominant,nDFA_0.1,3.9566748920510686,0.015733688925995033,0.0005536760842087151
nuisance_dominant,nDFA_0.1,4.024128660243522,0.015688945405203155,0.0005581326757197608
nuisance_dominant,nDFA_0.1,4.092732386662896,0.015643497971232823,0.0005625476800370859
nuisance_dominant,nDFA_0.1,4.16250567590592,0.015597365724139797,0.0005669210675104684
nuisance_dominant,nDFA_0.1,4.233468466790359,0.015550569269034902,0.0005712528878014202
nuisance_dominant,nDFA_0.1,4.305641038052818,0.015503130690185052,0.0005755432681104988
nuisance_dominant,nDFA_0.1,4.379044014143725,0.015455073520754384,0.0005797924111571647
nuisance_dominant,nDFA_0.1,4.453698371121101,0.015406422708247445,0.0005840005929190592
nuisance_dominant,nDFA_0.1,4.5296254426447815,0.015357204575734579,0.0005881681601383823
nuisance_dominant,nDFA_0.1,4.606846926072856,0.015307446778956707,0.0005922955276039856
nuisance_dominant,nDFA_0.1,4.685384888662027,0.015257178259423987,0.0005963831752185108
nuisance_dominant,nDFA_0.1,4.76526177387369,0.015206429193639279,0.0006004316448607965
nuisance_dominant,nDFA_0.1,4.846500407787484,0.01515523093859301,0.0006044415370544641
nuisance_dominant,nDFA_0.1,4.929124005624213,0.015103615973691373,0.0006084135074542154
nuisance_dominant,nDFA_0.1,5.013156178379978,0.015051617839294065,0.0006123482631621953
nuisance_dominant,nDFA_0.1,5.0986209395733635,0.014999271072051137,0.0006162465588872962
nuisance_dominant,nDFA_0.1,5.185542712107698,0.014946611137240795,0.0006201091929607904
nuisance_dominant,nDFA_0.1,5.27394633525027,0.014893674358322156,0.0006239370032225005
nuisance_dominant,nDFA_0.1,5.363857071730567,0.01484049784392614,0.0006277308627918944
nuisance_dominant,nDFA_0.1,5.455300614959465,0.01478711941251793,0.000631491675739199
nuisance_dominant,nDFA_0.1,5.548303096371546,0.014733577514971941,0.0006352203726721024
nuisance_dominant,nDFA_0.1,5.642891092892556,0.014679911155306999,0.000638917906253803
nuisance_dominant,nDFA_0.1,5.739091634534208,0.014626159809835207,0.0006425852466688522
nuisance_dominant,nDFA_0.1,5.836932212118393,0.014572363344982308,0.0006462233770532942
nuisance_dominant,nDFA_0.1,5.936440785133139,0.014518561934040154,0.0006498332889062033
nuisance_dominant,nDFA_0.1,6.03764578972249,0.014464795973114028,0.0006534159774997236
nuisance_dominant,nDFA_0.1,6.140576146812549,0.01441110599652819,0.0006569724373051262
nuisance_dominant,nDFA_0.1,6.24526127037611,0.01435753259195206,0.0006605036574525524
nuisance_dominant,nDFA_0.1,6.351731075838154,0.014304116315508259,0.0006640106172421117
nuisance_dominant,nDFA_0.1,6.460015988624681,0.01425089760712026,0.0006674942817242631
nuisance_dominant,nDFA_0.1,6.570146952857214,0.014197916706354192,0.0006709555973672729
nuisance_dominant,nDFA_0.1,6.682155440195594,0.014145213569003423,0.0006743954878294896
nuisance_dominant,nDFA_0.1,6.796073458831493,0.014092827784659673,0.0006778148498541239
nuisance_dominant,nDFA_0.1,6.911933562635288,0.014040798495506648,0.0006812145493038453
nuisance_dominant,nDFA_0.1,7.029768860458798,0.013989164316565297,0.0006845954173523354
nuisance_dominant,nDFA_0.1,7.149613025596682,0.013937963257610824,0.000687958246849409
nuisance_dominant,nDFA_0.1,7.271500305409138,0.013887232646972924,0.0006913037888758358
nuisance_dominant,nDFA_0.1,7.395465531108579,0.013837009057420918,0.0006946327495033965
nuisance_dominant,nDFA_0.1,7.521544127713236,0.013787328234325208,0.000697945786774927
nuisance_dominant,nDFA_0.1,7.6497721241703935,0.013738225026275941,0.0007012435079182813
nuisance_dominant,nDFA_0.1,7.7801861636522665,0.013689733318328966,0.0007045264668071984
nuisance_dominant,nDFA_0.1,7.912823514027315,0.013641885968037637,0.0007077951616809373
nuisance_dominant,nDFA_0.1,8.04772207851015,0.01359471474441768,0.0007110500331334854
nuisance_dominant,nDFA_0.1,8.184920406492996,0.013548250269980919,0.0007142914623816839
nuisance_dominant,nDFA_0.1,8.324457704561745,0.013502521965961828,0.0007175197698204211
nuisance_dominant,nDFA_0.1,8.466373847699883,0.013457558000849221,0.0007207352138714539
nuisance_dominant,nDFA_0.1,8.61070939068338,0.01341338524232386,0.0007239379901309161
nuisance_dominant,nDFA_0.1,8.7575055796699,0.013370029212691375,0.0007271282308189619
nuisance_dominant,nDFA_0.1,8.906804363985472,0.013327514047888293,0.0007303060045332585
nuisance_dominant,nDFA_0.1,9.058648408112223,0.013285862460128084,0.0007334713163064376
nuisance_dominant,nDFA_0.1,9.213081103880398,0.013245095704243029,0.000736624107965719
nuisance_dominant,nDFA_0.1,9.370146582868305,0.013205233547767325,0.0007397642587913132
nuisance_dominant,nDFA_0.1,9.529889729013544,0.01316629424479602,0.0007428915864683055
nuisance_dominant,nDFA_0.1,9.692356191439336,0.01312829451364493,0.0007460058483251317
nuisance_dominant,nDFA_0.1,9.857592397499504,0.013091249518326253,0.0007491067428499434
nuisance_dominant,nDFA_0.1,10.025645566045766,0.013055172853845522,0.0007521939114745258
nuisance_dominant,nDFA_0.1,10.196563720921308,0.013020076535316472,0.0007552669406139603
nuisance_dominant,nDFA_0.1,10.370395704684338,0.012985970990881012,0.0007583253639485369
nuisance_dominant,nDFA_0.1,10.547191192565622,0.012952865058413535,0.0007613686649332435
nuisance_dominant,nDFA_0.1,10.727000706663942,0.012920765985980057,0.000764396279518639
nuisance_dominant,nDFA_0.1,10.909875630383668,0.012889679436014736,0.0007674075990659348
nuisance_dominant,nDFA_0.1,11.09586822311825,0.012859609493168708,0.000770401973438017
nuisance_dominant,nDFA_0.1,11.285031635184245,0.012830558675778033,0.0007733787142471403
nuisance_dominant,nDFA_0.1,11.47741992300984,0.012802527950890782,0.000776337098239477
nuisance_dominant,nDFA_0.1,11.673088064582329,0.01277551675278527,0.0007792763707959077
nuisance_dominant,nDFA_0.1,11.872091975158934,0.012749523004905164,0.0007821957495281573
nuisance_dominant,nDFA_0.1,12.07448852324546,0.012724543145129153,0.0007850944279489903
nuisance_dominant,nDFA_0.1,12.280335546847452,0.012700572154286868,0.0007879715791951212
nuisance_dominant,nDFA_0.1,12.489691869998175,0.012677603587825182,0.0007908263597815072
nuisance_dominant,nDFA_0.1,12.702617319568612,0.01265562961052268,0.0007936579133658906
nuisance_dominant,nDFA_0.1,12.919172742363902,0.012634641034143065,0.0007964653745027539
nuisance_dominant,nDFA_0.1,13.139420022511283,0.012614627357911707,0.000799247872366468
nuisance_dominant,nDFA_0.1,13.363422099144453,0.012595576811692846,0.0008020045344238311
nuisance_dominant,nDFA_0.1,13.59124298438939,0.012577476401738591,0.0008047344900371827
nuisance_dominant,nDFA_0.1,13.822947781656945,0.012560311958873919,0.0008074368739799935
nuisance_dominant,nDFA_0.1,14.058602704246992,0.01254406818897598,0.0008101108298479081
nuisance_dominant,nDFA_0.1,14.298275094270045,0.012528728725599392,0.0008127555133493138
nuisance_dominant,nDFA_0.1,14.542033441891286,0.012514276184593201,0.0008153700954606738
nuisance_dominant,nDFA_0.1,14.789947404902728,0.012500692220549139,0.0008179537654332234
nuisance_dominant,nDFA_0.1,15.042087828629008,0.012487957584915232,0.0008205057336388785
nuisance_dominant,nDFA_0.1,15.298526766172571,0.01247605218560308,0.0008230252342447234
nuisance_dominant,nDFA_0.1,15.559337499003943,0.012464955147912255,0.0008255115277068521
nuisance_dominant,nDFA_0.1,15.824594557903191,0.012454644876590286,0.0008279639030758742
nuisance_dominant,nDFA_0.1,16.094373744258082,0.012445099118842251,0.0008303816801079016
nuisance_dominant,nDFA_0.1,16.368752151725655,0.012436295028100364,0.0008327642111763956
nuisance_dominant,nDFA_0.1,16.647808188262907,0.012428209228360354,0.0008351108829817847
nuisance_dominant,nDFA_0.1,16.931621598533113,0.012420817878888513,0.0008374211180572934
nuisance_dominant,nDFA_0.1,17.220273486694122,0.012414096739101581,0.0008396943760709304
nuisance_dominant,nDFA_0.1,17.513846339575103,0.012408021233419587,0.0008419301549250107
nuisance_dominant,nDFA_0.1,17.81242405024861,0.012402566515891503,0.0008441279916560926
nuisance_dominant,nDFA_0.1,18.116091942004132,0.012397707534393393,0.0008462874631393914
nuisance_dominant,nDFA_0.1,18.424936792730715,0.012393419094199542,0.0008484081866032304
nuisance_dominant,nDFA_0.1,18.739046859715067,0.012389675920729006,0.0008504898199600349
nuisance_dominant,nDFA_0.1,19.058511904862485,0.012386452721272511,0.0008525320619616903
nuisance_dominant,nDFA_0.1,19.38342322034772,0.012383724245508057,0.0008545346521878918
nuisance_dominant,nDFA_0.1,19.713873654703125,0.012381465344618137,0.0008564973708770994
nuisance_dominant,nDFA_0.1,20.049957639351746,0.012379651028827057,0.0008584200386104615
nuisance_dominant,nDFA_0.1,20.39177121559234,0.01237825652318263,0.0008603025158595629
nuisance_dominant,nDFA_0.1,20.739412062044874,0.012377257321414288,0.0008621447024095944
nuisance_dominant,nDFA_0.1,21.092979522563663,0.012376629237707387,0.0008639465366696428
nuisance_dominant,nDFA_0.1,21.452574634626465,0.01237634845624275,0.0008657079948821957
nuisance_dominant,nDFA_0.1,21.818300158207524,0.012376391578360065,0.0008674290902440092
nuisance_dominant,nDFA_0.1,22.190260605142807,0.012376735667214579,0.0008691098719504017
nuisance_dominant,nDFA_0.1,22.568562268996093,0.012377358289807789,0.0008707504241749259
nuisance_dominant,nDFA_0.1,22.953313255433766,0.012378237556284859,0.0008723508649960538
nuisance_dominant,nDFA_0.1,23.344623513117888,0.012379352156404174,0.0008739113452820657
nuisance_dominant,nDFA_0.1,23.742604865125728,0.012380681393097618,0.0008754320475449182
nuisance_dominant,nDFA_0.1,24.14737104090496,0.012382205213053806,0.0008769131847731192
nuisance_dominant,nDFA_0.1,24.55903770877365,0.012383904234270469,0.0008783549992530454
nuisance_dominant,nDFA_0.1,24.977722508974306,0.012385759770536544,0.0008797577613873048
nuisance_dominant,nDFA_0.1,25.40354508729137,0.012387753852819046,0.0008811217685179226
nuisance_dominant,nDFA_0.1,25.83662712924211,0.012389869247544223,0.0008824473437612756
nuisance_dominant,nDFA_0.1,26.277092394849852,0.01239208947177722,0.0008837348348607099
nuisance_dominant,nDFA_0.1,26.725066754010573,0.012394398805318965,0.0008849846130619287
nuisance_dominant,nDFA_0.1,27.180678222462152,0.01239678229975312,0.0008861970720152525
nuisance_dominant,nDFA_0.1,27.644056998366892,0.01239922578449012,0.0008873726267078939
nuisance_dominant,nDFA_0.1,28.115335499517688,0.01240171586986863,0.0008885117124285479
nuisance_dominant,nDFA_0.1,28.594648401178453,0.012404239947388334,0.0008896147837656875
nuisance_dominant,nDFA_0.1,29.08213267456993,0.012406786187159817,0.0008906823136401213
nuisance_dominant,nDFA_0.1,29.577927626011018,0.012409343532669922,0.0008917147923716091
nuisance_dominant,nDFA_0.1,30.08217493672799,0.012411901692971437,0.0008927127267786605
nuisance_dominant,nDFA_0.1,30.595018703342085,0.012414451132416803,0.0008936766393099431
nuisance_dominant,nDFA_0.1,31.116605479047383,0.012416983058064726,0.0008946070672052665
nuisance_dominant,nDFA_0.1,31.64708431549069,0.012419489404896998,0.0008955045616835369
nuisance_dominant,nDFA_0.1,32.18660680536534,0.012421962818990776,0.0008963696871548222
nuisance_dominant,nDFA_0.1,32.73532712573144,0.012424396638797618,0.0008972030204532499
nuisance_dominant,nDFA_0.1,33.29340208207403,0.012426784874686287,0.0008980051500873732
nuisance_dominant,nDFA_0.1,33.86099115311297,0.012429122186910734,0.0008987766755044478
nuisance_dominant,nDFA_0.1,34.43825653637644,0.01243140386216762,0.0008995182063650795
nuisance_dominant,nDFA_0.1,35.02536319455143,0.012433625788910418,0.0009002303618246869
nuisance_dominant,nDFA_0.1,35.622478902624444,0.012435784431587627,0.0009009137698184822
nuisance_dominant,nDFA_0.1,36.22977429582575,0.012437876803973064,0.0009015690663466624
nuisance_dominant,nDFA_0.1,36.84742291839143,0.012439900441754793,0.0009021968947569653
nuisance_dominant,nDFA_0.1,37.47560127315589,0.012441853374547333,0.0009027979050218918
nuisance_dominant,nDFA_0.1,38.114488871990645,0.012443734097488503,0.000903372753008362
nuisance_dominant,nDFA_0.1,38.7642682871026,0.012445541542578178,0.0009039220997378449
nuisance_dominant,nDFA_0.1,39.42512520320694,0.01244727504991147,0.0009044466106355687
nuisance_dominant,nDFA_0.1,40.09724847058942,0.012448934338952698,0.0009049469547676813
nuisance_dominant,nDFA_0.1,40.780830159073375,0.012450519479990166,0.0009054238040658636
nuisance_dominant,nDFA_0.1,41.476065612906595,0.012452030865904472,0.0009058778325391639
nuisance_dominant,nDFA_0.1,42.18315350658434,0.012453469184374986,0.0009063097154734614
nuisance_dominant,nDFA_0.1,42.902295901623226,0.012454835390640972,0.0009067201286192395
nuisance_dominant,nDFA_0.1,43.63369830430383,0.01245613068092467,0.0009071097473688811
nuisance_dominant,nDFA_0.1,44.37756972439723,0.012457356466614628,0.0009074792459250496
nuisance_dominant,nDFA_0.1,45.13412273489293,0.01245851434929783,0.000907829296462103
nuisance_dominant,nDFA_0.1,45.90357353274481,0.012459606096719577,0.000908160568282825
nuisance_dominant,nDFA_0.1,46.68614200065286,0.012460633619740183,0.0009084737269730607
nuisance_dominant,nDFA_0.1,47.482051769898405,0.012461598950347662,0.0009087694335570934
nuisance_dominant,nDFA_0.1,48.29153028424977,0.01246250422077574,0.0009090483436568675
nuisance_dominant,nDFA_0.1,49.114808864958235,0.012463351643766975,0.0009093111066582608
nuisance_dominant,nDFA_0.1,49.952122776861714,0.012464143494011117,0.0009095583648878348
nuisance_dominant,nDFA_0.1,50.80371129561534,0.012464882090779823,0.0009097907528035216
nuisance_dominant,nDFA_0.1,51.66981777606826,0.012465569781769858,0.0009100088962027735
nuisance_dominant,nDFA_0.1,52.55068972180602,0.012466208928158513,0.0009102134114517231
nuisance_dominant,nDFA_0.1,53.44657885587909,0.012466801890867029,0.000910404904738845
nuisance_dominant,nDFA_0.1,54.357741192735965,0.012467351018020104,0.0009105839713565337
nuisance_dominant,nDFA_0.1,55.28443711138383,0.012467858633582983,0.0009107511950139528
nuisance_dominant,nDFA_0.1,56.22693142979583,0.012468327027150703,0.0009109071471842912
nuisance_dominant,nDFA_0.1,57.18549348058701,0.012468758444858598,0.0009110523864894148
nuisance_dominant,nDFA_0.1,58.160397187980315,0.012469155081378015,0.0009111874581247652
nuisance_dominant,nDFA_0.1,59.15192114608467,0.012469519072956094,0.0009113128933269869
nuisance_dominant,nDFA_0.1,60.1603486985081,0.012469852491455161,0.0009114292088866459
nuisance_dominant,nDFA_0.1,61.185968019326936,0.012470157339343207,0.0009115369067080409
nuisance_dominant,nDFA_0.1,62.22907219543656,0.0124704355455847,0.0009116364734178619
nuisance_dominant,nDFA_0.1,63.2899593103055,0.012470688962378454,0.0009117283800241247
nuisance_dominant,nDFA_0.1,64.36893252915749,0.012470919362687747,0.0009118130816265096
nuisance_dominant,nDFA_0.1,65.46630018560568,0.012471128438506812,0.0009118910171788985
nuisance_dominant,nDFA_0.1,66.58237586976387,0.01247131779980733,0.0009119626093045917
nuisance_dominant,nDFA_0.1,67.71747851785967,0.012471488974108144,0.0009120282641643255
nuisance_dominant,nDFA_0.1,68.8719325033761,0.012471643406612365,0.0009120883713769396
nuisance_dominant,nDFA_0.1,70.04606772974564,0.012471782460856113,0.0009121433039921674
nuisance_dominant,nDFA_0.1,71.24021972462585,0.012471907419814934,0.0009121934185147169
nuisance_dominant,nDFA_0.1,72.45472973578153,0.012472019487414995,0.0009122390549785268
nuisance_dominant,nDFA_0.1,73.68994482860175,0.012472119790398115,0.0009122805370697463
nuisance_dominant,nDFA_0.1,74.94621798527915,0.01247220938049179,0.0009123181722967483
nuisance_dominant,nDFA_0.1,76.22390820568008,0.012472289236837537,0.0009123522522051764
nuisance_dominant,nDFA_0.1,77.52338060993503,0.012472360268633423,0.0009123830526357967
nuisance_dominant,nDFA_0.1,78.84500654277662,0.012472423317949136,0.0009124108340226991
nuisance_dominant,nDFA_0.1,80.18916367965778,0.012472479162674872,0.0009124358417291815
nuisance_dominant,nDFA_0.1,81.55623613467833,0.012472528519567882,0.0009124583064184705
nuisance_dominant,nDFA_0.1,82.94661457035157,0.012472572047363503,0.0009124784444562687
nuisance_dominant,nDFA_0.1,84.36069630924241,0.012472610349920366,0.0009124964583419934
nuisance_dominant,nDFA_0.1,85.79888544750824,0.01247264397937214,0.0009125125371654637
nuisance_dominant,nDFA_0.1,87.26159297037651,0.012472673439261296,0.0009125268570857427
nuisance_dominant,nDFA_0.1,88.74923686958925,0.01247269918763281,0.0009125395818287461
nuisance_dominant,nDFA_0.1,90.26224226285147,0.01247272164006862,0.000912550863200273
nuisance_dominant,nDFA_0.1,91.80104151531502,0.01247274117264609,0.0009125608416110867
nuisance_dominant,nDFA_0.1,93.36607436313383,0.012472758124806357,0.0009125696466107222
nuisance_dominant,nDFA_0.1,94.95778803912542,0.012472772802120655,0.0009125773974268
nuisance_dominant,nDFA_0.1,96.57663740057471,0.012472785478944884,0.000912584203506666
nuisance_dominant,nDFA_0.1,98.2230850592165,0.012472796400954984,0.0009125901650583496
nuisance_dominant,nDFA_0.1,99.89760151343484,0.012472805787557346,0.0009125953735879583
nuisance_dominant,nDFA_0.1,101.60066528271416,0.012472813834170364,0.0009125999124307903
nuisance_dominant,nDFA_0.1,103.33276304438459,0.012472820714374885,0.0009126038572736371
nuisance_dominant,nDFA_0.1,105.09438977269748,0.012472826581932689,0.0009126072766659522
nuisance_dominant,nDFA_0.1,106.88604888027204,0.012472831572673378,0.0009126102325177695
nuisance_dominant,nDFA_0.1,108.70825236195353,0.012472835806251473,0.0009126127805824913
nuisance_dominant,nDFA_0.1,110.56152094112352,0.012472839387776057,0.0009126149709228882
nuisance_dominant,nDFA_0.1,112.44638421850583,0.01247284240931665,0.0009126168483588857
nuisance_dominant,nDFA_0.1,114.36338082350686,0.012472844951289336,0.0009126184528959738
nuisance_dominant,nDFA_0.1,116.31305856813833,0.012472847083727935,0.0009126198201332823
nuisance_dominant,nDFA_0.1,118.29597460356307,0.012472848867445487,0.0009126209816506144
nuisance_dominant,nDFA_0.1,120.31269557930963,0.012472850355091502,0.0009126219653739315
nuisance_dominant,nDFA_0.1,122.36379780520139,0.012472851592111001,0.0009126227959190526
nuisance_dominant,nDFA_0.1,124.44986741604593,0.01247285261761107,0.000912623494913438
nuisance_dominant,nDFA_0.1,126.57150053913327,0.012472853465141232,0.0009126240812962172
nuisance_dominant,nDFA_0.1,128.72930346458716,0.012472854163393447,0.000912624571596711
nuisance_dominant,nDFA_0.1,130.92389281862302,0.012472854736827948,0.0009126249801919089
nuisance_dominant,nDFA_0.1,133.15589573975842,0.012472855206230562,0.0009126253195434655
nuisance_dominant,nDFA_0.1,135.4259500580277,0.012472855589207311,0.0009126256004149114
nuisance_dominant,nDFA_0.1,137.73470447725208,0.012472855900621744,0.0009126258320698843
nuisance_dominant,nDFA_0.1,140.0828187604166,0.01247285615298016,0.0009126260224522541
nuisance_dominant,nDFA_0.1,142.47096391820904,0.012472856356769736,0.0009126261783490801
nuisance_dominant,nDFA_0.1,144.89982240077,0.01247285652075418,0.0009126263055374101
nuisance_dominant,nDFA_0.1,147.3700882927151,0.012472856652231348,0.0009126264089159275
nuisance_dominant,nDFA_0.1,149.88246751148006,0.012472856757256763,0.0009126264926225087
nuisance_dominant,nDFA_0.1,152.437678009048,0.012472856840836917,0.000912626560138698
nuisance_dominant,nDFA_0.1,155.03644997711535,0.012472856907095755,0.0009126266143821938
nuisance_dominant,nDFA_0.1,157.67952605575576,0.01247285695941753,0.000912626657788292
nuisance_dominant,nDFA_0.1,160.36766154564083,0.012472857000568865,0.0009126266923813281
nuisance_dominant,nDFA_0.1,163.1016246238805,0.012472857032802683,0.0009126267198370281
nuisance_dominant,nDFA_0.1,165.88219656353982,0.012472857057946334,0.0009126267415366851
nuisance_dominant,nDFA_0.1,168.7101719569014,0.012472857077475983,0.000912626758614011
nuisance_dominant,nDFA_0.1,171.5863589425323,0.01247285709257921,0.0009126267719954615
nuisance_dominant,nDFA_0.1,174.51157943622238,0.012472857104207398,0.0009126267824347775
nuisance_dominant,nDFA_0.1,177.48666936585968,0.012472857113119459,0.0009126267905424294
nuisance_dominant,nDFA_0.1,180.51247891030974,0.01247285711991811,0.0009126267968105991
nuisance_dominant,nDFA_0.1,183.58987274236887,0.012472857125079881,0.0009126268016342557
nuisance_dominant,nDFA_0.1,186.7197302758561,0.012472857128979822,0.0009126268053288737
nuisance_dominant,nDFA_0.1,189.90294591692083,0.01247285713191172,0.0009126268081452247
nuisance_dominant,nDFA_0.1,193.1404293196332,0.01247285713410463,0.0009126268102816817
nuisance_dominant,nDFA_0.1,196.43310564593202,0.012472857135736244,0.0009126268118943979
nuisance_dominant,nDFA_0.1,199.7819158300045,0.012472857136943722,0.0009126268131056708
nuisance_dominant,nDFA_0.1,203.18781684717248,0.012472857137832414,0.0009126268140108042
nuisance_dominant,nDFA_0.1,206.651781987365,0.012472857138482802,0.0009126268146836755
nuisance_dominant,nDFA_0.1,210.1748011332487,0.012472857138956026,0.0009126268151812591
nuisance_dominant,nDFA_0.1,213.75788104310405,0.012472857139298302,0.0009126268155472537
nuisance_dominant,nDFA_0.1,217.402045638522,0.012472857139544359,0.0009126268158149998
nuisance_dominant,nDFA_0.1,221.10833629700576,0.012472857139720126,0.0009126268160097915
nuisance_dominant,nDFA_0.1,224.87781214956078,0.012472857139844872,0.0009126268161507143
nuisance_dominant,nDFA_0.1,228.71155038335777,0.012472857139932821,0.0009126268162520851
nuisance_dominant,nDFA_0.1,232.61064654955769,0.0124728571399944,0.000912626816324584
nuisance_dominant,nDFA_0.1,236.57621487637996,0.012472857140037213,0.0009126268163761287
nuisance_dominant,nDFA_0.1,240.60938858751274,0.012472857140066757,0.000912626816412558
nuisance_dominant,nDFA_0.1,244.71132022594884,0.012472857140086986,0.000912626816438147
nuisance_dominant,nDFA_0.1,248.88318198334326,0.012472857140100737,0.0009126268164560119
nuisance_dominant,nDFA_0.1,253.12616603498518,0.01247285714011,0.0009126268164684057
nuisance_dominant,nDFA_0.1,257.4414848804811,0.01247285714011619,0.0009126268164769499
nuisance_dominant,nDFA_0.1,261.830371690245,0.012472857140120287,0.0009126268164828018
nuisance_dominant,nDFA_0.1,266.29408065789846,0.012472857140122976,0.0009126268164867828
nuisance_dominant,nDFA_0.1,270.83388735867317,0.012472857140124723,0.0009126268164894739
nuisance_dominant,nDFA_0.1,275.45108911392856,0.012472857140125844,0.0009126268164912803
nuisance_dominant,nDFA_0.1,280.14700536188144,0.012472857140126557,0.0009126268164924851
nuisance_dominant,nDFA_0.1,284.92297803465635,0.012472857140127006,0.0009126268164932826
nuisance_dominant,nDFA_0.1,289.78037194176363,0.012472857140127285,0.0009126268164938071
nuisance_dominant,nDFA_0.1,294.7205751601149,0.012472857140127459,0.000912626816494149
nuisance_dominant,nDFA_0.1,299.74499943069014,0.012472857140127556,0.0009126268164943705
nuisance_dominant,nDFA_0.1,304.8550805619614,0.012472857140127615,0.0009126268164945129
nuisance_dominant,nDFA_0.1,310.0522788402002,0.012472857140127653,0.0009126268164946042
nuisance_dominant,nDFA_0.1,315.3380794467765,0.012472857140127672,0.0009126268164946616
nuisance_dominant,nDFA_0.1,320.7139928825731,0.012472857140127684,0.0009126268164946978
nuisance_dominant,nDFA_0.1,326.18155539963476,0.012472857140127688,0.0009126268164947204
nuisance_dominant,nDFA_0.1,331.7423294401758,0.01247285714012769,0.0009126268164947344
nuisance_dominant,nDFA_0.1,337.3979040830756,0.012472857140127693,0.000912626816494743
nuisance_dominant,nDFA_0.1,343.1498954979785,0.012472857140127693,0.0009126268164947482
nuisance_dominant,nDFA_0.1,348.9999474071427,0.012472857140127691,0.0009126268164947511
nuisance_dominant,nDFA_0.1,354.9497315551591,0.012472857140127691,0.0009126268164947531
nuisance_dominant,nDFA_0.1,361.00094818667867,0.012472857140127691,0.0009126268164947543
nuisance_dominant,nDFA_0.1,367.1553265322842,0.012472857140127691,0.0009126268164947548
nuisance_dominant,nDFA_0.1,373.4146253026444,0.012472857140127691,0.0009126268164947551
nuisance_dominant,nDFA_0.1,379.7806331910963,0.012472857140127691,0.0009126268164947555
nuisance_dominant,nDFA_0.1,386.2551693847879,0.012472857140127695,0.0009126268164947557
nuisance_dominant,nDFA_0.1,392.84008408454287,0.012472857140127695,0.0009126268164947559
nuisance_dominant,nDFA_0.1,399.53725903358355,0.012472857140127695,0.0009126268164947557
nuisance_dominant,nDFA_0.1,406.3486080552691,0.012472857140127695,0.0009126268164947559
nuisance_dominant,nDFA_0.1,413.27607760000024,0.012472857140127695,0.0009126268164947559
nuisance_dominant,nDFA_0.1,420.32164730144876,0.012472857140127695,0.0009126268164947559
nuisance_dominant,nDFA_0.1,427.4873305422675,0.012472857140127695,0.0009126268164947559
nuisance_dominant,nDFA_0.1,434.77517502945034,0.012472857140127695,0.0009126268164947559
nuisance_dominant,nDFA_0.1,442.18726337949096,0.012472857140127695,0.0009126268164947559
nuisance_dominant,nDFA_0.1,449.72571371352734,0.012472857140127695,0.0009126268164947559
nuisance_dominant,nDFA_0.1,457.392680262627,0.012472857140127695,0.0009126268164947559
nuisance_dominant,nDFA_0.1,465.19035398339275,0.012472857140127695,0.0009126268164947559
nuisance_dominant,nDFA_0.1,473.12096318406304,0.012472857140127695,0.0009126268164947559
nuisance_dominant,nDFA_0.1,481.1867741612851,0.012472857140127695,0.0009126268164947559
nuisance_dominant,nDFA_0.1,489.3900918477489,0.012472857140127695,0.0009126268164947559
nuisance_dominant,nDFA_0.1,497.7332604708523,0.012472857140127695,0.0009126268164947559
nuisance_dominant,nDFA_0.1,506.21866422260484,0.012472857140127695,0.0009126268164947559
nuisance_dominant,nDFA_0.1,514.848727940947,0.012472857140127695,0.0009126268164947559
nuisance_dominant,nDFA_0.1,523.6259178026861,0.012472857140127695,0.0009126268164947559
nuisance_dominant,nDFA_0.1,532.5527420282452,0.012472857140127695,0.0009126268164947559
nuisance_dominant,nDFA_0.1,541.6317515984257,0.012472857140127695,0.0009126268164947559
nuisance_dominant,nDFA_0.1,550.8655409833943,0.012472857140127695,0.0009126268164947559
nuisance_dominant,nDFA_0.1,560.2567488840875,0.012472857140127695,0.0009126268164947559
nuisance_dominant,nDFA_0.1,569.8080589862665,0.012472857140127695,0.0009126268164947559
nuisance_dominant,nDFA_0.1,579.522200727421,0.012472857140127695,0.0009126268164947559
nuisance_dominant,nDFA_0.1,589.40195007675,0.012472857140127695,0.0009126268164947559
nuisance_dominant,nDFA_0.1,599.450130328438,0.012472857140127695,0.0009126268164947559
nuisance_dominant,nDFA_0.1,609.6696129084548,0.012472857140127695,0.0009126268164947559
nuisance_dominant,nDFA_0.1,620.0633181951158,0.012472857140127695,0.0009126268164947559
nuisance_dominant,nDFA_0.1,630.6342163536186,0.012472857140127695,0.0009126268164947559
nuisance_dominant,nDFA_0.1,641.3853281848199,0.012472857140127695,0.0009126268164947559
nuisance_dominant,nDFA_0.1,652.3197259884747,0.012472857140127695,0.0009126268164947559
nuisance_dominant,nDFA_0.1,663.440534441196,0.012472857140127695,0.0009126268164947559
nuisance_dominant,nDFA_0.1,674.7509314893789,0.012472857140127695,0.0009126268164947559
nuisance_dominant,nDFA_0.1,686.25414925735,0.012472857140127695,0.0009126268164947559
nuisance_dominant,nDFA_0.1,697.9534749709957,0.012472857140127695,0.0009126268164947559
nuisance_dominant,nDFA_0.1,709.8522518971448,0.012472857140127695,0.0009126268164947559
nuisance_dominant,nDFA_0.1,721.9538802989517,0.012472857140127695,0.0009126268164947559
nuisance_dominant,nDFA_0.1,734.26181840758,0.012472857140127695,0.0009126268164947559
nuisance_dominant,nDFA_0.1,746.7795834104456,0.012472857140127695,0.0009126268164947559
nuisance_dominant,nDFA_0.1,759.5107524563091,0.012472857140127695,0.0009126268164947559
nuisance_dominant,nDFA_0.1,772.458963677501,0.012472857140127695,0.0009126268164947559
nuisance_dominant,nDFA_0.1,785.6279172295752,0.012472857140127695,0.0009126268164947559
nuisance_dominant,nDFA_0.1,799.0213763486926,0.012472857140127695,0.0009126268164947559
nuisance_dominant,nDFA_0.1,812.6431684270153,0.012472857140127695,0.0009126268164947559
nuisance_dominant,nDFA_0.1,826.4971861064516,0.012472857140127695,0.0009126268164947559
nuisance_dominant,nDFA_0.1,840.587388391037,0.012472857140127695,0.0009126268164947559
nuisance_dominant,nDFA_0.1,854.9178017782832,0.012472857140127695,0.0009126268164947559
nuisance_dominant,nDFA_0.1,869.4925214098122,0.012472857140127695,0.0009126268164947559
nuisance_dominant,nDFA_0.1,884.3157122416065,0.012472857140127695,0.0009126268164947559
nuisance_dominant,nDFA_0.1,899.3916102342182,0.012472857140127695,0.0009126268164947559
nuisance_dominant,nDFA_0.1,914.7245235632504,0.012472857140127695,0.0009126268164947559
nuisance_dominant,nDFA_0.1,930.3188338504934,0.012472857140127695,0.0009126268164947559
nuisance_dominant,nDFA_0.1,946.1789974160409,0.012472857140127695,0.0009126268164947559
nuisance_dominant,nDFA_0.1,962.3095465517534,0.012472857140127695,0.0009126268164947559
nuisance_dominant,nDFA_0.1,978.7150908164324,0.012472857140127695,0.0009126268164947559
nuisance_dominant,nDFA_0.1,995.4003183530737,0.012472857140127695,0.0009126268164947559
nuisance_dominant,nDFA_0.1,1012.3699972285774,0.012472857140127695,0.0009126268164947559
nuisance_dominant,nDFA_0.1,1029.6289767963053,0.012472857140127695,0.0009126268164947559
nuisance_dominant,nDFA_0.1,1047.1821890818485,0.012472857140127695,0.0009126268164947559
nuisance_dominant,nDFA_0.1,1065.0346501924394,0.012472857140127695,0.0009126268164947559
nuisance_dominant,nDFA_0.1,1083.1914617503814,0.012472857140127695,0.0009126268164947559
nuisance_dominant,nDFA_0.1,1101.657812350918,0.012472857140127695,0.0009126268164947559
nuisance_dominant,nDFA_0.1,1120.4389790449557,0.012472857140127695,0.0009126268164947559
nuisance_dominant,nDFA_0.1,1139.540328847062,0.012472857140127695,0.0009126268164947559
nuisance_dominant,nDFA_0.1,1158.9673202691843,0.012472857140127695,0.0009126268164947559
nuisance_dominant,nDFA_0.1,1178.725504880491,0.012472857140127695,0.0009126268164947559
nuisance_dominant,nDFA_0.1,1198.8205288938298,0.012472857140127695,0.0009126268164947559
nuisance_dominant,nDFA_0.1,1219.2581347792202,0.012472857140127695,0.0009126268164947559
nuisance_dominant,nDFA_0.1,1240.0441629048537,0.012472857140127695,0.0009126268164947559
nuisance_dominant,nDFA_0.1,1261.1845532060715,0.012472857140127695,0.0009126268164947559
nuisance_dominant,nDFA_0.1,1282.6853468827933,0.012472857140127695,0.0009126268164947559
nuisance_dominant,nDFA_0.1,1304.552688125894,0.012472857140127695,0.0009126268164947559
nuisance_dominant,nDFA_0.1,1326.7928258729887,0.012472857140127695,0.0009126268164947559
nuisance_dominant,nDFA_0.1,1349.412115594175,0.012472857140127695,0.0009126268164947559
nuisance_dominant,nDFA_0.1,1372.417021108207,0.012472857140127695,0.0009126268164947559
nuisance_dominant,nDFA_0.1,1395.814116429633,0.012472857140127695,0.0009126268164947559
nuisance_dominant,nDFA_0.1,1419.610087647423,0.012472857140127695,0.0009126268164947559
nuisance_dominant,nDFA_0.1,1443.811734835622,0.012472857140127695,0.0009126268164947559
nuisance_dominant,nDFA_0.1,1468.4259739965912,0.012472857140127695,0.0009126268164947559
nuisance_dominant,nDFA_0.1,1493.4598390373446,0.012472857140127695,0.0009126268164947559
nuisance_dominant,nDFA_0.1,1518.9204837796128,0.012472857140127695,0.0009126268164947559
nuisance_dominant,nDFA_0.1,1544.815184004156,0.012472857140127695,0.0009126268164947559
nuisance_dominant,nDFA_0.1,1571.1513395299344,0.012472857140127695,0.0009126268164947559
nuisance_dominant,nDFA_0.1,1597.936476328722,0.012472857140127695,0.0009126268164947559
nuisance_dominant,nDFA_0.1,1625.1782486757718,0.012472857140127695,0.0009126268164947559
nuisance_dominant,nDFA_0.1,1652.884441337144,0.012472857140127695,0.0009126268164947559
nuisance_dominant,nDFA_0.1,1681.0629717943361,0.012472857140127695,0.0009126268164947559
nuisance_dominant,nDFA_0.1,1709.7218925068112,0.012472857140127695,0.0009126268164947559
nuisance_dominant,nDFA_0.1,1738.8693932131264,0.012472857140127695,0.0009126268164947559
nuisance_dominant,nDFA_0.1,1768.513803271277,0.012472857140127695,0.0009126268164947559
nuisance_dominant,nDFA_0.1,1798.6635940389426,0.012472857140127695,0.0009126268164947559
nuisance_dominant,nDFA_0.1,1829.32738129431,0.012472857140127695,0.0009126268164947559
nuisance_dominant,nDFA_0.1,1860.5139276981654,0.012472857140127695,0.0009126268164947559
nuisance_dominant,nDFA_0.1,1892.2321452979763,0.012472857140127695,0.0009126268164947559
nuisance_dominant,nDFA_0.1,1924.491098074628,0.012472857140127695,0.0009126268164947559
nuisance_dominant,nDFA_0.1,1957.3000045326144,0.012472857140127695,0.0009126268164947559
nuisance_dominant,nDFA_0.1,1990.6682403343664,0.012472857140127695,0.0009126268164947559
nuisance_dominant,nDFA_0.1,2024.6053409794958,0.012472857140127695,0.0009126268164947559
nuisance_dominant,nDFA_0.1,2059.1210045297153,0.012472857140127695,0.0009126268164947559
nuisance_dominant,nDFA_0.1,2094.225094380206,0.012472857140127695,0.0009126268164947559
nuisance_dominant,nDFA_0.1,2129.9276420782594,0.012472857140127695,0.0009126268164947559
nuisance_dominant,nDFA_0.1,2166.238850189919,0.012472857140127695,0.0009126268164947559
nuisance_dominant,nDFA_0.1,2203.1690952155477,0.012472857140127695,0.0009126268164947559
nuisance_dominant,nDFA_0.1,2240.7289305550667,0.012472857140127695,0.0009126268164947559
nuisance_dominant,nDFA_0.1,2278.9290895237596,0.012472857140127695,0.0009126268164947559
nuisance_dominant,nDFA_0.1,2317.7804884194848,0.012472857140127695,0.0009126268164947559
nuisance_dominant,nDFA_0.1,2357.2942296421747,0.012472857140127695,0.0009126268164947559
nuisance_dominant,nDFA_0.1,2397.4816048665425,0.012472857140127695,0.0009126268164947559
nuisance_dominant,nDFA_0.1,2438.3540982688264,0.012472857140127695,0.0009126268164947559
nuisance_dominant,nDFA_0.1,2479.923389808593,0.012472857140127695,0.0009126268164947559
nuisance_dominant,nDFA_0.1,2522.2013585664654,0.012472857140127695,0.0009126268164947559
nuisance_dominant,nDFA_0.1,2565.200086138758,0.012472857140127695,0.0009126268164947559
nuisance_dominant,nDFA_0.1,2608.9318600899833,0.012472857140127695,0.0009126268164947559
nuisance_dominant,nDFA_0.1,2653.409177464217,0.012472857140127695,0.0009126268164947559
nuisance_dominant,nDFA_0.1,2698.6447483563197,0.012472857140127695,0.0009126268164947559
nuisance_dominant,nDFA_0.1,2744.6514995440693,0.012472857140127695,0.0009126268164947559
nuisance_dominant,nDFA_0.1,2791.4425781821587,0.012472857140127695,0.0009126268164947559
nuisance_dominant,nDFA_0.1,2839.0313555592247,0.012472857140127695,0.0009126268164947559
nuisance_dominant,nDFA_0.1,2887.431430918898,0.012472857140127695,0.0009126268164947559
nuisance_dominant,nDFA_0.1,2936.6566353460034,0.012472857140127695,0.0009126268164947559
nuisance_dominant,nDFA_0.1,2986.7210357190083,0.012472857140127695,0.0009126268164947559
nuisance_dominant,nDFA_0.1,3037.6389387298505,0.012472857140127695,0.0009126268164947559
nuisance_dominant,nDFA_0.1,3089.424894972325,0.012472857140127695,0.0009126268164947559
nuisance_dominant,nDFA_0.1,3142.0937031001095,0.012472857140127695,0.0009126268164947559
nuisance_dominant,nDFA_0.1,3195.6604140557356,0.012472857140127695,0.0009126268164947559
nuisance_dominant,nDFA_0.1,3250.1403353716296,0.012472857140127695,0.0009126268164947559
nuisance_dominant,nDFA_0.1,3305.54903554448,0.012472857140127695,0.0009126268164947559
nuisance_dominant,nDFA_0.1,3361.9023484841796,0.012472857140127695,0.0009126268164947559
nuisance_dominant,nDFA_0.1,3419.2163780386104,0.012472857140127695,0.0009126268164947559
nuisance_dominant,nDFA_0.1,3477.507502595599,0.012472857140127695,0.0009126268164947559
nuisance_dominant,nDFA_0.1,3536.7923797632566,0.012472857140127695,0.0009126268164947559
nuisance_dominant,nDFA_0.1,3597.087951130182,0.012472857140127695,0.0009126268164947559
nuisance_dominant,nDFA_0.1,3658.411447106781,0.012472857140127695,0.0009126268164947559
nuisance_dominant,nDFA_0.1,3720.7803918491268,0.012472857140127695,0.0009126268164947559
nuisance_dominant,nDFA_0.1,3784.2126082667646,0.012472857140127695,0.0009126268164947559
nuisance_dominant,nDFA_0.1,3848.7262231158825,0.012472857140127695,0.0009126268164947559
nuisance_dominant,nDFA_0.1,3914.3396721793456,0.012472857140127695,0.0009126268164947559
nuisance_dominant,nDFA_0.1,3981.0717055349733,0.012472857140127695,0.0009126268164947559
nuisance_dominant,nDFA_1.0,0.0,0.020000000000000025,1.0874203299913721e-17
nuisance_dominant,nDFA_1.0,0.001,0.019999264941731345,2.3264715492057823e-08
nuisance_dominant,nDFA_1.0,0.0010170480946837376,0.01999925242123327,2.366084382083249e-08
nuisance_dominant,nDFA_1.0,0.0010343868268998197,0.019999239687657384,2.406370853823964e-08
nuisance_dominant,nDFA_1.0,0.0010520211514644187,0.019999226737383854,2.447342390505469e-08
nuisance_dominant,nDFA_1.0,0.0010699561076638788,0.019999213566731695,2.489010612048571e-08
nuisance_dominant,nDFA_1.0,0.0010881968206947759,0.019999200171957564,2.5313873336910276e-08
nuisance_dominant,nDFA_1.0,0.0011067485031285215,0.019999186549254803,2.5744845694020237e-08
nuisance_dominant,nDFA_1.0,0.0011256164564009414,0.01999917269475233,2.6183145360030574e-08
nuisance_dominant,nDFA_1.0,0.0011448060723272377,0.019999158604513574,2.6628896586077475e-08
nuisance_dominant,nDFA_1.0,0.0011643228346427902,0.019999144274535332,2.7082225687898928e-08
nuisance_dominant,nDFA_1.0,0.001184172320570217,0.019999129700746812,2.7543261123917364e-08
nuisance_dominant,nDFA_1.0,0.0012043602024131594,0.019999114879008215,2.801213351295351e-08
nuisance_dominant,nDFA_1.0,0.0012248922491772242,0.019999099805109867,2.8488975687840116e-08
nuisance_dominant,nDFA_1.0,0.0012457743282185726,0.019999084474770903,2.8973922696408745e-08
nuisance_dominant,nDFA_1.0,0.0012670124069206123,0.019999068883638026,2.9467111879877428e-08
nuisance_dominant,nDFA_1.0,0.0012886125543992652,0.019999053027284476,2.99686828935923e-08
nuisance_dominant,nDFA_1.0,0.0013105809432373168,0.019999036901208574,3.04787777207611e-08
nuisance_dominant,nDFA_1.0,0.0013329238512483272,0.019999020500832656,3.0997540760952744e-08
nuisance_dominant,nDFA_1.0,0.001355647663270621,0.019999003821501663,3.152511883672579e-08
nuisance_dominant,nDFA_1.0,0.001378758872991846,0.01999898685848197,3.206166122689403e-08
nuisance_dominant,nDFA_1.0,0.0014022640848046527,0.01999896960696001,3.2607319744666204e-08
nuisance_dominant,nDFA_1.0,0.0014261700156940071,0.019998952062040786,3.316224872496168e-08
nuisance_dominant,nDFA_1.0,0.0014504834971566661,0.01999893421874689,3.372660513181684e-08
nuisance_dominant,nDFA_1.0,0.0014752114771533916,0.01999891607201671,3.4300548553149485e-08
nuisance_dominant,nDFA_1.0,0.0015003610220944376,0.019998897616703332,3.4884241250384955e-08
nuisance_dominant,nDFA_1.0,0.0015259393188588929,0.01999887884757289,3.547784821794738e-08
nuisance_dominant,nDFA_1.0,0.0015519536768484371,0.01999885975930329,3.608153722378973e-08
nuisance_dominant,nDFA_1.0,0.0015784115300761239,0.019998840346482614,3.66954788561716e-08
nuisance_dominant,nDFA_1.0,0.0016053204392907632,0.019998820603607723,3.731984655469802e-08
nuisance_dominant,nDFA_1.0,0.0016326880941375313,0.019998800525082634,3.7954816689268375e-08
nuisance_dominant,nDFA_1.0,0.001660522315355399,0.019998780105217058,3.860056856998478e-08
nuisance_dominant,nDFA_1.0,0.0016888310570120353,0.019998759338224745,3.9257284522168366e-08
nuisance_dominant,nDFA_1.0,0.001717622408776813,0.019998738218221995,3.992514992868992e-08
nuisance_dominant,nDFA_1.0,0.0017469045982325495,0.019998716739225927,4.060435329386885e-08
nuisance_dominant,nDFA_1.0,0.0017766859932266746,0.01999869489515289,4.129508625409562e-08
nuisance_dominant,nDFA_1.0,0.0018069751042624714,0.019998672679816802,4.199754367469972e-08
nuisance_dominant,nDFA_1.0,0.0018377805869310945,0.019998650086927364,4.271192368337898e-08
nuisance_dominant,nDFA_1.0,0.0018691112443850306,0.019998627110088422,4.3438427733019674e-08
nuisance_dominant,nDFA_1.0,0.001900976029853745,0.019998603742796103,4.41772606244341e-08
nuisance_dominant,nDFA_1.0,0.0019333840492022055,0.019998579978437184,4.492863061029804e-08
nuisance_dominant,nDFA_1.0,0.0019663445635330324,0.01999855581028714,4.5692749423749084e-08
nuisance_dominant,nDFA_1.0,0.0019998669918329963,0.019998531231508306,4.646983232430056e-08
nuisance_dominant,nDFA_1.0,0.0020339609136646444,0.019998506235148088,4.726009818086596e-08
nuisance_dominant,nDFA_1.0,0.0020686360719038206,0.01999848081413695,4.806376952714851e-08
nuisance_dominant,nDFA_1.0,0.002103902375523832,0.019998454961286598,4.8881072610540266e-08
nuisance_dominant,nDFA_1.0,0.002139769902427103,0.019998428669287905,4.971223744420807e-08
nuisance_dominant,nDFA_1.0,0.0021762489023250896,0.019998401930708957,5.055749789746989e-08
nuisance_dominant,nDFA_1.0,0.002213349799667308,0.019998374737993048,5.1417091734802e-08
nuisance_dominant,nDFA_1.0,0.0022510831966202675,0.01999834708345654,5.229126068948344e-08
nuisance_dominant,nDFA_1.0,0.0022894598760972184,0.019998318959286845,5.318025052890649e-08
nuisance_dominant,nDFA_1.0,0.0023284908048395417,0.01999829035754027,5.408431112188815e-08
nuisance_dominant,nDFA_1.0,0.0023681871365506583,0.019998261270139806,5.500369648954985e-08
nuisance_dominant,nDFA_1.0,0.0024085602150833835,0.019998231688873026,5.5938664886455125e-08
nuisance_dominant,nDFA_1.0,0.0024496215776816056,0.019998201605389815,5.6889478887368234e-08
nuisance_dominant,nDFA_1.0,0.0024913829582772482,0.019998171011199946,5.785640540857805e-08
nuisance_dominant,nDFA_1.0,0.002533856290843409,0.01999813989767107,5.883971582777039e-08
nuisance_dominant,nDFA_1.0,0.0025770537128046917,0.019998108256026152,5.983968602858916e-08
nuisance_dominant,nDFA_1.0,0.002620987568505661,0.019998076077341134,6.085659648692045e-08
nuisance_dominant,nDFA_1.0,0.0026656704127384443,0.01999804335254257,6.189073232198974e-08
nuisance_dominant,nDFA_1.0,0.002711115014330447,0.019998010072405176,6.294238341338691e-08
nuisance_dominant,nDFA_1.0,0.0027573343597932553,0.019997976227549216,6.401184444138137e-08
nuisance_dominant,nDFA_1.0,0.0028043416570337305,0.019997941808438176,6.509941497786359e-08
nuisance_dominant,nDFA_1.0,0.002852150339128391,0.019997906805376005,6.620539956467636e-08
nuisance_dominant,nDFA_1.0,0.0029007740681621062,0.01999787120850458,6.733010778209554e-08
nuisance_dominant,nDFA_1.0,0.0029502267391322613,0.01999783500780105,6.847385436072556e-08
nuisance_dominant,nDFA_1.0,0.0030005224839194824,0.01999779819307517,6.963695923685952e-08
nuisance_dominant,nDFA_1.0,0.0030516756753260254,0.01999776075396651,7.081974762430087e-08
nuisance_dominant,nDFA_1.0,0.003103700931183042,0.019997722679941717,7.202255015474726e-08
nuisance_dominant,nDFA_1.0,0.003156613118527852,0.019997683960291664,7.324570289566389e-08
nuisance_dominant,nDFA_1.0,0.0032104273578524426,0.01999764458412857,7.448954747855626e-08
nuisance_dominant,nDFA_1.0,0.003265159027424373,0.019997604540383223,7.575443119111741e-08
nuisance_dominant,nDFA_1.0,0.0033208237676813604,0.019997563817801774,7.704070704481354e-08
nuisance_dominant,nDFA_1.0,0.0033774374857007982,0.019997522404943017,7.834873387479431e-08
nuisance_dominant,nDFA_1.0,0.00343501635974543,0.0199974802901751,7.967887644841674e-08
nuisance_dominant,nDFA_1.0,0.003493576843886558,0.019997437461672655,8.103150553327627e-08
nuisance_dominant,nDFA_1.0,0.003553135672706045,0.019997393907413397,8.240699800871893e-08
nuisance_dominant,nDFA_1.0,0.0036137098660785033,0.019997349615175207,8.380573695416713e-08
nuisance_dominant,nDFA_1.0,0.0036753167340349666,0.019997304572532695,8.522811177144195e-08
nuisance_dominant,nDFA_1.0,0.0037379738817095156,0.019997258766853994,8.667451824619645e-08
nuisance_dominant,nDFA_1.0,0.0038016992143702377,0.019997212185297437,8.814535866374272e-08
nuisance_dominant,nDFA_1.0,0.0038665109425359123,0.019997164814808125,8.964104195982987e-08
nuisance_dominant,nDFA_1.0,0.003932427587179972,0.019997116642114524,9.11619837244827e-08
nuisance_dominant,nDFA_1.0,0.003999467985023157,0.01999706765372489,9.270860640998659e-08
nuisance_dominant,nDFA_1.0,0.004067651293916405,0.01999701783592389,9.428133936805868e-08
nuisance_dominant,nDFA_1.0,0.00413699699831552,0.019996967174768825,9.588061899264336e-08
nuisance_dominant,nDFA_1.0,0.004207524914849136,0.019996915656086155,9.750688883125385e-08
nuisance_dominant,nDFA_1.0,0.004279255197981669,0.019996863265467568,9.916059966183147e-08
nuisance_dominant,nDFA_1.0,0.0043522083457727375,0.01999680998826644,1.0084220966385032e-07
nuisance_dominant,nDFA_1.0,0.004426405205734824,0.01999675580959393,1.0255218447147897e-07
nuisance_dominant,nDFA_1.0,0.0045018669807907795,0.019996700714315085,1.042909973479509e-07
nuisance_dominant,nDFA_1.0,0.004578615235332888,0.019996644687044894,1.060591292456995e-07
nuisance_dominant,nDFA_1.0,0.004656671901385246,0.019996587712144374,1.0785706898042869e-07
nuisance_dominant,nDFA_1.0,0.004736059284871162,0.0199965297737165,1.0968531332110514e-07
nuisance_dominant,nDFA_1.0,0.0048168000719874355,0.019996470855602015,1.1154436711118038e-07
nuisance_dominant,nDFA_1.0,0.004898917335687311,0.019996410941375425,1.1343474341893384e-07
nuisance_dominant,nDFA_1.0,0.004982434542273912,0.01999635001434053,1.1535696364205525e-07
nuisance_dominant,nDFA_1.0,0.005067375558106122,0.01999628805752646,1.1731155762757266e-07
nuisance_dominant,nDFA_1.0,0.005153764656418767,0.019996225053683002,1.1929906385247773e-07
nuisance_dominant,nDFA_1.0,0.0052416265242590954,0.019996160985276366,1.213200294803273e-07
nuisance_dominant,nDFA_1.0,0.0053309862695414545,0.01999609583448472,1.2337501055208627e-07
nuisance_dominant,nDFA_1.0,0.005421869428222296,0.019996029583193554,1.2546457210981957e-07
nuisance_dominant,nDFA_1.0,0.005514301971597493,0.01999596221299111,1.2758928832310353e-07
nuisance_dominant,nDFA_1.0,0.005608310313724007,0.019995893705163727,1.297497426301012e-07
nuisance_dominant,nDFA_1.0,0.0057039213189681555,0.019995824040691126,1.3194652787671556e-07
nuisance_dominant,nDFA_1.0,0.005801162309682508,0.019995753200241523,1.3418024646894472e-07
nuisance_dominant,nDFA_1.0,0.005900061074013706,0.01999568116416681,1.3645151052430914e-07
nuisance_dominant,nDFA_1.0,0.006000645873843326,0.01999560791249771,1.3876094198036854e-07
nuisance_dominant,nDFA_1.0,0.0061029454528641796,0.01999553342493854,1.4110917278857959e-07
nuisance_dominant,nDFA_1.0,0.006206989044794294,0.019995457680862323,1.4349684503951467e-07
nuisance_dominant,nDFA_1.0,0.006312806381730868,0.019995380659305534,1.45924611123291e-07
nuisance_dominant,nDFA_1.0,0.006420427702646719,0.019995302338963027,1.483931338697285e-07
nuisance_dominant,nDFA_1.0,0.006529883762031532,0.019995222698182553,1.509030867313443e-07
nuisance_dominant,nDFA_1.0,0.006641205838680439,0.01999514171495948,1.534551539112353e-07
nuisance_dominant,nDFA_1.0,0.006754425744632454,0.019995059366931432,1.5605003054035138e-07
nuisance_dominant,nDFA_1.0,0.006869575834261216,0.01999497563137264,1.5868842284614745e-07
nuisance_dominant,nDFA_1.0,0.006986689013520816,0.019994890485188464,1.613710482893723e-07
nuisance_dominant,nDFA_1.0,0.007105798749349149,0.0199948039049097,1.6409863575173673e-07
nuisance_dominant,nDFA_1.0,0.007226939079231637,0.01999471586668684,1.6687192570637048e-07
nuisance_dominant,nDFA_1.0,0.007350144620927981,0.019994626346284284,1.6969167036940878e-07
nuisance_dominant,nDFA_1.0,0.007475450582364718,0.019994535319074427,1.7255863388680246e-07
nuisance_dominant,nDFA_1.0,0.007602892771696472,0.01999444276003178,1.7547359251459721e-07
nuisance_dominant,nDFA_1.0,0.007732507607538658,0.019994348643726744,1.7843733474316976e-07
nuisance_dominant,nDFA_1.0,0.00786433212937469,0.01999425294431975,1.814506615672005e-07
nuisance_dominant,nDFA_1.0,0.00799840400814063,0.019994155635554886,1.845143865809602e-07
nuisance_dominant,nDFA_1.0,0.008134761556990196,0.019994056690753687,1.8762933619959357e-07
nuisance_dominant,nDFA_1.0,0.008273443742243394,0.019993956082808708,1.907963498364315e-07
nuisance_dominant,nDFA_1.0,0.008414490194521727,0.01999385378417727,1.9401628009079388e-07
nuisance_dominant,nDFA_1.0,0.008557941220073315,0.019993749766874788,1.9728999293066412e-07
nuisance_dominant,nDFA_1.0,0.008703837812290985,0.0199936440024682,2.0061836789789694e-07
nuisance_dominant,nDFA_1.0,0.008852221663426809,0.019993536462069368,2.0400229825740998e-07
nuisance_dominant,nDFA_1.0,0.009003135176506341,0.019993427116328295,2.0744269125974313e-07
nuisance_dominant,nDFA_1.0,0.00915662147744591,0.019993315935426283,2.1094046827416462e-07
nuisance_dominant,nDFA_1.0,0.009312724427376552,0.019993202889069,2.1449656502378498e-07
nuisance_dominant,nDFA_1.0,0.009471488635178014,0.019993087946479565,2.1811193176889858e-07
nuisance_dominant,nDFA_1.0,0.009632959470226472,0.019992971076391326,2.2178753351749126e-07
nuisance_dominant,nDFA_1.0,0.0097971830753595,0.019992852247040956,2.2552435022877166e-07
nuisance_dominant,nDFA_1.0,0.00996420638006213,0.01999273142616085,2.29323377016793e-07
nuisance_dominant,nDFA_1.0,0.010134077113877737,0.019992608580972137,2.331856243534255e-07
nuisance_dominant,nDFA_1.0,0.010306843820047417,0.019992483678177155,2.3711211828781972e-07
nuisance_dominant,nDFA_1.0,0.010482555869382074,0.01999235668395187,2.4110390066937056e-07
nuisance_dominant,nDFA_1.0,0.01066126347437087,0.0199922275639385,2.4516202932274905e-07
nuisance_dominant,nDFA_1.0,0.010843017703530211,0.019992096283237643,2.4928757831044724e-07
nuisance_dominant,nDFA_1.0,0.011027870495997438,0.019991962806400827,2.534816381279222e-07
nuisance_dominant,nDFA_1.0,0.011215874676373193,0.01999182709742236,2.577453159212767e-07
nuisance_dominant,nDFA_1.0,0.011407083969816937,0.019991689119731794,2.620797357075059e-07
nuisance_dominant,nDFA_1.0,0.011601553017399714,0.01999154883618566,2.6648603862868826e-07
nuisance_dominant,nDFA_1.0,0.011799337391718746,0.01999140620905958,2.70965383126454e-07
nuisance_dominant,nDFA_1.0,0.012000493612778126,0.019991261200040134,2.755189452247573e-07
nuisance_dominant,nDFA_1.0,0.01220507916414035,0.019991113770216517,2.8014791871070775e-07
nuisance_dominant,nDFA_1.0,0.012413152509353128,0.019990963880072408,2.8485351540858403e-07
nuisance_dominant,nDFA_1.0,0.012624773108656248,0.019990811489477563,2.8963696537851345e-07
nuisance_dominant,nDFA_1.0,0.012840001435973322,0.019990656557679305,2.9449951716390807e-07
nuisance_dominant,nDFA_1.0,0.013058898996193115,0.019990499043293995,2.994424380455659e-07
nuisance_dominant,nDFA_1.0,0.013281528342745581,0.019990338904298622,3.0446701424521497e-07
nuisance_dominant,nDFA_1.0,0.013507953095477445,0.019990176098021922,3.0957455120485214e-07
nuisance_dominant,nDFA_1.0,0.01373823795883263,0.01999001058113579,3.1476637379801804e-07
nuisance_dominant,nDFA_1.0,0.01397244874034252,0.01998984230964627,3.200438265848593e-07
nuisance_dominant,nDFA_1.0,0.014210652369431549,0.01998967123888501,3.254082740649854e-07
nuisance_dominant,nDFA_1.0,0.01445291691654329,0.019989497323499923,3.3086110090033695e-07
nuisance_dominant,nDFA_1.0,0.014699311612592705,0.019989320517446445,3.364037121928069e-07
nuisance_dominant,nDFA_1.0,0.014949906868749948,0.019989140773978366,3.4203753371615054e-07
nuisance_dominant,nDFA_1.0,0.015204774296561448,0.019988958045638678,3.4776401216396407e-07
nuisance_dominant,nDFA_1.0,0.015463986728414087,0.019988772284250365,3.535846154206987e-07
nuisance_dominant,nDFA_1.0,0.015727618238348142,0.01998858344090714,3.595008327950603e-07
nuisance_dominant,nDFA_1.0,0.01599574416322518,0.019988391465964126,3.6551417528064954e-07
nuisance_dominant,nDFA_1.0,0.01626844112425668,0.019988196309028476,3.716261758258269e-07
nuisance_dominant,nDFA_1.0,0.016545787048899814,0.019987997918949986,3.7783838957538014e-07
nuisance_dominant,nDFA_1.0,0.01682786119312641,0.019987796243811518,3.841523941233438e-07
nuisance_dominant,nDFA_1.0,0.01711474416407161,0.019987591230919494,3.9056978980445897e-07
nuisance_dominant,nDFA_1.0,0.01740651794306865,0.019987382826794447,3.970921999108263e-07
nuisance_dominant,nDFA_1.0,0.017703265909076255,0.019987170977161246,4.0372127100259486e-07
nuisance_dominant,nDFA_1.0,0.018005072862505567,0.01998695562693952,4.1045867312311427e-07
nuisance_dominant,nDFA_1.0,0.01831202504945315,0.01998673672023397,4.1730610008789646e-07
nuisance_dominant,nDFA_1.0,0.0186242101863472,0.01998651420032461,4.2426526975390545e-07
nuisance_dominant,nDFA_1.0,0.018941717485013866,0.019986288009657134,4.313379242696456e-07
nuisance_dominant,nDFA_1.0,0.01926463767817099,0.019986058089833024,4.3852583034393006e-07
nuisance_dominant,nDFA_1.0,0.019593063045356338,0.01998582438159981,4.45830779531705e-07
nuisance_dominant,nDFA_1.0,0.01992708743929801,0.019985586824841296,4.5325458845755087e-07
nuisance_dominant,nDFA_1.0,0.02026680631273427,0.019985345358567757,4.607990991352817e-07
nuisance_dominant,nDFA_1.0,0.020612316745690726,0.019985099920906097,4.684661792035791e-07
nuisance_dominant,nDFA_1.0,0.02096371747322245,0.01998485044909002,4.762577221988582e-07
nuisance_dominant,nDFA_1.0,0.02132110891362906,0.01998459687945032,4.841756478241591e-07
nuisance_dominant,nDFA_1.0,0.021684593197150888,0.019984339147405016,4.922219022360056e-07
nuisance_dominant,nDFA_1.0,0.022054274195154235,0.01998407718744949,5.003984582873348e-07
nuisance_dominant,nDFA_1.0,0.022430257549814335,0.019983810933147057,5.087073158050272e-07
nuisance_dominant,nDFA_1.0,0.022812650704304178,0.019983540317118846,5.17150501874809e-07
nuisance_dominant,nDFA_1.0,0.02320156293349819,0.019983265271034414,5.257300710993281e-07
nuisance_dominant,nDFA_1.0,0.02359710537519915,0.019982985725602004,5.344481058532298e-07
nuisance_dominant,nDFA_1.0,0.023999391061897666,0.019982701610558942,5.4330671659488e-07
nuisance_dominant,nDFA_1.0,0.024408534953072943,0.01998241285466221,5.523080420680434e-07
nuisance_dominant,nDFA_1.0,0.024824653968044234,0.019982119385678926,5.614542496578378e-07
nuisance_dominant,nDFA_1.0,0.025247867019382475,0.01998182113037702,5.707475355909944e-07
nuisance_dominant,nDFA_1.0,0.025678295046891307,0.01998151801451587,5.801901252278666e-07
nuisance_dominant,nDFA_1.0,0.026116061052167662,0.019981209962837237,5.897842733400828e-07
nuisance_dominant,nDFA_1.0,0.026561290133751272,0.019980896899056126,5.995322643767494e-07
nuisance_dominant,nDFA_1.0,0.02701410952287369,0.019980578745851744,6.094364127196653e-07
nuisance_dominant,nDFA_1.0,0.02747464861981648,0.019980255424858803,6.19499062969553e-07
nuisance_dominant,nDFA_1.0,0.02794303903088952,0.01997992685665875,6.297225902079708e-07
nuisance_dominant,nDFA_1.0,0.028419414606039497,0.019979592960771262,6.401094002641963e-07
nuisance_dominant,nDFA_1.0,0.02890391147709964,0.01997925365564575,6.506619299764222e-07
nuisance_dominant,nDFA_1.0,0.029396668096691603,0.019978908858653232,6.613826474709216e-07
nuisance_dominant,nDFA_1.0,0.029897825277790394,0.01997855848607837,6.722740524565807e-07
nuisance_dominant,nDFA_1.0,0.030407526233964005,0.01997820245311148,6.833386764245256e-07
nuisance_dominant,nDFA_1.0,0.03092591662029884,0.01997784067384107,6.945790829802688e-07
nuisance_dominant,nDFA_1.0,0.03145314457502307,0.0199774730612464,7.059978680915285e-07
nuisance_dominant,nDFA_1.0,0.031989360761839336,0.019977099527190297,7.175976603425465e-07
nuisance_dominant,nDFA_1.0,0.03253471841297941,0.01997671998241241,7.293811212356341e-07
nuisance_dominant,nDFA_1.0,0.03308937337299261,0.019976334336522454,7.413509454427027e-07
nuisance_dominant,nDFA_1.0,0.03365348414328091,0.019975942497994014,7.535098610664268e-07
nuisance_dominant,nDFA_1.0,0.034227211927393225,0.019975544374158542,7.658606299425441e-07
nuisance_dominant,nDFA_1.0,0.03481072067709176,0.019975139871199667,7.784060478876888e-07
nuisance_dominant,nDFA_1.0,0.03540417713920396,0.019974728894147815,7.91148945010096e-07
nuisance_dominant,nDFA_1.0,0.036007750903272906,0.019974311346875433,8.040921859225038e-07
nuisance_dominant,nDFA_1.0,0.036621614450020344,0.019973887132092284,8.172386701100749e-07
nuisance_dominant,nDFA_1.0,0.0372459432006356,0.019973456151341377,8.305913321419294e-07
nuisance_dominant,nDFA_1.0,0.03788091556690515,0.01997301830499518,8.441531420074636e-07
nuisance_dominant,nDFA_1.0,0.03852671300219639,0.01997257349225242,8.579271053655832e-07
nuisance_dominant,nDFA_1.0,0.039183520053311,0.019972121611135405,8.719162638718976e-07
nuisance_dominant,nDFA_1.0,0.03985152441322198,0.019971662558487497,8.861236954654427e-07
nuisance_dominant,nDFA_1.0,0.04053091697470985,0.0199711962299716,9.005525146822699e-07
nuisance_dominant,nDFA_1.0,0.0412218918849134,0.019970722520068877,9.152058729493979e-07
nuisance_dominant,nDFA_1.0,0.04192464660081018,0.019970241322078124,9.300869589273276e-07
nuisance_dominant,nDFA_1.0,0.04263938194564303,0.019969752528115833,9.451989988081349e-07
nuisance_dominant,nDFA_1.0,0.04336630216630838,0.019969256029116773,9.605452566835378e-07
nuisance_dominant,nDFA_1.0,0.04410561499172318,0.019968751714835455,9.761290348604878e-07
nuisance_dominant,nDFA_1.0,0.04485753169218653,0.019968239473847887,9.919536742308648e-07
nuisance_dominant,nDFA_1.0,0.04562226713975368,0.01996771919355463,1.0080225546403954e-06
nuisance_dominant,nDFA_1.0,0.04640003986963895,0.019967190760184057,1.0243390952753947e-06
nuisance_dominant,nDFA_1.0,0.04719107214266573,0.0199666540587969,1.0409067550338156e-06
nuisance_dominant,nDFA_1.0,0.04799559000878098,0.019966108973291253,1.0577290329475488e-06
nuisance_dominant,nDFA_1.0,0.04881382337165251,0.01996555538640871,1.0748094686300914e-06
nuisance_dominant,nDFA_1.0,0.049646006054367676,0.01996499317974125,1.0921516426955513e-06
nuisance_dominant,nDFA_1.0,0.05049237586625192,0.0199644222337392,1.1097591772479301e-06
nuisance_dominant,nDFA_1.0,0.05135317467082665,0.019963842427720098,1.1276357363722244e-06
nuisance_dominant,nDFA_1.0,0.05222864845492539,0.019963253639878685,1.1457850266204122e-06
nuisance_dominant,nDFA_1.0,0.0531190473989886,0.019962655747297872,1.1642107976064967e-06
nuisance_dominant,nDFA_1.0,0.054024625948556476,0.019962048625960876,1.1829168425325487e-06
nuisance_dominant,nDFA_1.0,0.05494564288698094,0.019961432150764572,1.2019069988414578e-06
nuisance_dominant,nDFA_1.0,0.055882361409377024,0.019960806195534118,1.221185148811407e-06
nuisance_dominant,nDFA_1.0,0.0568350491978349,0.019960170633038524,1.2407552202700608e-06
nuisance_dominant,nDFA_1.0,0.05780397849791447,0.01995952533500798,1.2606211873112606e-06
nuisance_dominant,nDFA_1.0,0.05878942619644362,0.019958870172152306,1.2807870710553094e-06
nuisance_dominant,nDFA_1.0,0.05979167390064319,0.01995820501418083,1.3012569404374002e-06
nuisance_dominant,nDFA_1.0,0.06081100801860048,0.019957529729823894,1.3220349131382804e-06
nuisance_dominant,nDFA_1.0,0.06184771984111511,0.019956844186855636,1.343125156461523e-06
nuisance_dominant,nDFA_1.0,0.06290210562493968,0.01995614825211871,1.364531888327787e-06
nuisance_dominant,nDFA_1.0,0.06397446667744011,0.019955441791550364,1.3862593783340306e-06
nuisance_dominant,nDFA_1.0,0.0650651094426987,0.019954724670210543,1.4083119488724146e-06
nuisance_dominant,nDFA_1.0,0.06617434558908554,0.01995399675231139,1.43069397633351e-06
nuisance_dominant,nDFA_1.0,0.06730249209832263,0.019953257901248928,1.4534098923788116e-06
nuisance_dominant,nDFA_1.0,0.06844987135606631,0.019952507979636647,1.4764641853210494e-06
nuisance_dominant,nDFA_1.0,0.06961681124403418,0.019951746849340864,1.4998614016010038e-06
nuisance_dominant,nDFA_1.0,0.07080364523370232,0.019950974371518305,1.523606147326884e-06
nuisance_dominant,nDFA_1.0,0.07201071248160025,0.01995019040665593,1.5477030899818547e-06
nuisance_dominant,nDFA_1.0,0.07323835792622993,0.019949394814612713,1.5721569601947628e-06
nuisance_dominant,nDFA_1.0,0.07448693238663776,0.019948587454663932,1.5969725536795531e-06
nuisance_dominant,nDFA_1.0,0.07575679266266629,0.01994776818554781,1.6221547332924882e-06
nuisance_dominant,nDFA_1.0,0.07704830163691566,0.019946936865514457,1.6477084312259961e-06
nuisance_dominant,nDFA_1.0,0.07836182837844297,0.019946093352377726,1.6736386513539353e-06
nuisance_dominant,nDFA_1.0,0.07969774824822941,0.019945237503569125,1.6999504717925379e-06
nuisance_dominant,nDFA_1.0,0.0810564430064459,0.019944369176195173,1.7266490475455818e-06
nuisance_dominant,nDFA_1.0,0.08243830092154673,0.019943488227096847,1.7537396134364067e-06
nuisance_dominant,nDFA_1.0,0.0838437168812237,0.019942594512912644,1.781227487173e-06
nuisance_dominant,nDFA_1.0,0.08527309250525125,0.0199416878901441,1.8091180726500672e-06
nuisance_dominant,nDFA_1.0,0.08672683626025589,0.019940768215224634,1.837416863503583e-06
nuisance_dominant,nDFA_1.0,0.0882053635764417,0.019939835344591723,1.8661294468412e-06
nuisance_dominant,nDFA_1.0,0.08970909696630631,0.019938889134762307,1.8952615073542102e-06
nuisance_dominant,nDFA_1.0,0.0912384661453805,0.01993792944241147,1.9248188315422785e-06
nuisance_dominant,nDFA_1.0,0.09279390815502589,0.019936956124454928,1.954807312401343e-06
nuisance_dominant,nDFA_1.0,0.09437586748732682,0.019935969038134986,1.9852329542819353e-06
nuisance_dominant,nDFA_1.0,0.09598479621211059,0.019934968041110415,2.0161018781992906e-06
nuisance_dominant,nDFA_1.0,0.09762115410613391,0.019933952991550062,2.0474203274061292e-06
nuisance_dominant,nDFA_1.0,0.09928540878447097,0.019932923748230507,2.0791946733949003e-06
nuisance_dominant,nDFA_1.0,0.10097803583414221,0.01993188017063806,2.111431422275297e-06
nuisance_dominant,nDFA_1.0,0.10269951895002051,0.019930822119074612,2.1441372216017836e-06
nuisance_dominant,nDFA_1.0,0.10445035007305466,0.019929749454768372,2.177318867612062e-06
nuisance_dominant,nDFA_1.0,0.10623102953084963,0.019928662039988783,2.2109833129823597e-06
nuisance_dominant,nDFA_1.0,0.10804206618064248,0.019927559738166116,2.245137675051022e-06
nuisance_dominant,nDFA_1.0,0.10988397755471659,0.019926442414016032,2.279789244625913e-06
nuisance_dominant,nDFA_1.0,0.1117572900082951,0.01992530993366904,2.3149454952749905e-06
nuisance_dominant,nDFA_1.0,0.11366253886995442,0.019924162164804925,2.3506140933224512e-06
nuisance_dominant,nDFA_1.0,0.11560026859460341,0.01992299897679254,2.3868029084118034e-06
nuisance_dominant,nDFA_1.0,0.11757103291906959,0.019921820240834838,2.4235200247119168e-06
nuisance_dominant,nDFA_1.0,0.11957539502033872,0.019920625830119634,2.4607737529218246e-06
nuisance_dominant,nDFA_1.0,0.12161392767649076,0.019919415619975882,2.498572642939879e-06
nuisance_dominant,nDFA_1.0,0.12368721343038079,0.019918189488035854,2.5369254973537725e-06
nuisance_dominant,nDFA_1.0,0.12579584475610944,0.01991694731440339,2.5758413857648763e-06
nuisance_dominant,nDFA_1.0,0.12794042422833235,0.01991568898182814,2.6153296599710368e-06
nuisance_dominant,nDFA_1.0,0.13012156469445452,0.019914414375886497,2.655399970076108e-06
nuisance_dominant,nDFA_1.0,0.13233988944976152,0.0199131233851685,2.696062281587626e-06
nuisance_dominant,nDFA_1.0,0.13459603241553642,0.01991181590147196,2.7373268935131623e-06
nuisance_dominant,nDFA_1.0,0.1368906383202119,0.01991049182000302,2.7792044575298208e-06
nuisance_dominant,nDFA_1.0,0.13922436288361215,0.019909151039584013,2.8217059982861717e-06
nuisance_dominant,nDFA_1.0,0.14159787300433485,0.01990779346286837,2.864842934903086e-06
nuisance_dominant,nDFA_1.0,0.14401184695032862,0.019906418996562876,2.9086271036765787e-06
nuisance_dominant,nDFA_1.0,0.14646697455271773,0.019905027551657645,2.953070782113422e-06
nuisance_dominant,nDFA_1.0,0.1489639574029329,0.019903619043663674,2.998186714315221e-06
nuisance_dominant,nDFA_1.0,0.15150350905320234,0.019902193392858553,3.0439881377922075e-06
nuisance_dominant,nDFA_1.0,0.15408635522045983,0.019900750524539886,3.090488811744187e-06
nuisance_dominant,nDFA_1.0,0.15671323399373024,0.019899290369287486,3.1377030469386517e-06
nuisance_dominant,nDFA_1.0,0.15938489604504993,0.019897812863233694,3.185645737176688e-06
nuisance_dominant,nDFA_1.0,0.1621021048439836,0.019896317948342616,3.2343323924612673e-06
nuisance_dominant,nDFA_1.0,0.164865636875797,0.019894805572698092,3.2837791739149416e-06
nuisance_dominant,nDFA_1.0,0.16767628186335026,0.01989327569080077,3.334002930581071e-06
nuisance_dominant,nDFA_1.0,0.17053484299277355,0.019891728263874454,3.385021238072987e-06
nuisance_dominant,nDFA_1.0,0.1734421371429907,0.0198901632601819,3.4368524392068755e-06
nuisance_dominant,nDFA_1.0,0.1763989951191542,0.0198885806553502,3.4895156867445375e-06
nuisance_dominant,nDFA_1.0,0.1794062618900615,0.019886980432706047,3.5430309881884263e-06
nuisance_dominant,nDFA_1.0,0.1824647968296187,0.019885362583620978,3.5974192527916544e-06
nuisance_dominant,nDFA_1.0,0.18557547396241897,0.019883727107866855,3.6527023408805985e-06
nuisance_dominant,nDFA_1.0,0.18873918221350977,0.019882074013981746,3.7089031154743437e-06
nuisance_dominant,nDFA_1.0,0.19195682566241667,0.01988040331964635,3.766045496273865e-06
nuisance_dominant,nDFA_1.0,0.19522932380149927,0.019878715052071148,3.8241545162231215e-06
nuisance_dominant,nDFA_1.0,0.1985576117987093,0.01987700924839467,3.8832563805180796e-06
nuisance_dominant,nDFA_1.0,0.20194264076483048,0.019875285956092607,3.943378528283994e-06
nuisance_dominant,nDFA_1.0,0.2053853780252731,0.01987354523339855,4.004549696826053e-06
nuisance_dominant,nDFA_1.0,0.2088868073965032,0.01987178714973579,4.066799988658221e-06
nuisance_dominant,nDFA_1.0,0.21244792946718244,0.019870011786161122,4.130160941283286e-06
nuisance_dominant,nDFA_1.0,0.21606976188410273,0.0198682192358202,4.1946655997069855e-06
nuisance_dominant,nDFA_1.0,0.21975333964299557,0.019866409604414933,4.260348591842294e-06
nuisance_dominant,nDFA_1.0,0.2234997153842969,0.019864583010682797,4.327246206773412e-06
nuisance_dominant,nDFA_1.0,0.2273099596939568,0.019862739586888743,4.395396475837587e-06
nuisance_dominant,nDFA_1.0,0.2311851614093757,0.019860879479328877,4.464839256655668e-06
nuisance_dominant,nDFA_1.0,0.23512642793055788,0.019859002848847243,4.5356163200052535e-06
nuisance_dominant,nDFA_1.0,0.23913488553656703,0.01985710987136461,4.607771439608142e-06
nuisance_dominant,nDFA_1.0,0.24321167970737892,0.019855200738420474,4.681350484711765e-06
nuisance_dominant,nDFA_1.0,0.24735797545122115,0.019853275657727404,4.756401515531367e-06
nuisance_dominant,nDFA_1.0,0.2515749576374912,0.01985133485373845,4.83297488143267e-06
nuisance_dominant,nDFA_1.0,0.25586383133535245,0.019849378568227483,4.9111233218130336e-06
nuisance_dominant,nDFA_1.0,0.26022582215810114,0.0198474070608824,4.9909020696131194e-06
nuisance_dominant,nDFA_1.0,0.26466217661340585,0.019845420609911464,5.0723689573171764e-06
nuisance_dominant,nDFA_1.0,0.2691741624595153,0.01984341951266252,5.1555845254104145e-06
nuisance_dominant,nDFA_1.0,0.2737630690675409,0.01984140408625534,5.240612133076171e-06
nuisance_dominant,nDFA_1.0,0.2784302077899146,0.019839374668227043,5.327518071041916e-06
nuisance_dominant,nDFA_1.0,0.2831769123351298,0.01983733161719026,5.416371676394584e-06
nuisance_dominant,nDFA_1.0,0.28800453914886753,0.019835275313504496,5.507245449145575e-06
nuisance_dominant,nDFA_1.0,0.29291446780162333,0.019833206159960128,5.600215170444371e-06
nuisance_dominant,nDFA_1.0,0.297908101382942,0.019831124582475303,5.695360022056424e-06
nuisance_dominant,nDFA_1.0,0.3029868669023709,0.019829031030805265,5.792762707076195e-06
nuisance_dominant,nDFA_1.0,0.3081522156972515,0.019826925979264286,5.892509571401377e-06
nuisance_dominant,nDFA_1.0,0.31340562384746146,0.01982480992745987,5.994690725914733e-06
nuisance_dominant,nDFA_1.0,0.3187485925972288,0.01982268340103884,6.0994001688649945e-06
nuisance_dominant,nDFA_1.0,0.32418264878413444,0.01982054695244564,6.206735908385145e-06
nuisance_dominant,nDFA_1.0,0.3297093452754312,0.019818401161691666,6.316800084607389e-06
nuisance_dominant,nDFA_1.0,0.33533026141179956,0.019816246637136277,6.429699091266428e-06
nuisance_dominant,nDFA_1.0,0.3410470034586704,0.019814084016278384,6.545543696312592e-06
nuisance_dominant,nDFA_1.0,0.34686120506523876,0.019811913966558868,6.664449161222021e-06
nuisance_dominant,nDFA_1.0,0.3527745277313059,0.01980973718617266,6.7865353587929e-06
nuisance_dominant,nDFA_1.0,0.35878866128208003,0.01980755440489091,6.911926888888804e-06
nuisance_dominant,nDFA_1.0,0.36490532435106837,0.019805366384891814,7.040753192031254e-06
nuisance_dominant,nDFA_1.0,0.37112626487120537,0.019803173921600366,7.1731486602548806e-06
nuisance_dominant,nDFA_1.0,0.37745326057435113,0.019800977844535776,7.309252745183874e-06
nuisance_dominant,nDFA_1.0,0.3838881194993082,0.019798779018166276,7.449210062777619e-06
nuisance_dominant,nDFA_1.0,0.39043268050849433,0.01979657834277073,7.593170494641366e-06
nuisance_dominant,nDFA_1.0,0.3970888138134286,0.019794376755305553,7.741289285530476e-06
nuisance_dominant,nDFA_1.0,0.40385842150917256,0.01979217523027719,7.893727136820321e-06
nuisance_dominant,nDFA_1.0,0.4107434381178857,0.019789974780618315,8.050650295760473e-06
nuisance_dominant,nDFA_1.0,0.4177458311416433,0.019787776458567476,8.212230640290182e-06
nuisance_dominant,nDFA_1.0,0.4248676016246823,0.019785581356550782,8.378645759207807e-06
nuisance_dominant,nDFA_1.0,0.43211078472523234,0.019783390608064777,8.550079027664954e-06
nuisance_dominant,nDFA_1.0,0.43947745029709223,0.019781205388559292,8.726719677774454e-06
nuisance_dominant,nDFA_1.0,0.44696970348112464,0.019779026916318897,8.908762864363629e-06
nuisance_dominant,nDFA_1.0,0.4545896853068325,0.019776856453342297,9.09640972576015e-06
nuisance_dominant,nDFA_1.0,0.46233957330419384,0.019774695306217335,9.289867439666555e-06
nuisance_dominant,nDFA_1.0,0.4702215821259226,0.019772544826990927,9.489349274139055e-06
nuisance_dominant,nDFA_1.0,0.4782379641803417,0.019770406414032392,9.69507463377069e-06
nuisance_dominant,nDFA_1.0,0.48639101027504605,0.019768281512888012,9.907269101122477e-06
nuisance_dominant,nDFA_1.0,0.4946830502715338,0.019766171617125662,1.0126164473570552e-05
nuisance_dominant,nDFA_1.0,0.503116453751003,0.019764078269167734,1.0351998795754699e-05
nuisance_dominant,nDFA_1.0,0.5116936306914959,0.019762003061110017,1.0585016387710156e-05
nuisance_dominant,nDFA_1.0,0.52041703215659,0.01975994763552515,1.08254678689925e-05
nuisance_dominant,nDFA_1.0,0.5292891509958252,0.019757913686248275,1.1073610178891496e-05
nuisance_dominant,nDFA_1.0,0.5383125225570771,0.019755902959142823,1.1329706593067666e-05
nuisance_dominant,nDFA_1.0,0.5474897254110712,0.019753917252844297,1.1594026736724579e-05
nuisance_dominant,nDFA_1.0,0.5568233820882527,0.019751958419479288,1.1866846594624533e-05
nuisance_dominant,nDFA_1.0,0.5663161598282122,0.019750028365358135,1.2148448518113012e-05
nuisance_dominant,nDFA_1.0,0.5759707713418936,0.019748129051637635,1.2439121229419165e-05
nuisance_dominant,nDFA_1.0,0.5857899755867956,0.019746262494952017,1.2739159823329304e-05
nuisance_dominant,nDFA_1.0,0.5957765785553836,0.01974443076800887,1.3048865766555263e-05
nuisance_dominant,nDFA_1.0,0.6059334340769489,0.019742636000147414,1.3368546894822031e-05
nuisance_dominant,nDFA_1.0,0.6162634446331343,0.019740880377856287,1.3698517407865606e-05
nuisance_dominant,nDFA_1.0,0.6267695621873663,0.0197391661452472,1.4039097862446568e-05
nuisance_dominant,nDFA_1.0,0.6374547890284212,0.019737495604481813,1.439061516342877e-05
nuisance_dominant,nDFA_1.0,0.6483221786283797,0.019735871116148558,1.475340255295703e-05
nuisance_dominant,nDFA_1.0,0.6593748365152027,0.01973429509958537,1.512779959777972e-05
nuisance_dominant,nDFA_1.0,0.6706159211601879,0.019732770033145476,1.5514152174548926e-05
nuisance_dominant,nDFA_1.0,0.6820486448805486,0.019731298454402354,1.5912812453231196e-05
nuisance_dominant,nDFA_1.0,0.6936762747573865,0.019729882960289935,1.6324138878268567e-05
nuisance_dominant,nDFA_1.0,0.7055021335693127,0.019728526207174527,1.674849614754498e-05
nuisance_dominant,nDFA_1.0,0.7175296007419812,0.01972723091085432,1.7186255188813387e-05
nuisance_dominant,nDFA_1.0,0.7297621133138149,0.019725999846482368,1.7637793133487686e-05
nuisance_dominant,nDFA_1.0,0.7422031669181925,0.01972483584840899,1.8103493287334793e-05
nuisance_dominant,nDFA_1.0,0.7548563167823837,0.0197237418099395,1.858374509807878e-05
nuisance_dominant,nDFA_1.0,0.7677251787435072,0.019722720683002168,1.907894411920508e-05
nuisance_dominant,nDFA_1.0,0.780813430281815,0.019721775477723337,1.958949196993277e-05
nuisance_dominant,nDFA_1.0,0.7941248115715934,0.019720909261903407,2.0115796290796552e-05
nuisance_dominant,nDFA_1.0,0.8076631265499712,0.019720125160390935,2.0658270694433863e-05
nuisance_dominant,nDFA_1.0,0.8214322440039585,0.019719426354348354,2.1217334711196642e-05
nuisance_dominant,nDFA_1.0,0.8354360986760122,0.01971881608040619,2.1793413729122108e-05
nuisance_dominant,nDFA_1.0,0.8496786923884532,0.019718297629699684,2.238693892774476e-05
nuisance_dominant,nDFA_1.0,0.8641640951870458,0.019717874346783803,2.299834720533612e-05
nuisance_dominant,nDFA_1.0,0.878896446504081,0.019717549628421045,2.3628081098994946e-05
nuisance_dominant,nDFA_1.0,0.8938799563412821,0.019717326922237807,2.4276588697210493e-05
nuisance_dominant,nDFA_1.0,0.9091189064728835,0.019717209725243698,2.4944323544207282e-05
nuisance_dominant,nDFA_1.0,0.9246176516692093,0.019717201582208986,2.5631744535812474e-05
nuisance_dominant,nDFA_1.0,0.9403806209411201,0.01971730608389552,2.6339315806021812e-05
nuisance_dominant,nDFA_1.0,0.9564123188056762,0.019717526865135504,2.7067506604062655e-05
nuisance_dominant,nDFA_1.0,0.9727173265733684,0.019717867602753812,2.7816791161247294e-05
nuisance_dominant,nDFA_1.0,0.9893003036573033,0.019718332013328187,2.858764854717307e-05
nuisance_dominant,nDFA_1.0,1.0061659889047023,0.019718923850783165,2.9380562514833287e-05
nuisance_dominant,nDFA_1.0,1.023319201951106,0.019719646903812303,3.019602133403988e-05
nuisance_dominant,nDFA_1.0,1.0407648445976552,0.019720504993124364,3.1034517612812144e-05
nuisance_dominant,nDFA_1.0,1.0585079022118615,0.01972150196850838,3.1896548106206886e-05
nuisance_dominant,nDFA_1.0,1.0765534451522527,0.01972264170571355,3.27826135121596e-05
nuisance_dominant,nDFA_1.0,1.094906630217312,0.019723928103139363,3.369321825388735e-05
nuisance_dominant,nDFA_1.0,1.1135727021191089,0.0197253650783314,3.462887024853268e-05
nuisance_dominant,nDFA_1.0,1.1325569949820598,0.01972695656427917,3.5590080661537226e-05
nuisance_dominant,nDFA_1.0,1.1518649338672433,0.019728706505512214,3.657736364648064e-05
nuisance_dominant,nDFA_1.0,1.1715020363226891,0.01973061885399001,3.759123607000378e-05
nuisance_dominant,nDFA_1.0,1.1914739139601096,0.019732697564783595,3.863221722146548e-05
nuisance_dominant,nDFA_1.0,1.2117862740585037,0.019734946591544327,3.9700828507065094e-05
nuisance_dominant,nDFA_1.0,1.2324449211951067,0.019737369881758126,4.079759312819876e-05
nuisance_dominant,nDFA_1.0,1.2534557589041324,0.019739971371782055,4.192303574367966e-05
nuisance_dominant,nDFA_1.0,1.2748247913638062,0.019742754981661326,4.3077682115780534e-05
nuisance_dominant,nDFA_1.0,1.296558125112151,0.01974572460972478,4.42620587397237e-05
nuisance_dominant,nDFA_1.0,1.3186619707920322,0.019748884126957474,4.5476692456643664e-05
nuisance_dominant,nDFA_1.0,1.3411426449259387,0.019752237371149683,4.6722110049745356e-05
nuisance_dominant,nDFA_1.0,1.364006571721033,0.01975578814082162,4.799883782363788e-05
nuisance_dominant,nDFA_1.0,1.3872602849049733,0.019759540188923647,4.9307401166791166e-05
nuisance_dominant,nDFA_1.0,1.4109104295930222,0.01976349721631287,5.0648324097063396e-05
nuisance_dominant,nDFA_1.0,1.4349637641869968,0.019767662865007102,5.202212879031716e-05
nuisance_dominant,nDFA_1.0,1.4594271623065878,0.01977204071121773,5.342933509217677e-05
nuisance_dominant,nDFA_1.0,1.484307614753609,0.019776634258163648,5.487046001301433e-05
nuisance_dominant,nDFA_1.0,1.5096122315097211,0.019781446928669327,5.6346017206296506e-05
nuisance_dominant,nDFA_1.0,1.5353482437682255,0.019786482057550688,5.785651643038595e-05
nuisance_dominant,nDFA_1.0,1.5615230060004965,0.019791742883792367,5.940246299419271e-05
nuisance_dominant,nDFA_1.0,1.5881439980576275,0.019797232542522226,6.098435718662585e-05
nuisance_dominant,nDFA_1.0,1.6152188273079233,0.01980295405678821,6.260269369046547e-05
nuisance_dominant,nDFA_1.0,1.6427552308108229,0.01980891032914393,6.425796098066769e-05
nuisance_dominant,nDFA_1.0,1.6707610775278907,0.019815104133050838,6.595064070777011e-05
nuisance_dominant,nDFA_1.0,1.6992443705714897,0.019821538104104582,6.768120706657543e-05
nuisance_dominant,nDFA_1.0,1.7282132494918006,0.019828214731094265,6.945012615073314e-05
nuisance_dominant,nDFA_1.0,1.7576759926028247,0.01983513634690529,7.125785529366411e-05
nuisance_dominant,nDFA_1.0,1.78764101934805,0.019842305119275296,7.310484239635619e-05
nuisance_dominant,nDFA_1.0,1.8181168927064288,0.0198497230414156,7.499152524271125e-05
nuisance_dominant,nDFA_1.0,1.8491123216393888,0.019857391922510022,7.691833080298487e-05
nuisance_dominant,nDFA_1.0,1.880636163579563,0.019865313378104925,7.888567452608264e-05
nuisance_dominant,nDFA_1.0,1.9126974269619283,0.01987348882040406,8.089395962138553e-05
nuisance_dominant,nDFA_1.0,1.9453052737981165,0.01988191944848429,8.294357633093077e-05
nuisance_dominant,nDFA_1.0,1.9784690222945986,0.019890606238447413,8.503490119271367e-05
nuisance_dominant,nDFA_1.0,2.012198149515519,0.019899549933525627,8.71682962959845e-05
nuisance_dominant,nDFA_1.0,2.046502294090901,0.019908751034158408,8.934410852948746e-05
nuisance_dominant,nDFA_1.0,2.0813912589710486,0.019918209788059627,9.156266882346214e-05
nuisance_dominant,nDFA_1.0,2.1168750142278885,0.019927926180294563,9.382429138654623e-05
nuisance_dominant,nDFA_1.0,2.152963699904084,0.019937899923387355,9.612927293845003e-05
nuisance_dominant,nDFA_1.0,2.1896676289106987,0.019948130447480443,9.847789193951663e-05
nuisance_dominant,nDFA_1.0,2.2269972899742814,0.019958616890567937,0.00010087040781828433
nuisance_dominant,nDFA_1.0,2.26496335063419,0.019969358088826154,0.0001033070601981182
nuisance_dominant,nDFA_1.0,2.303576660290997,0.019980352567064517,0.00010578806812404701
nuisance_dominant,nDFA_1.0,2.3428482533068857,0.01999159852932199,0.00010831362929108854
nuisance_dominant,nDFA_1.0,2.3827893521588885,0.020003093849633176,0.00011088391927510842
nuisance_dominant,nDFA_1.0,2.4234113706458946,0.020014836062990295,0.00011349909076763219
nuisance_dominant,nDFA_1.0,2.464725917150312,0.02002682235652665,0.00011615927281567246
nuisance_dominant,nDFA_1.0,2.50674479795535,0.020039049560948707,0.00011886457006800027
nuisance_dominant,nDFA_1.0,2.5494800206188595,0.020051514142243,0.0001216150620291005
nuisance_dominant,nDFA_1.0,2.592943797404667,0.02006421219368551,0.00012441080232208646
nuisance_dominant,nDFA_1.0,2.6371485487724318,0.020077139428180932,0.0001272518179619648
nuisance_dominant,nDFA_1.0,2.6821069069269825,0.020090291170959108,0.00013013810864055924
nuisance_dominant,nDFA_1.0,2.7278317194281803,0.020103662352656572,0.00013306964602442822
nuisance_dominant,nDFA_1.0,2.7743360528622945,0.020117247502810222,0.00013604637306722074
nuisance_dominant,nDFA_1.0,2.8216331965759975,0.020131040743790955,0.00013906820333767138
nuisance_dominant,nDFA_1.0,2.8697366664739996,0.020145035785204036,0.00014213502036483614
nuisance_dominant,nDFA_1.0,2.9186602088814415,0.020159225918782935,0.00014524667700173942
nuisance_dominant,nDFA_1.0,2.96841780447211,0.02017360401380285,0.00014840299480895522
nuisance_dominant,nDFA_1.0,3.0190236722636397,0.020188162513039506,0.00015160376345941783
nuisance_dominant,nDFA_1.0,3.070492273680835,0.02020289342929791,0.00015484874016592805
nuisance_dominant,nDFA_1.0,3.1228383166882305,0.02021778834253526,0.00015813764913270409
nuisance_dominant,nDFA_1.0,3.176076759993135,0.020232838397600865,0.00016147018103231252
nuisance_dominant,nDFA_1.0,3.2302228173203136,0.02024803430261504,0.0001648459925095129
nuisance_dominant,nDFA_1.0,3.2852919617595595,0.020263366328007487,0.00016826470571323137
nuisance_dominant,nDFA_1.0,3.3412999301873585,0.0202788243062351,0.0001717259078582012
nuisance_dominant,nDFA_1.0,3.3982627277639583,0.020294397632196176,0.00017522915081758
nuisance_dominant,nDFA_1.0,3.456196632507091,0.02031007526435813,0.00017877395074798803
nuisance_dominant,nDFA_1.0,3.5151181999436867,0.02032584572661289,0.00018235978774830123
nuisance_dominant,nDFA_1.0,3.575044267840856,0.020341697110873046,0.0001859861055536761
nuisance_dominant,nDFA_1.0,3.6359919610175564,0.020357617080419613,0.0001896523112661803
nuisance_dominant,nDFA_1.0,3.6979786962382923,0.02037359287400991,0.0001933577751234691
nuisance_dominant,nDFA_1.0,3.7610221871902074,0.02038961131075327,0.00019710183030687697
nuisance_dominant,nDFA_1.0,3.8251404495450636,0.020405658795758213,0.00020088377279044002
nuisance_dominant,nDFA_1.0,3.8903518061074984,0.020421721326554152,0.0002047028612322392
nuisance_dominant,nDFA_1.0,3.9566748920510686,0.020437784500287316,0.0002085583169095784
nuisance_dominant,nDFA_1.0,4.024128660243522,0.020453833521688655,0.0002124493236994164
nuisance_dominant,nDFA_1.0,4.092732386662896,0.020469853211808966,0.00021637502810558103
nuisance_dominant,nDFA_1.0,4.16250567590592,0.020485828017513925,0.0002203345393343168
nuisance_dominant,nDFA_1.0,4.233468466790359,0.020501742021729292,0.00022432692941960986
nuisance_dominant,nDFA_1.0,4.305641038052818,0.020517578954424215,0.000228351233399903
nuisance_dominant,nDFA_1.0,4.379044014143725,0.02053332220431737,0.00023240644954773795
nuisance_dominant,nDFA_1.0,4.453698371121101,0.02054895483128942,0.00023649153965393503
nuisance_dominant,nDFA_1.0,4.5296254426447815,0.02056445957948148,0.00024060542936784867
nuisance_dominant,nDFA_1.0,4.606846926072856,0.020579818891057776,0.00024474700859540793
nuisance_dominant,nDFA_1.0,4.685384888662027,0.020595014920607925,0.00024891513195641265
nuisance_dominant,nDFA_1.0,4.76526177387369,0.020610029550162175,0.00025310861930286934
nuisance_dominant,nDFA_1.0,4.846500407787484,0.020624844404790718,0.00025732625629987525
nuisance_dominant,nDFA_1.0,4.929124005624213,0.020639440868755514,0.00026156679507072423
nuisance_dominant,nDFA_1.0,5.013156178379978,0.02065380010218268,0.0002658289549077842
nuisance_dominant,nDFA_1.0,5.0986209395733635,0.020667903058219382,0.0002701114230507909
nuisance_dominant,nDFA_1.0,5.185542712107698,0.020681730500639667,0.0002744128555340782
nuisance_dominant,nDFA_1.0,5.27394633525027,0.02069526302186045,0.0002787318781042155
nuisance_dominant,nDFA_1.0,5.363857071730567,0.020708481061328707,0.00028306708720954126
nuisance_dominant,nDFA_1.0,5.455300614959465,0.020721364924238758,0.000287417051063004
nuisance_dominant,nDFA_1.0,5.548303096371546,0.02073389480053855,0.00029178031077949096
nuisance_dominant,nDFA_1.0,5.642891092892556,0.02074605078418158,0.00029615538158901195
nuisance_dominant,nDFA_1.0,5.739091634534208,0.02075781289258253,0.000300540754126637
nuisance_dominant,nDFA_1.0,5.836932212118393,0.02076916108623191,0.00030493489580034263
nuisance_dominant,nDFA_1.0,5.936440785133139,0.020780075288427204,0.00030933625223731237
nuisance_dominant,nDFA_1.0,6.03764578972249,0.020790535405076027,0.0003137432488095605
nuisance_dominant,nDFA_1.0,6.140576146812549,0.020800521344528394,0.00031815429223915244
nuisance_dominant,nDFA_1.0,6.24526127037611,0.020810013037395284,0.0003225677722832863
nuisance_dominant,nDFA_1.0,6.351731075838154,0.02081899045631115,0.00032698206349919887
nuisance_dominant,nDFA_1.0,6.460015988624681,0.02082743363559917,0.0003313955270886596
nuisance_dominant,nDFA_1.0,6.570146952857214,0.020835322690799365,0.0003358065128214116
nuisance_dominant,nDFA_1.0,6.682155440195594,0.020842637838020605,0.00034021336103677
nuisance_dominant,nDFA_1.0,6.796073458831493,0.020849359413079433,0.0003446144047221773
nuisance_dominant,nDFA_1.0,6.911933562635288,0.020855467890390156,0.00034900797166716825
nuisance_dominant,nDFA_1.0,7.029768860458798,0.020860943901572747,0.0003533923866908257
nuisance_dominant,nDFA_1.0,7.149613025596682,0.020865768253746794,0.0003577659739405869
nuisance_dominant,nDFA_1.0,7.271500305409138,0.020869921947482377,0.0003621270592595252
nuisance_dominant,nDFA_1.0,7.395465531108579,0.020873386194381036,0.00036647397261920964
nuisance_dominant,nDFA_1.0,7.521544127713236,0.020876142434261932,0.00037080505061450216
nuisance_dominant,nDFA_1.0,7.6497721241703935,0.020878172351931578,0.0003751186390164434
nuisance_dominant,nDFA_1.0,7.7801861636522665,0.020879457893517847,0.0003794130953787036
nuisance_dominant,nDFA_1.0,7.912823514027315,0.02087998128235128,0.00038368679169288237
nuisance_dominant,nDFA_1.0,8.04772207851015,0.020879725034380438,0.0003879381170872502
nuisance_dominant,nDFA_1.0,8.184920406492996,0.020878671973109574,0.00039216548056320147
nuisance_dominant,nDFA_1.0,8.324457704561745,0.020876805244050674,0.00039636731376321
nuisance_dominant,nDFA_1.0,8.466373847699883,0.020874108328684148,0.00040054207376359234
nuisance_dominant,nDFA_1.0,8.61070939068338,0.020870565057925165,0.00040468824588500496
nuisance_dominant,nDFA_1.0,8.7575055796699,0.020866159625095596,0.00040880434651314947
nuisance_dominant,nDFA_1.0,8.906804363985472,0.020860876598403785,0.00041288892592172095
nuisance_dominant,nDFA_1.0,9.058648408112223,0.020854700932936746,0.00041694057108936967
nuisance_dominant,nDFA_1.0,9.213081103880398,0.020847617982172238,0.0004209579085019225
nuisance_dominant,nDFA_1.0,9.370146582868305,0.020839613509019844,0.0004249396069309564
nuisance_dominant,nDFA_1.0,9.529889729013544,0.02083067369640255,0.000428884380179359
nuisance_dominant,nDFA_1.0,9.692356191439336,0.020820785157392295,0.0004327909897844607
nuisance_dominant,nDFA_1.0,9.857592397499504,0.020809934944914493,0.0004366582476688427
nuisance_dominant,nDFA_1.0,10.025645566045766,0.020798110561038308,0.0004404850187290702
nuisance_dominant,nDFA_1.0,10.196563720921308,0.020785299965870745,0.0004442702233521466
nuisance_dominant,nDFA_1.0,10.370395704684338,0.020771491586073727,0.00044801283984977227
nuisance_dominant,nDFA_1.0,10.547191192565622,0.020756674323024825,0.00045171190680009724
nuisance_dominant,nDFA_1.0,10.727000706663942,0.02074083756064199,0.0004553665252871151
nuisance_dominant,nDFA_1.0,10.909875630383668,0.020723971172894755,0.00045897586102750844
nuisance_dominant,nDFA_1.0,11.09586822311825,0.02070606553102328,0.0004625391463753164
nuisance_dominant,nDFA_1.0,11.285031635184245,0.020687111510487688,0.00046605568219478514
nuisance_dominant,nDFA_1.0,11.47741992300984,0.020667100497670055,0.00046952483959209634
nuisance_dominant,nDFA_1.0,11.673088064582329,0.020646024396350417,0.0004729460614970543
nuisance_dominant,nDFA_1.0,11.872091975158934,0.020623875633979064,0.0004763188640862797
nuisance_dominant,nDFA_1.0,12.07448852324546,0.02060064716776557,0.00047964283803980396
nuisance_dominant,nDFA_1.0,12.280335546847452,0.020576332490604803,0.00048291764962363697
nuisance_dominant,nDFA_1.0,12.489691869998175,0.020550925636859448,0.00048614304159142835
nuisance_dominant,nDFA_1.0,12.702617319568612,0.02052442118801711,0.0004893188338990547
nuisance_dominant,nDFA_1.0,12.919172742363902,0.02049681427823884,0.0004924449242266087
nuisance_dominant,nDFA_1.0,13.139420022511283,0.02046810059981512,0.0004955212883031456
nuisance_dominant,nDFA_1.0,13.363422099144453,0.020438276408543322,0.0004985479800304008
nuisance_dominant,nDFA_1.0,13.59124298438939,0.020407338529039438,0.0005015251314023603
nuisance_dominant,nDFA_1.0,13.822947781656945,0.02037528435999511,0.0005044529522188462
nuisance_dominant,nDFA_1.0,14.058602704246992,0.020342111879389675,0.0005073317295918509
nuisance_dominant,nDFA_1.0,14.298275094270045,0.020307819649664414,0.0005101618272446918
nuisance_dominant,nDFA_1.0,14.542033441891286,0.020272406822865328,0.0005129436846048357
nuisance_dominant,nDFA_1.0,14.789947404902728,0.020235873145758334,0.0005156778156924306
nuisance_dominant,nDFA_1.0,15.042087828629008,0.020198218964919072,0.0005183648078075141
nuisance_dominant,nDFA_1.0,15.298526766172571,0.02015944523179789,0.0005210053200200649
nuisance_dominant,nDFA_1.0,15.559337499003943,0.020119553507758157,0.0005236000814679493
nuisance_dominant,nDFA_1.0,15.824594557903191,0.02007854596908513,0.0005261498894689828
nuisance_dominant,nDFA_1.0,16.094373744258082,0.020036425411959765,0.0005286556074542881
nuisance_dominant,nDFA_1.0,16.368752151725655,0.01999319525739081,0.0005311181627310772
nuisance_dominant,nDFA_1.0,16.647808188262907,0.019948859556096366,0.0005335385440840393
nuisance_dominant,nDFA_1.0,16.931621598533113,0.01990342299332461,0.0005359177992253204
nuisance_dominant,nDFA_1.0,17.220273486694122,0.019856890893601598,0.0005382570321038806
nuisance_dominant,nDFA_1.0,17.513846339575103,0.01980926922539216,0.0005405574000859751
nuisance_dominant,nDFA_1.0,17.81242405024861,0.01976056460565909,0.0005428201110189773
nuisance_dominant,nDFA_1.0,18.116091942004132,0.019710784304303206,0.0005450464201915207
nuisance_dominant,nDFA_1.0,18.424936792730715,0.01965993624846653,0.0005472376272034308
nuisance_dominant,nDFA_1.0,18.739046859715067,0.019608029026678495,0.0005493950727593049
nuisance_dominant,nDFA_1.0,19.058511904862485,0.01955507189282437,0.0005515201353999323
nuisance_dominant,nDFA_1.0,19.38342322034772,0.01950107476991332,0.0005536142281860312
nuisance_dominant,nDFA_1.0,19.713873654703125,0.01944604825362276,0.0005556787953487
nuisance_dominant,nDFA_1.0,20.049957639351746,0.019390003615594086,0.0005577153089211816
nuisance_dominant,nDFA_1.0,20.39177121559234,0.019332952806454036,0.0005597252653661777
nuisance_dominant,nDFA_1.0,20.739412062044874,0.019274908458534638,0.0005617101822127923
nuisance_dominant,nDFA_1.0,21.092979522563663,0.01921588388826421,0.0005636715947168352
nuisance_dominant,nDFA_1.0,21.452574634626465,0.019155893098200212,0.0005656110525575427
nuisance_dominant,nDFA_1.0,21.818300158207524,0.019094950778674645,0.0005675301165832736
nuisance_dominant,nDFA_1.0,22.190260605142807,0.019033072309021726,0.0005694303556179967
nuisance_dominant,nDFA_1.0,22.568562268996093,0.01897027375835634,0.0005713133433393678
nuisance_dominant,nDFA_1.0,22.953313255433766,0.018906571885872248,0.0005731806552385346
nuisance_dominant,nDFA_1.0,23.344623513117888,0.018841984140627304,0.0005750338656703756
nuisance_dominant,nDFA_1.0,23.742604865125728,0.01877652866078359,0.0005768745450022008
nuisance_dominant,nDFA_1.0,24.14737104090496,0.018710224272269094,0.000578704256867327
nuisance_dominant,nDFA_1.0,24.55903770877365,0.018643090486828225,0.0005805245555290437
nuisance_dominant,nDFA_1.0,24.977722508974306,0.018575147499427392,0.0005823369833589903
nuisance_dominant,nDFA_1.0,25.40354508729137,0.01850641618498287,0.0005841430684327688
nuisance_dominant,nDFA_1.0,25.83662712924211,0.018436918094377322,0.0005859443222442839
nuisance_dominant,nDFA_1.0,26.277092394849852,0.01836667544973236,0.0005877422375390485
nuisance_dominant,nDFA_1.0,26.725066754010573,0.018295711138904356,0.0005895382862653237
nuisance_dominant,nDFA_1.0,27.180678222462152,0.018224048709171502,0.0005913339176409602
nuisance_dominant,nDFA_1.0,27.644056998366892,0.018151712360080927,0.0005931305563324051
nuisance_dominant,nDFA_1.0,28.115335499517688,0.01807872693542483,0.0005949296007415406
nuisance_dominant,nDFA_1.0,28.594648401178453,0.0180051179143167,0.0005967324213948297
nuisance_dominant,nDFA_1.0,29.08213267456993,0.017930911401338342,0.0005985403594285882
nuisance_dominant,nDFA_1.0,29.577927626011018,0.01785613411573147,0.0006003547251633292
nuisance_dominant,nDFA_1.0,30.08217493672799,0.017780813379607553,0.0006021767967597278
nuisance_dominant,nDFA_1.0,30.595018703342085,0.01770497710515221,0.0006040078189480818
nuisance_dominant,nDFA_1.0,31.116605479047383,0.017628653780801983,0.0006058490018231548
nuisance_dominant,nDFA_1.0,31.64708431549069,0.0175518724563735,0.0006077015196959506
nuisance_dominant,nDFA_1.0,32.18660680536534,0.017474662727126913,0.0006095665099941651
nuisance_dominant,nDFA_1.0,32.73532712573144,0.017397054716748205,0.0006114450722032036
nuisance_dominant,nDFA_1.0,33.29340208207403,0.017319079059237453,0.0006133382668400775
nuisance_dominant,nDFA_1.0,33.86099115311297,0.017240766879692594,0.0006152471144530256
nuisance_dominant,nDFA_1.0,34.43825653637644,0.01716214977398134,0.0006171725946403388
nuisance_dominant,nDFA_1.0,35.02536319455143,0.017083259787297068,0.0006191156450827659
nuisance_dominant,nDFA_1.0,35.622478902624444,0.017004129391596803,0.0006210771605847114
nuisance_dominant,nDFA_1.0,36.22977429582575,0.016924791461924243,0.0006230579921205859
nuisance_dominant,nDFA_1.0,36.84742291839143,0.016845279251622165,0.0006250589458836434
nuisance_dominant,nDFA_1.0,37.47560127315589,0.01676562636644394,0.0006270807823360045
nuisance_dominant,nDFA_1.0,38.114488871990645,0.01668586673757611,0.0006291242152595944
nuisance_dominant,nDFA_1.0,38.7642682871026,0.01660603459358811,0.0006311899108091343
nuisance_dominant,nDFA_1.0,39.42512520320694,0.016526164431329052,0.0006332784865694595
nuisance_dominant,nDFA_1.0,40.09724847058942,0.016446290985794684,0.0006353905106207044
nuisance_dominant,nDFA_1.0,40.780830159073375,0.016366449198991773,0.0006375265006159678
nuisance_dominant,nDFA_1.0,41.476065612906595,0.016286674187830807,0.0006396869228773354
nuisance_dominant,nDFA_1.0,42.18315350658434,0.016207001211081117,0.0006418721915168812
nuisance_dominant,nDFA_1.0,42.902295901623226,0.016127465635426767,0.0006440826675903711
nuisance_dominant,nDFA_1.0,43.63369830430383,0.01604810290066482,0.0006463186582920371
nuisance_dominant,nDFA_1.0,44.37756972439723,0.015968948484090674,0.0006485804161993259
nuisance_dominant,nDFA_1.0,45.13412273489293,0.015890037864119293,0.0006508681385771312
nuisance_dominant,nDFA_1.0,45.90357353274481,0.015811406483193804,0.0006531819667512211
nuisance_dominant,nDFA_1.0,46.68614200065286,0.01573308971003614,0.0006555219855605372
nuisance_dominant,nDFA_1.0,47.482051769898405,0.0156551228012975,0.0006578882228982643
nuisance_dominant,nDFA_1.0,48.29153028424977,0.01557754086266933,0.0006602806493510721
nuisance_dominant,nDFA_1.0,49.114808864958235,0.01550037880951766,0.0006626991779456444
nuisance_dominant,nDFA_1.0,49.952122776861714,0.015423671327106692,0.0006651436640109825
nuisance_dominant,nDFA_1.0,50.80371129561534,0.015347452830479535,0.0006676139051643327
nuisance_dominant,nDFA_1.0,51.66981777606826,0.015271757424065988,0.0006701096414275831
nuisance_dominant,nDFA_1.0,52.55068972180602,0.015196618861089584,0.0006726305554801468
nuisance_dominant,nDFA_1.0,53.44657885587909,0.015122070502847312,0.0006751762730531432
nuisance_dominant,nDFA_1.0,54.357741192735965,0.015048145277937588,0.0006777463634685742
nuisance_dominant,nDFA_1.0,55.28443711138383,0.014974875641512878,0.0006803403403259575
nuisance_dominant,nDFA_1.0,56.22693142979583,0.014902293534634903,0.0006829576623375699
nuisance_dominant,nDFA_1.0,57.18549348058701,0.01483043034381134,0.000685597734312187
nuisance_dominant,nDFA_1.0,58.160397187980315,0.014759316860793648,0.0006882599082859095
nuisance_dominant,nDFA_1.0,59.15192114608467,0.014688983242716516,0.0006909434847973862
nuisance_dominant,nDFA_1.0,60.1603486985081,0.014619458972659852,0.000693647714303523
nuisance_dominant,nDFA_1.0,61.185968019326936,0.014550772820714755,0.0006963717987306475
nuisance_dominant,nDFA_1.0,62.22907219543656,0.014482952805635062,0.0006991148931549498
nuisance_dominant,nDFA_1.0,63.2899593103055,0.01441602615715611,0.000701876107605121
nuisance_dominant,nDFA_1.0,64.36893252915749,0.014350019279062803,0.0007046545089792083
nuisance_dominant,nDFA_1.0,65.46630018560568,0.014284957713088317,0.0007074491230669758
nuisance_dominant,nDFA_1.0,66.58237586976387,0.01422086610372498,0.0007102589366683958
nuisance_dominant,nDFA_1.0,67.71747851785967,0.014157768164028538,0.0007130828997985721
nuisance_dominant,nDFA_1.0,68.8719325033761,0.0140956866424961,0.0007159199279688281
nuisance_dominant,nDFA_1.0,70.04606772974564,0.014034643291098225,0.0007187689045337133
nuisance_dominant,nDFA_1.0,71.24021972462585,0.013974658834544101,0.0007216286830934957
nuisance_dominant,nDFA_1.0,72.45472973578153,0.01391575294085852,0.0007244980899417658
nuisance_dominant,nDFA_1.0,73.68994482860175,0.013857944193348432,0.0007273759265480784
nuisance_dominant,nDFA_1.0,74.94621798527915,0.013801250064035198,0.0007302609720656729
nuisance_dominant,nDFA_1.0,76.22390820568008,0.013745686888628272,0.0007331519858549303
nuisance_dominant,nDFA_1.0,77.52338060993503,0.01369126984311396,0.0007360477100134731
nuisance_dominant,nDFA_1.0,78.84500654277662,0.013638012922031923,0.000738946871904631
nuisance_dominant,nDFA_1.0,80.18916367965778,0.013585928918509887,0.0007418481866763049
nuisance_dominant,nDFA_1.0,81.55623613467833,0.013535029406125606,0.0007447503597632353
nuisance_dominant,nDFA_1.0,82.94661457035157,0.01348532472266253,0.0007476520893660936
nuisance_dominant,nDFA_1.0,84.36069630924241,0.013436823955823757,0.0007505520689016641
nuisance_dominant,nDFA_1.0,85.79888544750824,0.01338953493096574,0.0007534489894189556
nuisance_dominant,nDFA_1.0,87.26159297037651,0.013343464200911065,0.000756341541976865
nuisance_dominant,nDFA_1.0,88.74923686958925,0.013298617037895649,0.0007592284199794567
nuisance_dominant,nDFA_1.0,90.26224226285147,0.013254997427703022,0.0007621083214656986
nuisance_dominant,nDFA_1.0,91.80104151531502,0.01321260806603436,0.0007649799513508106
nuisance_dominant,nDFA_1.0,93.36607436313383,0.013171450357158776,0.0007678420236170108
nuisance_dominant,nDFA_1.0,94.95778803912542,0.013131524414884244,0.0007706932634516578
nuisance_dominant,nDFA_1.0,96.57663740057471,0.013092829065884659,0.0007735324093311872
nuisance_dominant,nDFA_1.0,98.2230850592165,0.013055361855413727,0.0007763582150494393
nuisance_dominant,nDFA_1.0,99.89760151343484,0.013019119055430645,0.0007791694516890282
nuisance_dominant,nDFA_1.0,101.60066528271416,0.012984095675157004,0.0007819649095345421
nuisance_dominant,nDFA_1.0,103.33276304438459,0.012950285474078426,0.0007847433999263138
nuisance_dominant,nDFA_1.0,105.09438977269748,0.012917680977397502,0.0007875037570533637
nuisance_dominant,nDFA_1.0,106.88604888027204,0.012886273493938403,0.0007902448396839812
nuisance_dominant,nDFA_1.0,108.70825236195353,0.01285605313649607,0.0007929655328322133
nuisance_dominant,nDFA_1.0,110.56152094112352,0.012827008844615725,0.000795664749358247
nuisance_dominant,nDFA_1.0,112.44638421850583,0.012799128409780527,0.0007983414315003743
nuisance_dominant,nDFA_1.0,114.36338082350686,0.01277239850297755,0.0008009945523359148
nuisance_dominant,nDFA_1.0,116.31305856813833,0.01274680470460412,0.000803623117168224
nuisance_dominant,nDFA_1.0,118.29597460356307,0.012722331536667682,0.0008062261648364617
nuisance_dominant,nDFA_1.0,120.31269557930963,0.012698962497224759,0.0008088027689446965
nuisance_dominant,nDFA_1.0,122.36379780520139,0.012676680096995036,0.0008113520390065078
nuisance_dominant,nDFA_1.0,124.44986741604593,0.012655465898078633,0.0008138731215011336
nuisance_dominant,nDFA_1.0,126.57150053913327,0.012635300554695531,0.000816365200837078
nuisance_dominant,nDFA_1.0,128.72930346458716,0.0126161638558575,0.000818827500218953
nuisance_dominant,nDFA_1.0,130.92389281862302,0.012598034769874455,0.0008212592824134503
nuisance_dominant,nDFA_1.0,133.15589573975842,0.012580891490588478,0.0008236598504103114
nuisance_dominant,nDFA_1.0,135.4259500580277,0.012564711485220714,0.0008260285479744885
nuisance_dominant,nDFA_1.0,137.73470447725208,0.012549471543708132,0.0008283647600859075
nuisance_dominant,nDFA_1.0,140.0828187604166,0.012535147829399563,0.0008306679132636256
nuisance_dominant,nDFA_1.0,142.47096391820904,0.01252171593097327,0.0008329374757717611
nuisance_dominant,nDFA_1.0,144.89982240077,0.01250915091543102,0.0008351729577050562
nuisance_dominant,nDFA_1.0,147.3700882927151,0.01249742738201769,0.0008373739109526835
nuisance_dominant,nDFA_1.0,149.88246751148006,0.012486519516909262,0.0008395399290396618
nuisance_dominant,nDFA_1.0,152.437678009048,0.012476401148507097,0.0008416706468460484
nuisance_dominant,nDFA_1.0,155.03644997711535,0.012467045803171619,0.0008437657402050445
nuisance_dominant,nDFA_1.0,157.67952605575576,0.012458426761224679,0.0008458249253820215
nuisance_dominant,nDFA_1.0,160.36766154564083,0.012450517113046958,0.0008478479584375057
nuisance_dominant,nDFA_1.0,163.1016246238805,0.012443289815094228,0.0008498346344781936
nuisance_dominant,nDFA_1.0,165.88219656353982,0.012436717745654902,0.0008517847868009545
nuisance_dominant,nDFA_1.0,168.7101719569014,0.012430773760170653,0.0008536982859359297
nuisance_dominant,nDFA_1.0,171.5863589425323,0.012425430745942165,0.0008555750385956247
nuisance_dominant,nDFA_1.0,174.51157943622238,0.012420661676043266,0.0008574149865379283
nuisance_dominant,nDFA_1.0,177.48666936585968,0.012416439662268642,0.0008592181053517149
nuisance_dominant,nDFA_1.0,180.51247891030974,0.012412738006943567,0.0008609844031745508
nuisance_dominant,nDFA_1.0,183.58987274236887,0.012409530253427715,0.0008627139193525204
nuisance_dominant,nDFA_1.0,186.7197302758561,0.012406790235150279,0.0008644067230529059
nuisance_dominant,nDFA_1.0,189.90294591692083,0.012404492123019166,0.0008660629118407088
nuisance_dominant,nDFA_1.0,193.1404293196332,0.012402610471053573,0.0008676826102303719
nuisance_dominant,nDFA_1.0,196.43310564593202,0.012401120260097098,0.0008692659682241738
nuisance_dominant,nDFA_1.0,199.7819158300045,0.012399996939476353,0.000870813159848747
nuisance_dominant,nDFA_1.0,203.18781684717248,0.012399216466479398,0.0008723243817010397
nuisance_dominant,nDFA_1.0,206.651781987365,0.012398755343538145,0.0008737998515147497
nuisance_dominant,nDFA_1.0,210.1748011332487,0.012398590653008964,0.000875239806757759
nuisance_dominant,nDFA_1.0,213.75788104310405,0.012398700089457284,0.0008766445032705946
nuisance_dominant,nDFA_1.0,217.402045638522,0.012399061989363153,0.0008780142139551858
nuisance_dominant,nDFA_1.0,221.10833629700576,0.012399655358177044,0.0008793492275223656
nuisance_dominant,nDFA_1.0,224.87781214956078,0.012400459894667619,0.0008806498473056315
nuisance_dominant,nDFA_1.0,228.71155038335777,0.012401456012515952,0.0008819163901476853
nuisance_dominant,nDFA_1.0,232.61064654955769,0.012402624859123686,0.000883149185365112
nuisance_dominant,nDFA_1.0,236.57621487637996,0.01240394833161602,0.0008843485737954748
nuisance_dominant,nDFA_1.0,240.60938858751274,0.012405409090033388,0.0008855149069298123
nuisance_dominant,nDFA_1.0,244.71132022594884,0.012406990567719305,0.0008866485461324253
nuisance_dominant,nDFA_1.0,248.88318198334326,0.01240867697892467,0.0008877498619484698
nuisance_dominant,nDFA_1.0,253.12616603498518,0.012410453323662082,0.0008888192334988072
nuisance_dominant,nDFA_1.0,257.4414848804811,0.012412305389856373,0.0008898570479602926
nuisance_dominant,nDFA_1.0,261.830371690245,0.01241421975284972,0.0008908637001286017
nuisance_dominant,nDFA_1.0,266.29408065789846,0.012416183772331859,0.0008918395920596252
nuisance_dominant,nDFA_1.0,270.83388735867317,0.01241818558677729,0.0008927851327844985
nuisance_dominant,nDFA_1.0,275.45108911392856,0.01242021410548198,0.0008937007380924427
nuisance_dominant,nDFA_1.0,280.14700536188144,0.012422258998302444,0.0008945868303748215
nuisance_dominant,nDFA_1.0,284.92297803465635,0.012424310683209306,0.0008954438385231681
nuisance_dominant,nDFA_1.0,289.78037194176363,0.01242636031177625,0.0008962721978733824
nuisance_dominant,nDFA_1.0,294.7205751601149,0.012428399752732846,0.0008970723501879162
nuisance_dominant,nDFA_1.0,299.74499943069014,0.012430421573716708,0.0008978447436674371
nuisance_dominant,nDFA_1.0,304.8550805619614,0.01243241902136637,0.000898589832983381
nuisance_dominant,nDFA_1.0,310.0522788402002,0.012434385999901213,0.0008993080793227001
nuisance_dominant,nDFA_1.0,315.3380794467765,0.012436317048338717,0.0008999999504363004
nuisance_dominant,nDFA_1.0,320.7139928825731,0.012438207316502251,0.0009006659206828235
nuisance_dominant,nDFA_1.0,326.18155539963476,0.012440052539974539,0.0009013064710598031
nuisance_dominant,nDFA_1.0,331.7423294401758,0.01244184901415283,0.0009019220892146466
nuisance_dominant,nDFA_1.0,337.3979040830756,0.012443593567561684,0.0009025132694284834
nuisance_dominant,nDFA_1.0,343.1498954979785,0.012445283534577977,0.0009030805125664327
nuisance_dominant,nDFA_1.0,348.9999474071427,0.01244691672772094,0.0009036243259886967
nuisance_dominant,nDFA_1.0,354.9497315551591,0.012448491409656617,0.0009041452234174945
nuisance_dominant,nDFA_1.0,361.00094818667867,0.01245000626506237,0.0009046437247557348
nuisance_dominant,nDFA_1.0,367.1553265322842,0.012451460372492253,0.0009051203558541795
nuisance_dominant,nDFA_1.0,373.4146253026444,0.012452853176378323,0.0009055756482246093
nuisance_dominant,nDFA_1.0,379.7806331910963,0.012454184459296616,0.0009060101386975036
nuisance_dominant,nDFA_1.0,386.2551693847879,0.012455454314619741,0.0009064243690234946
nuisance_dominant,nDFA_1.0,392.84008408454287,0.012456663119670046,0.0009068188854187791
nuisance_dominant,nDFA_1.0,399.53725903358355,0.012457811509479418,0.00090719423805545
nuisance_dominant,nDFA_1.0,406.3486080552691,0.0124589003512534,0.0009075509804985248
nuisance_dominant,nDFA_1.0,413.27607760000024,0.012459930719627862,0.0009078896690921489
nuisance_dominant,nDFA_1.0,420.32164730144876,0.012460903872797916,0.0009082108622981822
nuisance_dominant,nDFA_1.0,427.4873305422675,0.012461821229589018,0.0009085151199909592
nuisance_dominant,nDFA_1.0,434.77517502945034,0.01246268434753091,0.0009088030027126022
nuisance_dominant,nDFA_1.0,442.18726337949096,0.012463494901985665,0.0009090750708937342
nuisance_dominant,nDFA_1.0,449.72571371352734,0.01246425466637158,0.0009093318840448511
nuisance_dominant,nDFA_1.0,457.392680262627,0.012464965493515645,0.0009095739999239676
nuisance_dominant,nDFA_1.0,465.19035398339275,0.01246562929815812,0.0009098019736863809
nuisance_dominant,nDFA_1.0,473.12096318406304,0.012466248040624229,0.000910016357022616
nuisance_dominant,nDFA_1.0,481.1867741612851,0.012466823711669512,0.0009102176972906639
nuisance_dominant,nDFA_1.0,489.3900918477489,0.012467358318497462,0.0009104065366487345
nuisance_dominant,nDFA_1.0,497.7332604708523,0.012467853871940634,0.0009105834111946245
nuisance_dominant,nDFA_1.0,506.21866422260484,0.012468312374789393,0.0009107488501177729
nuisance_dominant,nDFA_1.0,514.848727940947,0.012468735811245997,0.0009109033748698248
nuisance_dominant,nDFA_1.0,523.6259178026861,0.012469126137475948,0.0009110474983593928
nuisance_dominant,nDFA_1.0,532.5527420282452,0.012469485273222985,0.000911181724176311
nuisance_dominant,nDFA_1.0,541.6317515984257,0.01246981509444981,0.0009113065458504639
nuisance_dominant,nDFA_1.0,550.8655409833943,0.012470117426961979,0.0009114224461498118
nuisance_dominant,nDFA_1.0,560.2567488840875,0.012470394040969541,0.0009115298964218787
nuisance_dominant,nDFA_1.0,569.8080589862665,0.012470646646537449,0.0009116293559825035
nuisance_dominant,nDFA_1.0,579.522200727421,0.012470876889873974,0.0009117212715552206
nuisance_dominant,nDFA_1.0,589.40195007675,0.012471086350404356,0.0009118060767641158
nuisance_dominant,nDFA_1.0,599.450130328438,0.01247127653857562,0.0009118841916825618
nuisance_dominant,nDFA_1.0,609.6696129084548,0.012471448894338207,0.0009119560224396888
nuisance_dominant,nDFA_1.0,620.0633181951158,0.012471604786249268,0.0009120219608859625
nuisance_dominant,nDFA_1.0,630.6342163536186,0.012471745511143318,0.0009120823843187486
nuisance_dominant,nDFA_1.0,641.3853281848199,0.01247187229431615,0.0009121376552682268
nuisance_dominant,nDFA_1.0,652.3197259884747,0.01247198629016929,0.0009121881213435544
nuisance_dominant,nDFA_1.0,663.440534441196,0.012472088583263433,0.0009122341151387014
nuisance_dominant,nDFA_1.0,674.7509314893789,0.012472180189731149,0.0009122759541969305
nuisance_dominant,nDFA_1.0,686.25414925735,0.01247226205900105,0.0009123139410324853
nuisance_dominant,nDFA_1.0,697.9534749709957,0.01247233507578784,0.0009123483632076345
nuisance_dominant,nDFA_1.0,709.8522518971448,0.012472400062304935,0.0009123794934628511
nuisance_dominant,nDFA_1.0,721.9538802989517,0.01247245778065904,0.0009124075898976091
nuisance_dominant,nDFA_1.0,734.26181840758,0.012472508935388585,0.000912432896198892
nuisance_dominant,nDFA_1.0,746.7795834104456,0.012472554176110704,0.0009124556419143555
nuisance_dominant,nDFA_1.0,759.5107524563091,0.012472594100244176,0.0009124760427667436
nuisance_dominant,nDFA_1.0,772.458963677501,0.012472629255778566,0.0009124943010060443
nuisance_dominant,nDFA_1.0,785.6279172295752,0.01247266014406263,0.0009125106057957061
nuisance_dominant,nDFA_1.0,799.0213763486926,0.01247268722258763,0.0009125251336290698
nuisance_dominant,nDFA_1.0,812.6431684270153,0.012472710907744225,0.000912538048772196
nuisance_dominant,nDFA_1.0,826.4971861064516,0.012472731577533706,0.0009125495037291365
nuisance_dominant,nDFA_1.0,840.587388391037,0.012472749574217477,0.0009125596397257606
nuisance_dominant,nDFA_1.0,854.9178017782832,0.012472765206890545,0.0009125685872082909
nuisance_dominant,nDFA_1.0,869.4925214098122,0.012472778753967375,0.0009125764663527199
nuisance_dominant,nDFA_1.0,884.3157122416065,0.012472790465570547,0.000912583387581488
nuisance_dominant,nDFA_1.0,899.3916102342182,0.012472800565814606,0.0009125894520838311
nuisance_dominant,nDFA_1.0,914.7245235632504,0.012472809254979327,0.0009125947523364669
nuisance_dominant,nDFA_1.0,930.3188338504934,0.012472816711568553,0.0009125993726214267
nuisance_dominant,nDFA_1.0,946.1789974160409,0.01247282309425188,0.0009126033895380704
nuisance_dominant,nDFA_1.0,962.3095465517534,0.012472828543688304,0.0009126068725065663
nuisance_dominant,nDFA_1.0,978.7150908164324,0.012472833184231924,0.0009126098842603254
nuisance_dominant,nDFA_1.0,995.4003183530737,0.012472837125520903,0.0009126124813251988
nuisance_dominant,nDFA_1.0,1012.3699972285774,0.012472840463951949,0.0009126147144834461
nuisance_dominant,nDFA_1.0,1029.6289767963053,0.012472843284043321,0.0009126166292207945
nuisance_dominant,nDFA_1.0,1047.1821890818485,0.012472845659689981,0.000912618266155166
nuisance_dominant,nDFA_1.0,1065.0346501924394,0.012472847655315155,0.0009126196614458955
nuisance_dominant,nDFA_1.0,1083.1914617503814,0.012472849326923028,0.0009126208471825586
nuisance_dominant,nDFA_1.0,1101.657812350918,0.012472850723057453,0.0009126218517527395
nuisance_dominant,nDFA_1.0,1120.4389790449557,0.012472851885672048,0.0009126227001883305
nuisance_dominant,nDFA_1.0,1139.540328847062,0.012472852850916922,0.00091262341449017
nuisance_dominant,nDFA_1.0,1158.9673202691843,0.012472853649847574,0.0009126240139310332
nuisance_dominant,nDFA_1.0,1178.725504880491,0.012472854309061383,0.0009126245153371782
nuisance_dominant,nDFA_1.0,1198.8205288938298,0.012472854851266963,0.0009126249333488187
nuisance_dominant,nDFA_1.0,1219.2581347792202,0.012472855295791833,0.0009126252806600626
nuisance_dominant,nDFA_1.0,1240.0441629048537,0.012472855659033359,0.0009126255682389571
nuisance_dominant,nDFA_1.0,1261.1845532060715,0.012472855954857883,0.0009126258055284221
nuisance_dominant,nDFA_1.0,1282.6853468827933,0.012472856194952817,0.0009126260006289219
nuisance_dominant,nDFA_1.0,1304.552688125894,0.012472856389136058,0.0009126261604638135
nuisance_dominant,nDFA_1.0,1326.7928258729887,0.01247285654562694,0.0009126262909283523
nuisance_dominant,nDFA_1.0,1349.412115594175,0.012472856671282714,0.0009126263970233902
nuisance_dominant,nDFA_1.0,1372.417021108207,0.012472856771804038,0.0009126264829747885
nuisance_dominant,nDFA_1.0,1395.814116429633,0.012472856851913041,0.0009126265523396099
nuisance_dominant,nDFA_1.0,1419.610087647423,0.012472856915506961,0.0009126266081001277
nuisance_dominant,nDFA_1.0,1443.811734835622,0.012472856965790213,0.0009126266527466699
nuisance_dominant,nDFA_1.0,1468.4259739965912,0.012472857005387509,0.0009126266883502987
nuisance_dominant,nDFA_1.0,1493.4598390373446,0.012472857036440377,0.0009126267166262675
nuisance_dominant,nDFA_1.0,1518.9204837796128,0.012472857060689155,0.000912626738989188
nuisance_dominant,nDFA_1.0,1544.815184004156,0.012472857079542408,0.0009126267566007502
nuisance_dominant,nDFA_1.0,1571.1513395299344,0.01247285709413544,0.0009126267704108094
nuisance_dominant,nDFA_1.0,1597.936476328722,0.012472857105379436,0.000912626781192608
nuisance_dominant,nDFA_1.0,1625.1782486757718,0.012472857114002518,0.0009126267895727979
nuisance_dominant,nDFA_1.0,1652.884441337144,0.012472857120583953,0.0009126267960569357
nuisance_dominant,nDFA_1.0,1681.0629717943361,0.012472857125582461,0.000912626801051003
nuisance_dominant,nDFA_1.0,1709.7218925068112,0.012472857129359643,0.0009126268048794987
nuisance_dominant,nDFA_1.0,1738.8693932131264,0.012472857132199155,0.0009126268078005573
nuisance_dominant,nDFA_1.0,1768.513803271277,0.012472857134322439,0.0009126268100185398
nuisance_dominant,nDFA_1.0,1798.6635940389426,0.012472857135901499,0.0009126268116944356
nuisance_dominant,nDFA_1.0,1829.32738129431,0.012472857137069233,0.0009126268129544428
nuisance_dominant,nDFA_1.0,1860.5139276981654,0.012472857137927802,0.0009126268138969872
nuisance_dominant,nDFA_1.0,1892.2321452979763,0.012472857138555317,0.0009126268145984365
nuisance_dominant,nDFA_1.0,1924.491098074628,0.012472857139011148,0.0009126268151177423
nuisance_dominant,nDFA_1.0,1957.3000045326144,0.01247285713934017,0.0009126268155001655
nuisance_dominant,nDFA_1.0,1990.6682403343664,0.012472857139576115,0.0009126268157802713
nuisance_dominant,nDFA_1.0,2024.6053409794958,0.012472857139744175,0.0009126268159843144
nuisance_dominant,nDFA_1.0,2059.1210045297153,0.012472857139863043,0.0009126268161321242
nuisance_dominant,nDFA_1.0,2094.225094380206,0.01247285713994651,0.0009126268162385947
nuisance_dominant,nDFA_1.0,2129.9276420782594,0.012472857140004675,0.0009126268163148476
nuisance_dominant,nDFA_1.0,2166.238850189919,0.012472857140044891,0.0009126268163691418
nuisance_dominant,nDFA_1.0,2203.1690952155477,0.012472857140072471,0.000912626816407572
nuisance_dominant,nDFA_1.0,2240.7289305550667,0.012472857140091224,0.0009126268164346109
nuisance_dominant,nDFA_1.0,2278.9290895237596,0.012472857140103858,0.0009126268164535183
nuisance_dominant,nDFA_1.0,2317.7804884194848,0.012472857140112287,0.0009126268164666579
nuisance_dominant,nDFA_1.0,2357.2942296421747,0.012472857140117855,0.0009126268164757316
nuisance_dominant,nDFA_1.0,2397.4816048665425,0.012472857140121491,0.0009126268164819583
nuisance_dominant,nDFA_1.0,2438.3540982688264,0.012472857140123847,0.000912626816486203
nuisance_dominant,nDFA_1.0,2479.923389808593,0.012472857140125344,0.0009126268164890779
nuisance_dominant,nDFA_1.0,2522.2013585664654,0.012472857140126284,0.0009126268164910111
nuisance_dominant,nDFA_1.0,2565.200086138758,0.012472857140126869,0.0009126268164923034
nuisance_dominant,nDFA_1.0,2608.9318600899833,0.012472857140127223,0.0009126268164931609
nuisance_dominant,nDFA_1.0,2653.409177464217,0.012472857140127438,0.0009126268164937254
nuisance_dominant,nDFA_1.0,2698.6447483563197,0.012472857140127563,0.0009126268164940955
nuisance_dominant,nDFA_1.0,2744.6514995440693,0.012472857140127629,0.0009126268164943352
nuisance_dominant,nDFA_1.0,2791.4425781821587,0.012472857140127665,0.0009126268164944903
nuisance_dominant,nDFA_1.0,2839.0313555592247,0.012472857140127686,0.0009126268164945893
nuisance_dominant,nDFA_1.0,2887.431430918898,0.012472857140127695,0.0009126268164946521
nuisance_dominant,nDFA_1.0,2936.6566353460034,0.012472857140127698,0.0009126268164946917
nuisance_dominant,nDFA_1.0,2986.7210357190083,0.012472857140127696,0.0009126268164947165
nuisance_dominant,nDFA_1.0,3037.6389387298505,0.012472857140127695,0.000912626816494732
nuisance_dominant,nDFA_1.0,3089.424894972325,0.012472857140127695,0.0009126268164947413
nuisance_dominant,nDFA_1.0,3142.0937031001095,0.012472857140127695,0.000912626816494747
nuisance_dominant,nDFA_1.0,3195.6604140557356,0.012472857140127695,0.0009126268164947506
nuisance_dominant,nDFA_1.0,3250.1403353716296,0.012472857140127695,0.0009126268164947528
nuisance_dominant,nDFA_1.0,3305.54903554448,0.012472857140127695,0.0009126268164947539
nuisance_dominant,nDFA_1.0,3361.9023484841796,0.012472857140127691,0.0009126268164947548
nuisance_dominant,nDFA_1.0,3419.2163780386104,0.012472857140127695,0.0009126268164947553
nuisance_dominant,nDFA_1.0,3477.507502595599,0.012472857140127691,0.0009126268164947555
nuisance_dominant,nDFA_1.0,3536.7923797632566,0.012472857140127691,0.0009126268164947557
nuisance_dominant,nDFA_1.0,3597.087951130182,0.012472857140127695,0.0009126268164947557
nuisance_dominant,nDFA_1.0,3658.411447106781,0.012472857140127695,0.0009126268164947557
nuisance_dominant,nDFA_1.0,3720.7803918491268,0.012472857140127695,0.0009126268164947559
nuisance_dominant,nDFA_1.0,3784.2126082667646,0.012472857140127695,0.0009126268164947559
nuisance_dominant,nDFA_1.0,3848.7262231158825,0.012472857140127695,0.0009126268164947559
nuisance_dominant,nDFA_1.0,3914.3396721793456,0.012472857140127695,0.0009126268164947559
nuisance_dominant,nDFA_1.0,3981.0717055349733,0.012472857140127695,0.0009126268164947559
task_aligned,BP,0.0,0.02,7.951493745174844e-18
task_aligned,BP,0.001,0.01996176535515128,1.4769543053495046e-06
task_aligned,BP,0.0010170480946837376,0.019961114224306655,1.5020864495856664e-06
task_aligned,BP,0.0010343868268998197,0.019960452016871858,1.5276454306458146e-06
task_aligned,BP,0.0010520211514644187,0.01995977854483476,1.553638469722241e-06
task_aligned,BP,0.0010699561076638788,0.01995909361700627,1.5800729092113972e-06
task_aligned,BP,0.0010881968206947759,0.019958397038967075,1.6069562147089456e-06
task_aligned,BP,0.0011067485031285215,0.0199576886130136,1.6342959770488519e-06
task_aligned,BP,0.0011256164564009414,0.019956968138103038,1.662099914363259e-06
task_aligned,BP,0.0011448060723272377,0.01995623540979752,1.6903758741845315e-06
task_aligned,BP,0.0011643228346427902,0.019955490220207317,1.719131835573605e-06
task_aligned,BP,0.001184172320570217,0.01995473235793317,1.7483759112886193e-06
task_aligned,BP,0.0012043602024131594,0.019953961608007584,1.7781163499793828e-06
task_aligned,BP,0.0012248922491772242,0.019953177751835305,1.8083615384250805e-06
task_aligned,BP,0.0012457743282185726,0.019952380567132694,1.8391200038039085e-06
task_aligned,BP,0.0012670124069206123,0.019951569827866136,1.8704004159952394e-06
task_aligned,BP,0.0012886125543992652,0.019950745304189534,1.9022115899225053e-06
task_aligned,BP,0.0013105809432373168,0.01994990676238064,1.9345624879344434e-06
task_aligned,BP,0.0013329238512483272,0.019949053964776493,1.967462222214574e-06
task_aligned,BP,0.001355647663270621,0.019948186669707706,2.0009200572412265e-06
task_aligned,BP,0.001378758872991846,0.01994730463143169,2.034945412272677e-06
task_aligned,BP,0.0014022640848046527,0.019946407600064865,2.069547863883112e-06
task_aligned,BP,0.0014261700156940071,0.019945495321513712,2.104737148529766e-06
task_aligned,BP,0.0014504834971566661,0.019944567537404687,2.1405231651656934e-06
task_aligned,BP,0.0014752114771533916,0.0199436239850131,2.1769159778865294e-06
task_aligned,BP,0.0015003610220944376,0.019942664397190675,2.213925818625358e-06
task_aligned,BP,0.0015259393188588929,0.019941688502292113,2.251563089885535e-06
task_aligned,BP,0.0015519536768484371,0.01994069602410036,2.2898383675160976e-06
task_aligned,BP,0.0015784115300761239,0.019939686681750703,2.3287624035298963e-06
task_aligned,BP,0.0016053204392907632,0.019938660189653644,2.3683461289666165e-06
task_aligned,BP,0.0016326880941375313,0.019937616257416496,2.408600656795684e-06
task_aligned,BP,0.001660522315355399,0.0199365545897638,2.4495372848713218e-06
task_aligned,BP,0.0016888310570120353,0.019935474886456337,2.4911674989254686e-06
task_aligned,BP,0.001717622408776813,0.019934376842208952,2.53350297560672e-06
task_aligned,BP,0.0017469045982325495,0.01993326014660702,2.576555585573662e-06
task_aligned,BP,0.0017766859932266746,0.01993212448402153,2.620337396621957e-06
task_aligned,BP,0.0018069751042624714,0.019930969533522892,2.6648606768761626e-06
task_aligned,BP,0.0018377805869310945,0.0199297949687933,2.710137898009944e-06
task_aligned,BP,0.0018691112443850306,0.01992860045803769,2.756181738530833e-06
task_aligned,BP,0.001900976029853745,0.019927385663893366,2.8030050871091974e-06
task_aligned,BP,0.0019333840492022055,0.019926150243338055,2.850621045952523e-06
task_aligned,BP,0.0019663445635330324,0.019924893847596603,2.899042934237814e-06
task_aligned,BP,0.0019998669918329963,0.019923616122046163,2.9482842915925445e-06
task_aligned,BP,0.0020339609136646444,0.01992231670611981,2.998358881622705e-06
task_aligned,BP,0.0020686360719038206,0.019920995233208758,3.0492806955017617e-06
task_aligned,BP,0.002103902375523832,0.01991965133056287,3.101063955607129e-06
task_aligned,BP,0.002139769902427103,0.019918284619189746,3.1537231192115284e-06
task_aligned,BP,0.0021762489023250896,0.019916894713752138,3.2072728822286217e-06
task_aligned,BP,0.002213349799667308,0.019915481222463713,3.2617281830157306e-06
task_aligned,BP,0.0022510831966202675,0.019914043746983273,3.3171042062297863e-06
task_aligned,BP,0.0022894598760972184,0.019912581882307233,3.3734163867416774e-06
task_aligned,BP,0.0023284908048395417,0.01991109521666045,3.4306804136058065e-06
task_aligned,BP,0.0023681871365506583,0.019909583331385313,3.4889122340854896e-06
task_aligned,BP,0.0024085602150833835,0.01990804580082912,3.5481280577463864e-06
task_aligned,BP,0.0024496215776816056,0.0199064821922297,3.6083443605928212e-06
task_aligned,BP,0.0024913829582772482,0.01990489206559922,3.6695778892785736e-06
task_aligned,BP,0.002533856290843409,0.019903274973606198,3.73184566537127e-06
task_aligned,BP,0.0025770537128046917,0.019901630461455717,3.7951649896764143e-06
task_aligned,BP,0.002620987568505661,0.019899958066767715,3.859553446624488e-06
task_aligned,BP,0.0026656704127384443,0.019898257319453418,3.925028908722517e-06
task_aligned,BP,0.002711115014330447,0.01989652774158992,3.9916095410661616e-06
task_aligned,BP,0.0027573343597932553,0.019894768847292695,4.059313805913791e-06
task_aligned,BP,0.0028043416570337305,0.019892980142586277,4.12816046732597e-06
task_aligned,BP,0.002852150339128391,0.01989116112527292,4.198168595872908e-06
task_aligned,BP,0.0029007740681621062,0.01988931128479914,4.269357573400406e-06
task_aligned,BP,0.0029502267391322613,0.01988743010212037,4.341747097868773e-06
task_aligned,BP,0.0030005224839194824,0.019885517049563435,4.41535718825166e-06
task_aligned,BP,0.0030516756753260254,0.019883571590686967,4.490208189506463e-06
task_aligned,BP,0.003103700931183042,0.01988159318013972,4.566320777612092e-06
task_aligned,BP,0.003156613118527852,0.019879581263516688,4.643715964673201e-06
task_aligned,BP,0.0032104273578524426,0.019877535277213053,4.722415104091386e-06
task_aligned,BP,0.003265159027424373,0.01987545464827597,4.802439895813548e-06
task_aligned,BP,0.0033208237676813604,0.019873338794254052,4.883812391640142e-06
task_aligned,BP,0.0033774374857007982,0.019871187123044635,4.966555000612178e-06
task_aligned,BP,0.00343501635974543,0.019868999032738748,5.050690494462829e-06
task_aligned,BP,0.003493576843886558,0.019866773911463746,5.136242013146149e-06
task_aligned,BP,0.003553135672706045,0.019864511137223588,5.223233070433777e-06
task_aligned,BP,0.0036137098660785033,0.019862210077736787,5.311687559586421e-06
task_aligned,BP,0.0036753167340349666,0.019859870090271847,5.401629759095376e-06
task_aligned,BP,0.0037379738817095156,0.01985749052148043,5.4930843385015686e-06
task_aligned,BP,0.0038016992143702377,0.019855070707227872,5.586076364287531e-06
task_aligned,BP,0.0038665109425359123,0.019852609972421366,5.6806313058383405e-06
task_aligned,BP,0.003932427587179972,0.019850107630835466,5.77677504148471e-06
task_aligned,BP,0.003999467985023157,0.019847562984935216,5.874533864618511e-06
task_aligned,BP,0.004067651293916405,0.019844975325696533,5.97393448987843e-06
task_aligned,BP,0.00413699699831552,0.019842343932424088,6.07500405942223e-06
task_aligned,BP,0.004207524914849136,0.019839668072566465,6.177770149263592e-06
task_aligned,BP,0.004279255197981669,0.019836947001528746,6.282260775691555e-06
task_aligned,BP,0.0043522083457727375,0.019834179962482285,6.388504401767682e-06
task_aligned,BP,0.004426405205734824,0.01983136618617184,6.496529943893768e-06
task_aligned,BP,0.0045018669807907795,0.019828504890719925,6.606366778462925e-06
task_aligned,BP,0.004578615235332888,0.019825595281428313,6.718044748584592e-06
task_aligned,BP,0.004656671901385246,0.019822636550576842,6.831594170885299e-06
task_aligned,BP,0.004736059284871162,0.01981962787721925,6.947045842390519e-06
task_aligned,BP,0.0048168000719874355,0.019816568426976232,7.064431047481638e-06
task_aligned,BP,0.004898917335687311,0.019813457351825502,7.18378156492842e-06
task_aligned,BP,0.004982434542273912,0.019810293789889057,7.3051296750039666e-06
task_aligned,BP,0.005067375558106122,0.019807076865217304,7.4285081666677985e-06
task_aligned,BP,0.005153764656418767,0.01980380568757035,7.553950344839379e-06
task_aligned,BP,0.0052416265242590954,0.019800479352196206,7.681490037731691e-06
task_aligned,BP,0.0053309862695414545,0.019797096939605956,7.811161604278e-06
task_aligned,BP,0.005421869428222296,0.019793657515345852,7.942999941622594e-06
task_aligned,BP,0.005514301971597493,0.01979016012976632,8.07704049269355e-06
task_aligned,BP,0.005608310313724007,0.019786603817787837,8.21331925384737e-06
task_aligned,BP,0.0057039213189681555,0.019782987598663666,8.351872782594486e-06
task_aligned,BP,0.005801162309682508,0.019779310475739373,8.492738205390287e-06
task_aligned,BP,0.005900061074013706,0.019775571436209206,8.635953225508981e-06
task_aligned,BP,0.006000645873843326,0.019771769450869232,8.781556130984284e-06
task_aligned,BP,0.0061029454528641796,0.01976790347386715,8.929585802626178e-06
task_aligned,BP,0.006206989044794294,0.01976397244244892,9.080081722108386e-06
task_aligned,BP,0.006312806381730868,0.019759975276702084,9.233083980123753e-06
task_aligned,BP,0.006420427702646719,0.0197559108792957,9.388633284613965e-06
task_aligned,BP,0.006529883762031532,0.01975177813521701,9.546770969064924e-06
task_aligned,BP,0.006641205838680439,0.019747575911504674,9.70753900087019e-06
task_aligned,BP,0.006754425744632454,0.01974330305697876,9.870979989758738e-06
task_aligned,BP,0.006869575834261216,0.019738958401967117,1.003713719629464e-05
task_aligned,BP,0.006986689013520816,0.019734540758028534,1.0206054540427945e-05
task_aligned,BP,0.007105798749349149,0.019730048917672348,1.0377776610119716e-05
task_aligned,BP,0.007226939079231637,0.019725481654074638,1.055234867001994e-05
task_aligned,BP,0.007350144620927981,0.019720837720790946,1.072981667020532e-05
task_aligned,BP,0.007475450582364718,0.019716115851465515,1.0910227254973886e-05
task_aligned,BP,0.007602892771696472,0.019711314759537024,1.1093627771694031e-05
task_aligned,BP,0.007732507607538658,0.019706433137940856,1.1280066279707116e-05
task_aligned,BP,0.00786433212937469,0.01970146965880781,1.1469591559274169e-05
task_aligned,BP,0.00799840400814063,0.01969642297315929,1.1662253120579446e-05
task_aligned,BP,0.008134761556990196,0.01969129171059903,1.185810121277221e-05
task_aligned,BP,0.008273443742243394,0.019686074479001163,1.2057186833049606e-05
task_aligned,BP,0.008414490194521727,0.019680769864194876,1.2259561735786405e-05
task_aligned,BP,0.008557941220073315,0.01967537642964545,1.2465278441691441e-05
task_aligned,BP,0.008703837812290985,0.019669892716131794,1.2674390247008143e-05
task_aligned,BP,0.008852221663426809,0.01966431724142036,1.2886951232729881e-05
task_aligned,BP,0.009003135176506341,0.019658648499935684,1.3103016273859825e-05
task_aligned,BP,0.00915662147744591,0.019652884962427224,1.3322641048675034e-05
task_aligned,BP,0.009312724427376552,0.019647025075632776,1.3545882048023357e-05
task_aligned,BP,0.009471488635178014,0.019641067261938372,1.3772796584627343e-05
task_aligned,BP,0.009632959470226472,0.0196350099190346,1.4003442802396702e-05
task_aligned,BP,0.0097971830753595,0.019628851419569583,1.4237879685755559e-05
task_aligned,BP,0.00996420638006213,0.019622590110798345,1.447616706895582e-05
task_aligned,BP,0.010134077113877737,0.019616224314228846,1.4718365645403814e-05
task_aligned,BP,0.010306843820047417,0.019609752325264494,1.496453697695917e-05
task_aligned,BP,0.010482555869382074,0.01960317241284338,1.5214743503234769e-05
task_aligned,BP,0.01066126347437087,0.019596482819074022,1.546904855086423e-05
task_aligned,BP,0.010843017703530211,0.0195896817588679,1.572751634274925e-05
task_aligned,BP,0.011027870495997438,0.01958276741956857,1.599021200727439e-05
task_aligned,BP,0.011215874676373193,0.019575737960577638,1.6257201587474958e-05
task_aligned,BP,0.011407083969816937,0.01956859151297745,1.6528552050167832e-05
task_aligned,BP,0.011601553017399714,0.019561326179150622,1.6804331295023814e-05
task_aligned,BP,0.011799337391718746,0.019553940032396484,1.708460816358011e-05
task_aligned,BP,0.012000493612778126,0.019546431116544454,1.7369452448183993e-05
task_aligned,BP,0.01220507916414035,0.019538797445564395,1.765893490086085e-05
task_aligned,BP,0.012413152509353128,0.019531037003174052,1.7953127242095718e-05
task_aligned,BP,0.012624773108656248,0.019523147742443642,1.8252102169522927e-05
task_aligned,BP,0.012840001435973322,0.01951512758539759,1.8555933366510702e-05
task_aligned,BP,0.013058898996193115,0.019506974422613656,1.8864695510636176e-05
task_aligned,BP,0.013281528342745581,0.01949868611281927,1.9178464282033912e-05
task_aligned,BP,0.013507953095477445,0.01949026048248552,1.949731637161863e-05
task_aligned,BP,0.01373823795883263,0.019481695325418522,1.9821329489156444e-05
task_aligned,BP,0.01397244874034252,0.019472988402348575,2.0150582371189584e-05
task_aligned,BP,0.014210652369431549,0.019464137440516956,2.048515478878992e-05
task_aligned,BP,0.01445291691654329,0.01945514013326072,2.082512755514059e-05
task_aligned,BP,0.014699311612592705,0.01944599413959535,2.117058253291724e-05
task_aligned,BP,0.014949906868749948,0.019436697083795675,2.152160264148126e-05
task_aligned,BP,0.015204774296561448,0.019427246554974867,2.1878271863842476e-05
task_aligned,BP,0.015463986728414087,0.01941764010666204,2.2240675253401345e-05
task_aligned,BP,0.015727618238348142,0.01940787525637817,2.260889894044111e-05
task_aligned,BP,0.01599574416322518,0.01939794948521088,2.298303013836382e-05
task_aligned,BP,0.01626844112425668,0.01938786023738797,2.336315714964895e-05
task_aligned,BP,0.016545787048899814,0.019377604919850057,2.3749369371524255e-05
task_aligned,BP,0.01682786119312641,0.019367180901822358,2.4141757301324306e-05
task_aligned,BP,0.01711474416407161,0.01935658551438591,2.4540412541531303e-05
task_aligned,BP,0.01740651794306865,0.01934581605004839,2.494542780446609e-05
task_aligned,BP,0.017703265909076255,0.01933486976231471,2.535689691662453e-05
task_aligned,BP,0.018005072862505567,0.019323743865257634,2.5774914822629638e-05
task_aligned,BP,0.01831202504945315,0.01931243553308868,2.6199577588788203e-05
task_aligned,BP,0.0186242101863472,0.019300941899729467,2.663098240622282e-05
task_aligned,BP,0.018941717485013866,0.019289260058383804,2.7069227593568586e-05
task_aligned,BP,0.01926463767817099,0.01927738706111078,2.751441259920209e-05
task_aligned,BP,0.019593063045356338,0.01926531991839914,2.796663800298926e-05
task_aligned,BP,0.01992708743929801,0.01925305559874314,2.8426005517521785e-05
task_aligned,BP,0.02026680631273427,0.019240591028220334,2.8892617988825824e-05
task_aligned,BP,0.020612316745690726,0.019227923090071396,2.9366579396503512e-05
task_aligned,BP,0.02096371747322245,0.019215048624282548,2.9847994853306757e-05
task_aligned,BP,0.02132110891362906,0.019201964427170662,3.0336970604090538e-05
task_aligned,BP,0.021684593197150888,0.019188667250971608,3.08336140241329e-05
task_aligned,BP,0.022054274195154235,0.019175153803432043,3.133803361679291e-05
task_aligned,BP,0.022430257549814335,0.01916142074740517,3.18503390104735e-05
task_aligned,BP,0.022812650704304178,0.019147464700450638,3.237064095486078e-05
task_aligned,BP,0.02320156293349819,0.019133282234439324,3.289905131641241e-05
task_aligned,BP,0.02359710537519915,0.01911886987516303,3.3435683073056635e-05
task_aligned,BP,0.023999391061897666,0.01910422410194986,3.398065030807536e-05
task_aligned,BP,0.024408534953072943,0.019089341347285557,3.453406820313747e-05
task_aligned,BP,0.024824653968044234,0.019074217996441288,3.509605303044047e-05
task_aligned,BP,0.025247867019382475,0.01905885038710846,3.566672214393572e-05
task_aligned,BP,0.025678295046891307,0.019043234809040962,3.624619396959379e-05
task_aligned,BP,0.026116061052167662,0.019027367503705435,3.6834587994668e-05
task_aligned,BP,0.026561290133751272,0.01901124466394009,3.743202475593452e-05
task_aligned,BP,0.02701410952287369,0.018994862433622688,3.8038625826844825e-05
task_aligned,BP,0.02747464861981648,0.018978216907348137,3.8654513803572916e-05
task_aligned,BP,0.02794303903088952,0.018961304130116506,3.927981228989865e-05
task_aligned,BP,0.028419414606039497,0.018944120097031954,3.9914645880891424e-05
task_aligned,BP,0.02890391147709964,0.018926660753013216,4.055914014534955e-05
task_aligned,BP,0.029396668096691603,0.018908921992516446,4.121342160695039e-05
task_aligned,BP,0.029897825277790394,0.018890899659270995,4.187761772405879e-05
task_aligned,BP,0.030407526233964005,0.018872589546028832,4.255185686815154e-05
task_aligned,BP,0.03092591662029884,0.018853987394328555,4.323626830081238e-05
task_aligned,BP,0.03145314457502307,0.01883508889427444,4.3930982149233376e-05
task_aligned,BP,0.031989360761839336,0.018815889684331642,4.463612938018704e-05
task_aligned,BP,0.03253471841297941,0.01879638535113814,4.535184177240727e-05
task_aligned,BP,0.03308937337299261,0.01877657142933446,4.607825188732372e-05
task_aligned,BP,0.03365348414328091,0.01875644340141183,4.681549303810312e-05
task_aligned,BP,0.034227211927393225,0.01873599669757991,4.7563699256928936e-05
task_aligned,BP,0.03481072067709176,0.018715226695654896,4.83230052604734e-05
task_aligned,BP,0.03540417713920396,0.018694128720968924,4.909354641349423e-05
task_aligned,BP,0.036007750903272906,0.01867269804630194,4.9875458690496284e-05
task_aligned,BP,0.036621614450020344,0.018650929891836816,5.066887863540366e-05
task_aligned,BP,0.0372459432006356,0.01862881942513899,5.147394331916663e-05
task_aligned,BP,0.03788091556690515,0.018606361761161587,5.2290790295254425e-05
task_aligned,BP,0.03852671300219639,0.018583551962277133,5.311955755295034e-05
task_aligned,BP,0.039183520053311,0.018560385038337134,5.3960383468399834e-05
task_aligned,BP,0.03985152441322198,0.018536855946760526,5.4813406753330614e-05
task_aligned,BP,0.04053091697470985,0.01851295959265233,5.567876640138085e-05
task_aligned,BP,0.0412218918849134,0.018488690828953776,5.655660163196308e-05
task_aligned,BP,0.04192464660081018,0.0184640444566251,5.744705183159278e-05
task_aligned,BP,0.04263938194564303,0.018439015224862347,5.835025649260629e-05
task_aligned,BP,0.04336630216630838,0.01841359783134964,5.926635514919714e-05
task_aligned,BP,0.04410561499172318,0.0183877869225482,6.019548731069221e-05
task_aligned,BP,0.04485753169218653,0.018361577094023536,6.113779239199048e-05
task_aligned,BP,0.04562226713975368,0.018334962890812396,6.209340964109045e-05
task_aligned,BP,0.04640003986963895,0.01830793880783084,6.306247806362276e-05
task_aligned,BP,0.04719107214266573,0.01828049929032511,6.404513634431167e-05
task_aligned,BP,0.04799559000878098,0.018252638734366756,6.50415227652811e-05
task_aligned,BP,0.04881382337165251,0.01822435148739374,6.605177512112714e-05
task_aligned,BP,0.049646006054367676,0.01819563184879912,6.707603063067251e-05
task_aligned,BP,0.05049237586625192,0.01816647407056904,6.811442584531756e-05
task_aligned,BP,0.05135317467082665,0.018136872357971772,6.916709655390915e-05
task_aligned,BP,0.05222864845492539,0.018106820870299557,7.023417768403484e-05
task_aligned,BP,0.0531190473989886,0.01807631372166513,7.131580319966535e-05
task_aligned,BP,0.054024625948556476,0.018045344981854693,7.241210599505439e-05
task_aligned,BP,0.05494564288698094,0.018013908677239336,7.352321778480928e-05
task_aligned,BP,0.055882361409377024,0.017981998791746827,7.464926899004862e-05
task_aligned,BP,0.0568350491978349,0.017949609267895676,7.579038862055883e-05
task_aligned,BP,0.05780397849791447,0.017916734007893623,7.694670415286376e-05
task_aligned,BP,0.05878942619644362,0.017883366874802496,7.811834140412027e-05
task_aligned,BP,0.05979167390064319,0.017849501693771613,7.930542440175137e-05
task_aligned,BP,0.06081100801860048,0.017815132253341883,8.050807524873644e-05
task_aligned,BP,0.06184771984111511,0.017780252306822696,8.172641398446708e-05
task_aligned,BP,0.06290210562493968,0.017744855573743938,8.296055844108497e-05
task_aligned,BP,0.06397446667744011,0.01770893574138533,8.421062409522589e-05
task_aligned,BP,0.0650651094426987,0.017672486466385372,8.547672391507026e-05
task_aligned,BP,0.06617434558908554,0.017635501376432255,8.675896820263883e-05
task_aligned,BP,0.06730249209832263,0.01759797407203913,8.805746443123541e-05
task_aligned,BP,0.06844987135606631,0.01755989812840606,8.937231707797268e-05
task_aligned,BP,0.06961681124403418,0.017521267097371233,9.070362745129137e-05
task_aligned,BP,0.07080364523370232,0.017482074509453667,9.205149351341144e-05
task_aligned,BP,0.07201071248160025,0.017442313875990215,9.34160096976321e-05
task_aligned,BP,0.07323835792622993,0.017401978691369124,9.47972667204207e-05
task_aligned,BP,0.07448693238663776,0.017361062435362874,9.619535138821419e-05
task_aligned,BP,0.07575679266266629,0.017319558575562825,9.761034639888371e-05
task_aligned,BP,0.07704830163691566,0.01727746056991821,9.904233013778808e-05
task_aligned,BP,0.07836182837844297,0.01723476186938226,0.00010049137646837405
task_aligned,BP,0.07969774824822941,0.017191455920667995,0.00010195755451725965
task_aligned,BP,0.0810564430064459,0.017147536169116254,0.0001034409284537693
task_aligned,BP,0.08243830092154673,0.017102996061678956,0.00010494155726386529
task_aligned,BP,0.0838437168812237,0.01705782905001987,0.00010645949451844665
task_aligned,BP,0.08527309250525125,0.017012028593735927,0.00010799478813598658
task_aligned,BP,0.08672683626025589,0.016965588163701577,0.00010954748013948202
task_aligned,BP,0.0882053635764417,0.016918501245538953,0.00011111760640769699
task_aligned,BP,0.08970909696630631,0.01687076134321659,0.00011270519642069843
task_aligned,BP,0.0912384661453805,0.01682236198277926,0.00011431027299967035
task_aligned,BP,0.09279390815502589,0.01677329671621173,0.00011593285204102492
task_aligned,BP,0.09437586748732682,0.016723559125439012,0.0001175729422448184
task_aligned,BP,0.09598479621211059,0.01667314282646581,0.00011923054483749765
task_aligned,BP,0.09762115410613391,0.016622041473657707,0.00012090565328901611
task_aligned,BP,0.09928540878447097,0.01657024876416674,0.00012259825302436098
task_aligned,BP,0.10097803583414221,0.016517758442503833,0.00012430832112954673
task_aligned,BP,0.10269951895002051,0.01646456430526067,0.000126035826052146
task_aligned,BP,0.10445035007305466,0.016410660205983356,0.00012778072729644193
task_aligned,BP,0.10623102953084963,0.01635604006020034,0.0001295429751132885
task_aligned,BP,0.10804206618064248,0.01630069785060687,0.00013132251018478855
task_aligned,BP,0.10988397755471659,0.016244627632408214,0.0001331192633039212
task_aligned,BP,0.1117572900082951,0.01618782353882392,0.00013493315504924209
task_aligned,BP,0.11366253886995442,0.016130279786755027,0.00013676409545482175
task_aligned,BP,0.11560026859460341,0.016071990682616395,0.00013861198367558716
task_aligned,BP,0.11757103291906959,0.01601295062833588,0.00014047670764826117
task_aligned,BP,0.11957539502033872,0.015953154127522195,0.00014235814374809723
task_aligned,BP,0.12161392767649076,0.01589259579180305,0.00014425615644164506
task_aligned,BP,0.12368721343038079,0.015831270347335124,0.0001461705979357939
task_aligned,BP,0.12579584475610944,0.01576917264148717,0.00014810130782335075
task_aligned,BP,0.12794042422833235,0.015706297649697422,0.00015004811272546287
task_aligned,BP,0.13012156469445452,0.015642640482506416,0.00015201082593117383
task_aligned,BP,0.13233988944976152,0.015578196392765984,0.00015398924703447279
task_aligned,BP,0.13459603241553642,0.015512960783025073,0.00015598316156918414
task_aligned,BP,0.1368906383202119,0.015446929213092936,0.00015799234064208933
task_aligned,BP,0.13922436288361215,0.01538009740777969,0.0001600165405646954
task_aligned,BP,0.14159787300433485,0.015312461264814493,0.00016205550248409275
task_aligned,BP,0.14401184695032862,0.015244016862940838,0.00016410895201337123
task_aligned,BP,0.14646697455271773,0.015174760470188595,0.00016617659886209335
task_aligned,BP,0.1489639574029329,0.015104688552321926,0.0001682581364673591
task_aligned,BP,0.15150350905320234,0.015033797781461944,0.00017035324162601855
task_aligned,BP,0.15408635522045983,0.014962085044882781,0.0001724615741286332
task_aligned,BP,0.15671323399373024,0.014889547453979236,0.00017458277639580719
task_aligned,BP,0.15938489604504993,0.014816182353404001,0.00017671647311755468
task_aligned,BP,0.1621021048439836,0.014741987330371954,0.0001788622708963989
task_aligned,BP,0.164865636875797,0.014666960224128714,0.0001810197578949348
task_aligned,BP,0.16767628186335026,0.01459109913558029,0.0001831885034886263
task_aligned,BP,0.17053484299277355,0.014514402437080118,0.00018536805792464763
task_aligned,BP,0.1734421371429907,0.0144368687823694,0.0001875579519876067
task_aligned,BP,0.1763989951191542,0.014358497116666365,0.00018975769667304554
task_aligned,BP,0.1794062618900615,0.014279286686899309,0.0001919667828696366
task_aligned,BP,0.1824647968296187,0.014199237052077948,0.00019418468105104008
task_aligned,BP,0.18557547396241897,0.014118348093797226,0.00019641084097842706
task_aligned,BP,0.18873918221350977,0.0140366200268669,0.0001986446914147236
task_aligned,BP,0.19195682566241667,0.013954053410059893,0.00020088563985165095
task_aligned,BP,0.19522932380149927,0.0138706491569718,0.0002031330722507102
task_aligned,BP,0.1985576117987093,0.01378640854698327,0.00020538635279926867
task_aligned,BP,0.20194264076483048,0.013701333236316462,0.00020764482368297252
task_aligned,BP,0.2053853780252731,0.013615425269176102,0.0002099078048757466
task_aligned,BP,0.2088868073965032,0.013528687088964968,0.00021217459394867549
task_aligned,BP,0.21244792946718244,0.013441121549563182,0.00021444446589910954
task_aligned,BP,0.21606976188410273,0.013352731926659606,0.00021671667300138467
task_aligned,BP,0.21975333964299557,0.013263521929123414,0.00021899044468058252
task_aligned,BP,0.2234997153842969,0.0131734957104028,0.00022126498741078425
task_aligned,BP,0.2273099596939568,0.013082657879937223,0.00022353948463934304
task_aligned,BP,0.2311851614093757,0.012991013514568859,0.0002258130967387043
task_aligned,BP,0.23512642793055788,0.012898568169938032,0.00022808496098736158
task_aligned,BP,0.23913488553656703,0.012805327891846746,0.0002303541915815628
task_aligned,BP,0.24321167970737892,0.012711299227573566,0.00023261987967942402
task_aligned,BP,0.24735797545122115,0.012616489237122283,0.00023488109347912528
task_aligned,BP,0.2515749576374912,0.012520905504386013,0.00023713687833291165
task_aligned,BP,0.25586383133535245,0.01242455614820754,0.00023938625689863422
task_aligned,BP,0.26022582215810114,0.01232744983331583,0.00024162822933060146
task_aligned,BP,0.26466217661340585,0.012229595781117831,0.0002438617735115315
task_aligned,BP,0.2691741624595153,0.012131003780323911,0.0002460858453274048
task_aligned,BP,0.2737630690675409,0.012031684197384197,0.00024829937898705523
task_aligned,BP,0.2784302077899146,0.011931647986712497,0.0002505012873883137
task_aligned,BP,0.2831769123351298,0.011830906700673405,0.0002526904625325718
task_aligned,BP,0.28800453914886753,0.011729472499307593,0.0002548657759895848
task_aligned,BP,0.29291446780162333,0.011627358159769143,0.00025702607941437854
task_aligned,BP,0.297908101382942,0.011524577085448191,0.0002591702051180805
task_aligned,BP,0.3029868669023709,0.011421143314751286,0.0002612969666945071
task_aligned,BP,0.3081522156972515,0.011317071529510978,0.0002634051597043116
task_aligned,BP,0.31340562384746146,0.011212377062995434,0.00026549356241846445
task_aligned,BP,0.3187485925972288,0.011107075907488157,0.00026756093662282294
task_aligned,BP,0.32418264878413444,0.01100118472140708,0.00026960602848549053
task_aligned,BP,0.3297093452754312,0.010894720835931676,0.0002716275694886359
task_aligned,BP,0.33533026141179956,0.010787702261105977,0.00027362427742637195
task_aligned,BP,0.3410470034586704,0.010680147691384893,0.000275594857470245
task_aligned,BP,0.34686120506523876,0.010572076510590571,0.0002775380033038039
task_aligned,BP,0.3527745277313059,0.010463508796244945,0.00027945239832764384
task_aligned,BP,0.35878866128208003,0.01035446532324431,0.00028133671693622776
task_aligned,BP,0.36490532435106837,0.010244967566841234,0.0002831896258676829
task_aligned,BP,0.37112626487120537,0.010135037704898757,0.00028500978562766836
task_aligned,BP,0.37745326057435113,0.010024698619381597,0.00028679585198828386
task_aligned,BP,0.3838881194993082,0.009913973897048876,0.0002885464775628496
task_aligned,BP,0.39043268050849433,0.009802887829312793,0.0002902603134572601
task_aligned,BP,0.3970888138134286,0.009691465411227446,0.0002919360109984402
task_aligned,BP,0.40385842150917256,0.009579732339572388,0.00029357222354028137
task_aligned,BP,0.4107434381178857,0.009467715009995312,0.00029516760834723596
task_aligned,BP,0.4177458311416433,0.009355440513178848,0.00029672082855557196
task_aligned,BP,0.4248676016246823,0.009242936629996536,0.0002982305552120754
task_aligned,BP,0.43211078472523234,0.009130231825623707,0.0002996954693897668
task_aligned,BP,0.43947745029709223,0.009017355242569655,0.0003011142643799698
task_aligned,BP,0.44696970348112464,0.008904336692598044,0.00030248564795982107
task_aligned,BP,0.4545896853068325,0.008791206647503536,0.00030380834473405
task_aligned,BP,0.46233957330419384,0.008677996228713555,0.00030508109854958626
task_aligned,BP,0.4702215821259226,0.008564737195685429,0.00030630267498125567
task_aligned,BP,0.4782379641803417,0.008451461933070163,0.00030747186388654273
task_aligned,BP,0.48639101027504605,0.00833820343661591,0.0003085874820270619
task_aligned,BP,0.4946830502715338,0.00822499529778571,0.000309648375754065
task_aligned,BP,0.503116453751003,0.008111871687065744,0.0003106534237549676
task_aligned,BP,0.5116936306914959,0.007998867335942624,0.00031160153985752197
task_aligned,BP,0.52041703215659,0.007886017517530082,0.0003124916758878971
task_aligned,BP,0.5292891509958252,0.007773358025828065,0.00031332282457855116
task_aligned,BP,0.5383125225570771,0.0076609251535994325,0.0003140940225213833
task_aligned,BP,0.5474897254110712,0.0075487556688524915,0.0003148043531612606
task_aligned,BP,0.5568233820882527,0.007436886789920159,0.0003154529498245948
task_aligned,BP,0.5663161598282122,0.00732535615912998,0.0003160389987772249
task_aligned,BP,0.5759707713418936,0.007214201815062074,0.00031656174230543493
task_aligned,BP,0.5857899755867956,0.007103462163395906,0.00031702048181349134
task_aligned,BP,0.5957765785553836,0.006993175946350194,0.0003174145809306394
task_aligned,BP,0.6059334340769489,0.006883382210724115,0.0003177434686200515
task_aligned,BP,0.6162634446331343,0.006774120274551989,0.00031800664228175953
task_aligned,BP,0.6267695621873663,0.006665429692387734,0.00031820367084114015
task_aligned,BP,0.6374547890284212,0.00655735021923988,0.00031833419781406746
task_aligned,BP,0.6483221786283797,0.0064499217731820435,0.0003183979443393727
task_aligned,BP,0.6593748365152027,0.00634318439666892,0.00031839471216880093
task_aligned,BP,0.6706159211601879,0.006237178216592124,0.00031832438660417704
task_aligned,BP,0.6820486448805486,0.006131943403115579,0.000318186939371055
task_aligned,BP,0.6936762747573865,0.006027520127334768,0.00031798243141765265
task_aligned,BP,0.7055021335693127,0.005923948517809626,0.0003177110156274478
task_aligned,BP,0.7175296007419812,0.005821268616025949,0.0003173729394333646
task_aligned,BP,0.7297621133138149,0.00571952033084544,0.0003169685473210641
task_aligned,BP,0.7422031669181925,0.00561874339200997,0.00031649828320843475
task_aligned,BP,0.7548563167823837,0.005518977302770969,0.0003159626926880007
task_aligned,BP,0.7677251787435072,0.005420261291720319,0.0003153624251185773
task_aligned,BP,0.780813430281815,0.005322634263904429,0.0003146982355521642
task_aligned,BP,0.7941248115715934,0.005226134751308561,0.0003139709864817368
task_aligned,BP,0.8076631265499712,0.00513080086280395,0.0003131816493952989
task_aligned,BP,0.8214322440039585,0.005036670233655146,0.0003123313061213051
task_aligned,BP,0.8354360986760122,0.004943779974690461,0.00031142114995032455
task_aligned,BP,0.8496786923884532,0.004852166621243117,0.000310452486517643
task_aligned,BP,0.8641640951870458,0.0047618660819756875,0.00030942673443136275
task_aligned,BP,0.878896446504081,0.004672913587704804,0.00030834542563047343
task_aligned,BP,0.8938799563412821,0.00458534364034765,0.000307210205457349
task_aligned,BP,0.9091189064728835,0.004499189962115703,0.00030602283242917104
task_aligned,BP,0.9246176516692093,0.0044144854450851225,0.00030478517769289525
task_aligned,BP,0.9403806209411201,0.004331262101276432,0.00030349922414859003
task_aligned,BP,0.9564123188056762,0.004249551013379402,0.0003021670652262713
task_aligned,BP,0.9727173265733684,0.004169382286261669,0.00030079090330177284
task_aligned,BP,0.9893003036573033,0.004090784999401765,0.00029937304773770986
task_aligned,BP,1.0061659889047023,0.004013787160389175,0.0002979159125362619
task_aligned,BP,1.023319201951106,0.003938415659635136,0.00029642201359130366
task_aligned,BP,1.0407648445976552,0.0038646962264388004,0.0002948939655283856
task_aligned,BP,1.0585079022118615,0.003792653386553389,0.00029333447812221773
task_aligned,BP,1.0765534451522527,0.003722310421396681,0.0002917463522826635
task_aligned,BP,1.094906630217312,0.0036536893290490197,0.0002901324756018094
task_aligned,BP,1.1135727021191089,0.0035868107871805687,0.0002884958174564949
task_aligned,BP,1.1325569949820598,0.0035216941180468823,0.00028683942366272794
task_aligned,BP,1.1518649338672433,0.003458357255689154,0.00028516641068075286
task_aligned,BP,1.1715020363226891,0.003396816715471626,0.0002834799593721475
task_aligned,BP,1.1914739139601096,0.003337087566084248,0.0002817833083132541
task_aligned,BP,1.2117862740585037,0.0032791834041335836,0.00028007974667247003
task_aligned,BP,1.2324449211951067,0.0032231163314390605,0.00027837260666248607
task_aligned,BP,1.2534557589041324,0.003168896935145165,0.00027666525558242436
task_aligned,BP,1.2748247913638062,0.003116534270752799,0.0002749610874690087
task_aligned,BP,1.296558125112151,0.0030660358481651223,0.0002732635143803862
task_aligned,BP,1.3186619707920322,0.0030174076208344986,0.0002715759573409593
task_aligned,BP,1.3411426449259387,0.0029706539780878422,0.0002699018369805867
task_aligned,BP,1.364006571721033,0.00292577774069766,0.00026824456390666794
task_aligned,BP,1.3872602849049733,0.0028827801597554976,0.0002666075288529307
task_aligned,BP,1.4109104295930222,0.0028416609188934377,0.00026499409265407463
task_aligned,BP,1.4349637641869968,0.002802418139887437,0.00026340757610071624
task_aligned,BP,1.4594271623065878,0.0027650483916642995,0.0002618512497342152
task_aligned,BP,1.484307614753609,0.002729546702721355,0.0002603283236458298
task_aligned,BP,1.5096122315097211,0.002695906576955071,0.00025884193734910035
task_aligned,BP,1.5353482437682255,0.0026641200128814254,0.00025739514979827296
task_aligned,BP,1.5615230060004965,0.0026341775262174716,0.0002559909296287904
task_aligned,BP,1.5881439980576275,0.002606068175779833,0.0002546321456982517
task_aligned,BP,1.6152188273079233,0.0025797795926420517,0.00025332155800763254
task_aligned,BP,1.6427552308108229,0.0025552980124790717,0.0002520618090828219
task_aligned,BP,1.6707610775278907,0.0025326083110133175,0.0002508554158955659
task_aligned,BP,1.6992443705714897,0.002511694042463475,0.0002497047624006046
task_aligned,BP,1.7282132494918006,0.0024925374808836454,0.000248612092762075
task_aligned,BP,1.7576759926028247,0.0024751196642678014,0.0002475795053371231
task_aligned,BP,1.78764101934805,0.0024594204412818213,0.0002466089474780903
task_aligned,BP,1.8181168927064288,0.0024454185204735575,0.0002457022112067074
task_aligned,BP,1.8491123216393888,0.002433091521799942,0.00024486092980450467
task_aligned,BP,1.880636163579563,0.002422416030299512,0.0002440865753532871
task_aligned,BP,1.9126974269619283,0.0024133676517288875,0.00024338045724822937
task_aligned,BP,1.9453052737981165,0.0024059210699726467,0.00024274372169410754
task_aligned,BP,1.9784690222945986,0.0024000501060280543,0.00024217735218269964
task_aligned,BP,2.012198149515519,0.002395727778358935,0.000241682170936719
task_aligned,BP,2.046502294090901,0.002392926364407054,0.00024125884129309953
task_aligned,BP,2.0813912589710486,0.0023916174630444305,0.00024090787098632937
task_aligned,BP,2.1168750142278885,0.002391772057746321,0.0002406296162811365
task_aligned,BP,2.152963699904084,0.002393360580262148,0.00024042428689343518
task_aligned,BP,2.1896676289106987,0.0023963529745603417,0.00024029195162929534
task_aligned,BP,2.2269972899742814,0.0024007187608231424,0.0002402325446640081
task_aligned,BP,2.26496335063419,0.002406427099268666,0.00024024587237725484
task_aligned,BP,2.303576660290997,0.0024134468535801272,0.00024033162065604293
task_aligned,BP,2.3428482533068857,0.00242174665372595,0.00024048936257451572
task_aligned,BP,2.3827893521588885,0.0024312949579595932,0.00024071856635896137
task_aligned,BP,2.4234113706458946,0.00244206011379419,0.00024101860354729113
task_aligned,BP,2.464725917150312,0.0024540104177545965,0.00024138875725481388
task_aligned,BP,2.50674479795535,0.0024671141737180107,0.0002418282304621648
task_aligned,BP,2.5494800206188595,0.0024813397496639736,0.00024233615424654978
task_aligned,BP,2.592943797404667,0.002496655632665121,0.00024291159588385778
task_aligned,BP,2.6371485487724318,0.002513030481961655,0.00024355356675641342
task_aligned,BP,2.6821069069269825,0.0025304331799746805,0.00024426103000897584
task_aligned,BP,2.7278317194281803,0.0025488328811266803,0.00024503290790380016
task_aligned,BP,2.7743360528622945,0.002568199058350881,0.00024586808883392605
task_aligned,BP,2.8216331965759975,0.0025885015471854666,0.00024676543396215064
task_aligned,BP,2.8697366664739996,0.0026097105873629277,0.00024772378346117445
task_aligned,BP,2.9186602088814415,0.00263179686181965,0.00024874196233803307
task_aligned,BP,2.96841780447211,0.0026547315330655566,0.0002498187858329922
task_aligned,BP,3.0190236722636397,0.002678486276868601,0.0002509530643895023
task_aligned,BP,3.070492273680835,0.0027030333132235093,0.00025214360819748356
task_aligned,BP,3.1228383166882305,0.0027283454345887466,0.0002533892313171197
task_aligned,BP,3.176076759993135,0.0027543960313898544,0.00025468875539444576
task_aligned,BP,3.2302228173203136,0.0027811591148009848,0.0002560410129833233
task_aligned,BP,3.2852919617595595,0.002808609336829681,0.0002574448504909464
task_aligned,BP,3.3412999301873585,0.002836722007742422,0.0002588991307658424
task_aligned,BP,3.3982627277639583,0.002865473110880317,0.0002604027353484843
task_aligned,BP,3.456196632507091,0.002894839314925286,0.000261954566405196
task_aligned,BP,3.5151181999436867,0.0029247979836872313,0.00026355354836606916
task_aligned,BP,3.575044267840856,0.0029553271834918534,0.00026519862928720505
task_aligned,BP,3.6359919610175564,0.0029864056882570704,0.00026688878195683485
task_aligned,BP,3.6979786962382923,0.003018012982353211,0.00026862300476384216
task_aligned,BP,3.7610221871902074,0.0030501292613483353,0.0002704003223459527
task_aligned,BP,3.8251404495450636,0.003082735430745308,0.0002722197860335132
task_aligned,BP,3.8903518061074984,0.003115813102821365,0.000274080474103335
task_aligned,BP,3.9566748920510686,0.003149344591684103,0.0002759814918556486
task_aligned,BP,4.024128660243522,0.0031833129066599726,0.0002779219715258467
task_aligned,BP,4.092732386662896,0.003217701744132693,0.0002799010720413867
task_aligned,BP,4.16250567590592,0.0032524954779491926,0.00028191797863306984
task_aligned,BP,4.233468466790359,0.0032876791485103364,0.0002839719023089013
task_aligned,BP,4.305641038052818,0.003323238450662265,0.0002860620791978971
task_aligned,BP,4.379044014143725,0.003359159720502265,0.000288187769770553
task_aligned,BP,4.453698371121101,0.0033954299212103816,0.0002903482579422104
task_aligned,BP,4.5296254426447815,0.0034320366280147464,0.00029254285006530056
task_aligned,BP,4.606846926072856,0.003468968012394854,0.0002947708738163012
task_aligned,BP,4.685384888662027,0.00350621282562297,0.00029703167698336017
task_aligned,BP,4.76526177387369,0.0035437603817392175,0.00029932462616070793
task_aligned,BP,4.846500407787484,0.0035816005400512475,0.0003016491053563582
task_aligned,BP,4.929124005624213,0.0036197236872444563,0.00030400451452004443
task_aligned,BP,5.013156178379978,0.0036581207191836475,0.0003063902679989045
task_aligned,BP,5.0986209395733635,0.003696783022481883,0.00030880579292900847
task_aligned,BP,5.185542712107698,0.0037357024559073054,0.0003112505275715165
task_aligned,BP,5.27394633525027,0.0037748713316935823,0.00031372391960289586
task_aligned,BP,5.363857071730567,0.0038142823968147855,0.00031622542436930375
task_aligned,BP,5.455300614959465,0.003853928814280728,0.00031875450311586774
task_aligned,BP,5.548303096371546,0.0038938041445043072,0.00032131062120219114
task_aligned,BP,5.642891092892556,0.003933902326788002,0.00032389324631590654
task_aligned,BP,5.739091634534208,0.003974217660972676,0.00032650184669654955
task_aligned,BP,5.836932212118393,0.004014744789287939,0.0003291358893823321
task_aligned,BP,5.936440785133139,0.004055478678439866,0.000331794838492631
task_aligned,BP,6.03764578972249,0.004096414601968549,0.00033447815355908166
task_aligned,BP,6.140576146812549,0.004137548122904944,0.0003371852879181475
task_aligned,BP,6.24526127037611,0.0041788750767537365,0.0003399156871778566
task_aligned,BP,6.351731075838154,0.004220391554826535,0.0003426687877711183
task_aligned,BP,6.460015988624681,0.004262093887947264,0.0003454440156075725
task_aligned,BP,6.570146952857214,0.004303978630549698,0.00034824078483539246
task_aligned,BP,6.682155440195594,0.004346042545185185,0.0003510584967237619
task_aligned,BP,6.796073458831493,0.004388282587456837,0.0003538965386759679
task_aligned,BP,6.911933562635288,0.004430695891394981,0.0003567542833821346
task_aligned,BP,7.029768860458798,0.00447327975528706,0.0003596310881196416
task_aligned,BP,7.149613025596682,0.004516031627974008,0.0003625262942082023
task_aligned,BP,7.271500305409138,0.0045589490956236,0.00036543922662541674
task_aligned,BP,7.395465531108579,0.004602029868990146,0.00036836919378745105
task_aligned,BP,7.521544127713236,0.0046452717711686405,0.0003713154874982402
task_aligned,BP,7.6497721241703935,0.004688672725850146,0.0003742773830693674
task_aligned,BP,7.7801861636522665,0.0047322307460840795,0.00037725413961151277
task_aligned,BP,7.912823514027315,0.004775943923551666,0.000380245000497098
task_aligned,BP,8.04772207851015,0.004819810418353566,0.0003832491939925184
task_aligned,BP,8.184920406492996,0.004863828449313401,0.0003862659340571475
task_aligned,BP,8.324457704561745,0.004907996284797349,0.0003892944213051209
task_aligned,BP,8.466373847699883,0.004952312234048712,0.0003923338441247969
task_aligned,BP,8.61070939068338,0.0049967746390348,0.0003953833799497454
task_aligned,BP,8.7575055796699,0.005041381866801945,0.0003984421966741014
task_aligned,BP,8.906804363985472,0.005086132302332963,0.0004015094542042473
task_aligned,BP,9.058648408112223,0.005131024341899834,0.00040458430613791774
task_aligned,BP,9.213081103880398,0.005176056386902722,0.0004076659015610919
task_aligned,BP,9.370146582868305,0.005221226838185003,0.00041075338695237447
task_aligned,BP,9.529889729013544,0.005266534090812321,0.0004138459081839621
task_aligned,BP,9.692356191439336,0.005311976529302304,0.00041694261260784315
task_aligned,BP,9.857592397499504,0.005357552523289991,0.00042004265121541344
task_aligned,BP,10.025645566045766,0.005403260423612721,0.0004231451808584173
task_aligned,BP,10.196563720921308,0.005449098558796925,0.00042624936651884285
task_aligned,BP,10.370395704684338,0.005495065231927981,0.000429354383615244
task_aligned,BP,10.547191192565622,0.005541158717883307,0.00043245942033287116
task_aligned,BP,10.727000706663942,0.005587377260907722,0.0004355636799649393
task_aligned,BP,10.909875630383668,0.0056337190725095874,0.00043866638325246936
task_aligned,BP,11.09586822311825,0.005680182329655032,0.0004417667707101244
task_aligned,BP,11.285031635184245,0.005726765173237642,0.00044486410492576204
task_aligned,BP,11.47741992300984,0.005773465706800163,0.0004479576728215109
task_aligned,BP,11.673088064582329,0.005820281995484702,0.0004510467878645225
task_aligned,BP,11.872091975158934,0.005867212065187986,0.0004541307922158132
task_aligned,BP,12.07448852324546,0.005914253901898205,0.0004572090588059928
task_aligned,BP,12.280335546847452,0.005961405451190382,0.0004602809933270344
task_aligned,BP,12.489691869998175,0.006008664617857576,0.00046334603612970226
task_aligned,BP,12.702617319568612,0.006056029265655993,0.0004664036640166798
task_aligned,BP,12.919172742363902,0.00610349721714277,0.0004694533919219874
task_aligned,BP,13.139420022511283,0.0061510662535860135,0.00047249477446772916
task_aligned,BP,13.363422099144453,0.006198734114928007,0.0004755274073898669
task_aligned,BP,13.59124298438939,0.0062464984997833576,0.00047855092882518734
task_aligned,BP,13.822947781656945,0.0062943570654553915,0.00048156502045235177
task_aligned,BP,14.058602704246992,0.006342307427955185,0.0004845694084804561
task_aligned,BP,14.298275094270045,0.006390347162009408,0.00048756386447926583
task_aligned,BP,14.542033441891286,0.006438473801044316,0.0004905482060459262
task_aligned,BP,14.789947404902728,0.006486684837134947,0.0004935222973036613
task_aligned,BP,15.042087828629008,0.00653497772091007,0.0004964860492287273
task_aligned,BP,15.298526766172571,0.006583349861405045,0.0004994394198025772
task_aligned,BP,15.559337499003943,0.006631798625856121,0.0005023824139870021
task_aligned,BP,15.824594557903191,0.0066803213394315535,0.0005053150835207651
task_aligned,BP,16.094373744258082,0.006728915284895913,0.000508237526537015
task_aligned,BP,16.368752151725655,0.006777577702205879,0.0005111498870016006
task_aligned,BP,16.647808188262907,0.006826305788036717,0.0005140523539731487
task_aligned,BP,16.931621598533113,0.0068750966952401266,0.0005169451606866353
task_aligned,BP,17.220273486694122,0.006923947532235283,0.0005198285834629424
task_aligned,BP,17.513846339575103,0.0069728553623356945,0.0005227029404476726
task_aligned,BP,17.81242405024861,0.007021817203015887,0.0005255685901833519
task_aligned,BP,18.116091942004132,0.007070830025122149,0.0005284259300198451
task_aligned,BP,18.424936792730715,0.0071198907520328165,0.0005312753943686245
task_aligned,BP,18.739046859715067,0.007168996258773706,0.0005341174528072514
task_aligned,BP,19.058511904862485,0.00721814337109494,0.0005369526080411157
task_aligned,BP,19.38342322034772,0.007267328864515687,0.0005397813937302223
task_aligned,BP,19.713873654703125,0.007316549463343429,0.0005426043721893663
task_aligned,BP,20.049957639351746,0.007365801839674573,0.0005454221319707312
task_aligned,BP,20.39177121559234,0.007415082612382965,0.0005482352853384471
task_aligned,BP,20.739412062044874,0.007464388346102973,0.0005510444656451788
task_aligned,BP,21.092979522563663,0.007513715550213336,0.0005538503246212694
task_aligned,BP,21.452574634626465,0.007563060677827681,0.0005566535295873697
task_aligned,BP,21.818300158207524,0.007612420124797399,0.0005594547606018371
task_aligned,BP,22.190260605142807,0.00766179022873176,0.000562254707554466
task_aligned,BP,22.568562268996093,0.007711167268040067,0.0005650540672183464
task_aligned,BP,22.953313255433766,0.00776054746099962,0.0005678535402717985
task_aligned,BP,23.344623513117888,0.007809926964853123,0.0005706538283024458
task_aligned,BP,23.742604865125728,0.007859301874938423,0.0005734556308055298
task_aligned,BP,24.14737104090496,0.007908668223852723,0.0005762596421884937
task_aligned,BP,24.55903770877365,0.007958021980653294,0.0005790665487938788
task_aligned,BP,24.977722508974306,0.00800735905009566,0.0005818770259522922
task_aligned,BP,25.40354508729137,0.00805667527191028,0.0005846917350771317
task_aligned,BP,25.83662712924211,0.00810596642011791,0.0005875113208124092
task_aligned,BP,26.277092394849852,0.008155228202383673,0.000590336408244735
task_aligned,BP,26.725066754010573,0.008204456259409574,0.0005931676001901678
task_aligned,BP,27.180678222462152,0.008253646164364921,0.0005960054745662265
task_aligned,BP,27.644056998366892,0.008302793422353927,0.0005988505818589162
task_aligned,BP,28.115335499517688,0.00835189346991996,0.000601703442694164
task_aligned,BP,28.594648401178453,0.008400941674585596,0.0006045645455225087
task_aligned,BP,29.08213267456993,0.008449933334428169,0.0006074343444253948
task_aligned,BP,29.577927626011018,0.008498863677690321,0.0006103132570508368
task_aligned,BP,30.08217493672799,0.00854772786242582,0.0006132016626856482
task_aligned,BP,30.595018703342085,0.008596520976180905,0.0006160999004708185
task_aligned,BP,31.116605479047383,0.008645238035712238,0.0006190082677660356
task_aligned,BP,31.64708431549069,0.00869387398674285,0.0006219270186687022
task_aligned,BP,32.18660680536534,0.008742423703758304,0.0006248563626922129
task_aligned,BP,32.73532712573144,0.008790881989845904,0.000627796463607549
task_aligned,BP,33.29340208207403,0.00883924357658048,0.0006307474384516987
task_aligned,BP,33.86099115311297,0.008887503123961176,0.0006337093567057021
task_aligned,BP,34.43825653637644,0.008935655220404456,0.0006366822396445358
task_aligned,BP,35.02536319455143,0.008983694382799268,0.0006396660598603302
task_aligned,BP,35.622478902624444,0.009031615056631328,0.0006426607409598862
task_aligned,BP,36.22977429582575,0.009079411616184193,0.0006456661574366869
task_aligned,BP,36.84742291839143,0.009127078364825658,0.0006486821347170606
task_aligned,BP,37.47560127315589,0.00917460953538873,0.0006517084493794489
task_aligned,BP,38.114488871990645,0.009221999290657255,0.0006547448295451067
task_aligned,BP,38.7642682871026,0.009269241723966955,0.0006577909554379362
task_aligned,BP,39.42512520320694,0.009316330859932989,0.0006608464601104664
task_aligned,BP,40.09724847058942,0.009363260655316107,0.0006639109303324113
task_aligned,BP,40.780830159073375,0.00941002500003942,0.0006669839076375289
task_aligned,BP,41.476065612906595,0.0094566177183685,0.0006700648895239357
task_aligned,BP,42.18315350658434,0.009503032570267463,0.0006731533308023326
task_aligned,BP,42.902295901623226,0.009549263252943928,0.0006762486450860178
task_aligned,BP,43.63369830430383,0.009595303402595654,0.0006793502064159203
task_aligned,BP,44.37756972439723,0.009641146596371487,0.0006824573510132966
task_aligned,BP,45.13412273489293,0.009686786354558812,0.0006855693791521121
task_aligned,BP,45.90357353274481,0.00973221614300947,0.0006886855571426007
task_aligned,BP,46.68614200065286,0.009777429375815385,0.0006918051194169257
task_aligned,BP,47.482051769898405,0.009822419418244282,0.0006949272707073216
task_aligned,BP,48.29153028424977,0.00986717958994526,0.0006980511883066679
task_aligned,BP,49.114808864958235,0.009911703168432758,0.0007011760244009411
task_aligned,BP,49.952122776861714,0.009955983392856449,0.0007043009084626343
task_aligned,BP,50.80371129561534,0.010000013468063175,0.0007074249496938262
task_aligned,BP,51.66981777606826,0.010043786568955878,0.0007105472395073566
task_aligned,BP,52.55068972180602,0.010087295845152739,0.0007136668540342338
task_aligned,BP,53.44657885587909,0.01013053442594838,0.0007167828566453221
task_aligned,BP,54.357741192735965,0.010173495425577096,0.0007198943004751425
task_aligned,BP,55.28443711138383,0.010216171948776522,0.0007230002309357106
task_aligned,BP,56.22693142979583,0.010258557096648276,0.0007260996882082536
task_aligned,BP,57.18549348058701,0.01030064397281015,0.0007291917097008678
task_aligned,BP,58.160397187980315,0.010342425689832674,0.0007322753324603326
task_aligned,BP,59.15192114608467,0.010383895375950978,0.0007353495955266006
task_aligned,BP,60.1603486985081,0.010425046182040898,0.0007384135422188537
task_aligned,BP,61.185968019326936,0.010465871288846327,0.0007414662223424638
task_aligned,BP,62.22907219543656,0.01050636391444323,0.0007445066943067616
task_aligned,BP,63.2899593103055,0.010546517321923606,0.0007475340271440818
task_aligned,BP,64.36893252915749,0.010586324827281123,0.000750547302421313
task_aligned,BP,65.46630018560568,0.010625779807478562,0.0007535456160359087
task_aligned,BP,66.58237586976387,0.01066487570867539,0.00075652807988915
task_aligned,BP,67.71747851785967,0.010703606054592632,0.000759493823430388
task_aligned,BP,68.8719325033761,0.010741964454990673,0.0007624419950669104
task_aligned,BP,70.04606772974564,0.010779944614234517,0.0007653717634351107
task_aligned,BP,71.24021972462585,0.010817540339920014,0.0007682823185296552
task_aligned,BP,72.45472973578153,0.01085474555153369,0.0007711728726884698
task_aligned,BP,73.68994482860175,0.010891554289118064,0.0007740426614324134
task_aligned,BP,74.94621798527915,0.010927960721913888,0.0007768909441596656
task_aligned,BP,76.22390820568008,0.010963959156950302,0.0007797170046959343
task_aligned,BP,77.52338060993503,0.010999544047553938,0.0007825201517027511
task_aligned,BP,78.84500654277662,0.01103471000174785,0.0007852997189471599
task_aligned,BP,80.18916367965778,0.011069451790511472,0.0007880550654372098
task_aligned,BP,81.55623613467833,0.011103764355873286,0.0007907855754286567
task_aligned,BP,82.94661457035157,0.011137642818808361,0.0007934906583092945
task_aligned,BP,84.36069630924241,0.011171082486913909,0.0007961697483682348
task_aligned,BP,85.79888544750824,0.011204078861836721,0.0007988223044582642
task_aligned,BP,87.26159297037651,0.011236627646427803,0.0008014478095602913
task_aligned,BP,88.74923686958925,0.011268724751600448,0.0008040457702594413
task_aligned,BP,90.26224226285147,0.011300366302869857,0.0008066157161430855
task_aligned,BP,91.80104151531502,0.011331548646553466,0.000809157199131467
task_aligned,BP,93.36607436313383,0.01136226835561333,0.0008116697927521045
task_aligned,BP,94.95778803912542,0.011392522235123303,0.0008141530913692932
task_aligned,BP,96.57663740057471,0.011422307327345805,0.0008166067093803313
task_aligned,BP,98.2230850592165,0.011451620916404774,0.0008190302803900242
task_aligned,BP,99.89760151343484,0.011480460532543554,0.0008214234563750785
task_aligned,BP,101.60066528271416,0.011508823955958106,0.0008237859068496845
task_aligned,BP,103.33276304438459,0.011536709220198314,0.0008261173180434303
task_aligned,BP,105.09438977269748,0.01156411461513191,0.000828417392102174
task_aligned,BP,106.88604888027204,0.011591038689467531,0.0008306858463220365
task_aligned,BP,108.70825236195353,0.011617480252835334,0.0008329224124260463
task_aligned,BP,110.56152094112352,0.011643438377425538,0.000835126835892294
task_aligned,BP,112.44638421850583,0.011668912399186845,0.0008372988753415586
task_aligned,BP,114.36338082350686,0.011693901918588623,0.000839438301991621
task_aligned,BP,116.31305856813833,0.011718406800951996,0.0008415448991843956
task_aligned,BP,118.29597460356307,0.011742427176356766,0.0008436184619911091
task_aligned,BP,120.31269557930963,0.011765963439132155,0.0008456587968996295
task_aligned,BP,122.36379780520139,0.01178901624694089,0.0008476657215869978
task_aligned,BP,124.44986741604593,0.0118115865194667,0.0008496390647790605
task_aligned,BP,126.57150053913327,0.011833675436716838,0.0008515786661980104
task_aligned,BP,128.72930346458716,0.011855284436951637,0.000853484376597504
task_aligned,BP,130.92389281862302,0.01187641521425366,0.0008553560578838982
task_aligned,BP,133.15589573975842,0.011897069715749942,0.0008571935833210719
task_aligned,BP,135.4259500580277,0.011917250138500743,0.000858996837815293
task_aligned,BP,137.73470447725208,0.011936958926068619,0.0008607657182755122
task_aligned,BP,140.0828187604166,0.011956198764781803,0.0008625001340436406
task_aligned,BP,142.47096391820904,0.01197497257970571,0.0008642000073884111
task_aligned,BP,144.89982240077,0.011993283530336279,0.0008658652740557286
task_aligned,BP,147.3700882927151,0.01201113500602879,0.000867495883867668
task_aligned,BP,149.88246751148006,0.012028530621175166,0.0008690918013617162
task_aligned,BP,152.437678009048,0.012045474210142779,0.000870653006461399
task_aligned,BP,155.03644997711535,0.012061969821986887,0.0008721794951689817
task_aligned,BP,157.67952605575576,0.012078021714948733,0.0008736712802707588
task_aligned,BP,160.36766154564083,0.012093634350750488,0.0008751283920452012
task_aligned,BP,163.1016246238805,0.01210881238869785,0.0008765508789642835
task_aligned,BP,165.88219656353982,0.012123560679600494,0.0008779388083782979
task_aligned,BP,168.7101719569014,0.012137884259519996,0.000879292267174722
task_aligned,BP,171.5863589425323,0.012151788343354356,0.0008806113624019221
task_aligned,BP,174.51157943622238,0.012165278318267699,0.000881896221848924
task_aligned,BP,177.48666936585968,0.012178359736973277,0.0008831469945729051
task_aligned,BP,180.51247891030974,0.012191038310877613,0.0008843638513667007
task_aligned,BP,183.58987274236887,0.012203319903092988,0.0008855469851591766
task_aligned,BP,186.7197302758561,0.01221521052132549,0.0008866966113420974
task_aligned,BP,189.90294591692083,0.012226716310645524,0.0008878129680178909
task_aligned,BP,193.1404293196332,0.012237843546147419,0.0008888963161634671
task_aligned,BP,196.43310564593202,0.012248598625504911,0.0008899469397061924
task_aligned,BP,199.7819158300045,0.012258988061429225,0.0008909651455089288
task_aligned,BP,203.18781684717248,0.012269018474036456,0.0008919512632619977
task_aligned,BP,206.651781987365,0.012278696583131403,0.0008929056452808106
task_aligned,BP,210.1748011332487,0.01228802920041501,0.0008938286662087799
task_aligned,BP,213.75788104310405,0.012297023221622976,0.0008947207226260581
task_aligned,BP,217.402045638522,0.01230568561860357,0.0008955822325654316
task_aligned,BP,221.10833629700576,0.012314023431343035,0.0008964136349375814
task_aligned,BP,224.87781214956078,0.012322043759947426,0.0008972153888686502
task_aligned,BP,228.71155038335777,0.012329753756590463,0.0008979879729537623
task_aligned,BP,232.61064654955769,0.012337160617437282,0.0008987318844308602
task_aligned,BP,236.57621487637996,0.012344271574554842,0.0008994476382797588
task_aligned,BP,240.60938858751274,0.012351093887820035,0.0009001357662518749
task_aligned,BP,244.71132022594884,0.01235763483683759,0.0009007968158365614
task_aligned,BP,248.88318198334326,0.012363901712879991,0.0009014313491703227
task_aligned,BP,253.12616603498518,0.012369901810862536,0.0009020399418955401
task_aligned,BP,257.4414848804811,0.012375642421367235,0.0009026231819755588
task_aligned,BP,261.830371690245,0.01238113082272949,0.0009031816684731183
task_aligned,BP,266.29408065789846,0.012386374273202333,0.0009037160102992823
task_aligned,BP,270.83388735867317,0.012391380003213198,0.0009042268249399668
task_aligned,BP,275.45108911392856,0.012396155207728564,0.0009047147371671577
task_aligned,BP,280.14700536188144,0.01240070703874227,0.0009051803777418343
task_aligned,BP,284.92297803465635,0.012405042597903338,0.0009056243821154137
task_aligned,BP,289.78037194176363,0.012409168929299299,0.0009060473891363366
task_aligned,BP,294.7205751601149,0.012413093012411124,0.0009064500397682002
task_aligned,BP,299.74499943069014,0.012416821755255759,0.0009068329758254644
task_aligned,BP,304.8550805619614,0.012420361987731984,0.0009071968387325088
task_aligned,BP,310.0522788402002,0.01242372045518531,0.0009075422683114311
task_aligned,BP,315.3380794467765,0.012426903812207013,0.0009078699016035497
task_aligned,BP,320.7139928825731,0.012429918616681905,0.0009081803717292397
task_aligned,BP,326.18155539963476,0.012432771324099237,0.0009084743067902765
task_aligned,BP,331.7423294401758,0.012435468282139846,0.0009087523288184331
task_aligned,BP,337.3979040830756,0.01243801572555242,0.0009090150527736422
task_aligned,BP,343.1498954979785,0.01244041977133048,0.0009092630855946441
task_aligned,BP,348.9999474071427,0.012442686414200882,0.0009094970253045466
task_aligned,BP,354.9497315551591,0.012444821522433527,0.0009097174601733667
task_aligned,BP,361.00094818667867,0.01244683083398086,0.0009099249679391561
task_aligned,BP,367.1553265322842,0.012448719952954292,0.0009101201150889549
task_aligned,BP,373.4146253026444,0.012450494346443687,0.0009103034562003827
task_aligned,BP,379.7806331910963,0.012452159341684612,0.0009104755333443693
task_aligned,BP,386.2551693847879,0.01245372012357642,0.0009106368755490898
task_aligned,BP,392.84008408454287,0.012455181732553198,0.0009107879983249077
task_aligned,BP,399.53725903358355,0.012456549062807933,0.0009109294032497692
task_aligned,BP,406.3486080552691,0.012457826860868729,0.0009110615776141864
task_aligned,BP,413.27607760000024,0.012459019724524758,0.0009111849941247173
task_aligned,BP,420.32164730144876,0.012460132102097798,0.0009113001106645219
task_aligned,BP,427.4873305422675,0.012461168292054214,0.0009114073701094245
task_aligned,BP,434.77517502945034,0.012462132442950549,0.0009115072001976092
task_aligned,BP,442.18726337949096,0.012463028553704665,0.0009116000134509452
task_aligned,BP,449.72571371352734,0.01246386047418336,0.0009116862071457552
task_aligned,BP,457.392680262627,0.01246463190609574,0.0009117661633306624
task_aligned,BP,465.19035398339275,0.012465346404181005,0.0009118402488890567
task_aligned,BP,473.12096318406304,0.012466007377677989,0.0009119088156436066
task_aligned,BP,481.1867741612851,0.012466618092063028,0.0009119722005001426
task_aligned,BP,489.3900918477489,0.012467181671041837,0.0009120307256281786
task_aligned,BP,497.7332604708523,0.012467701098780455,0.0009120846986753225
task_aligned,BP,506.21866422260484,0.012468179222359672,0.0009121344130127572
task_aligned,BP,514.848727940947,0.012468618754436844,0.0009121801480089843
task_aligned,BP,523.6259178026861,0.012469022276098753,0.0009122221693290733
task_aligned,BP,532.5527420282452,0.012469392239888738,0.0009122607292566241
task_aligned,BP,541.6317515984257,0.012469730972991342,0.000912296067035745
task_aligned,BP,550.8655409833943,0.012470040680557435,0.0009123284092303991
task_aligned,BP,560.2567488840875,0.012470323449153253,0.0009123579700985508
task_aligned,BP,569.8080589862665,0.01247058125031638,0.0009123849519786152
task_aligned,BP,579.522200727421,0.01247081594420241,0.0009124095456858466
task_aligned,BP,589.40195007675,0.012471029283306147,0.0009124319309164018
task_aligned,BP,599.450130328438,0.012471222916241562,0.0009124522766568947
task_aligned,BP,609.6696129084548,0.012471398391565278,0.0009124707415974499
task_aligned,BP,620.0633181951158,0.012471557161628963,0.0009124874745463628
task_aligned,BP,630.6342163536186,0.012471700586446276,0.000912502614844581
task_aligned,BP,641.3853281848199,0.012471829937561105,0.0009125162927784062
task_aligned,BP,652.3197259884747,0.012471946401904029,0.0009125286299889254
task_aligned,BP,663.440534441196,0.012472051085625008,0.0009125397398768103
task_aligned,BP,674.7509314893789,0.012472145017890839,0.0009125497280012969
task_aligned,BP,686.25414925735,0.012472229154636628,0.0009125586924722028
task_aligned,BP,697.9534749709957,0.012472304382261457,0.0009125667243340893
task_aligned,BP,709.8522518971448,0.01247237152125907,0.0009125739079416633
task_aligned,BP,721.9538802989517,0.012472431329775048,0.0009125803213257239
task_aligned,BP,734.26181840758,0.01247248450708303,0.0009125860365490217
task_aligned,BP,746.7795834104456,0.012472531696972967,0.0009125911200515122
task_aligned,BP,759.5107524563091,0.012472573491045346,0.0009125956329845672
task_aligned,BP,772.458963677501,0.012472610431905907,0.0009125996315338025
task_aligned,BP,785.6279172295752,0.01247264301625634,0.0009126031672302693
task_aligned,BP,799.0213763486926,0.01247267169787677,0.0009126062872497953
task_aligned,BP,812.6431684270153,0.01247269689049695,0.0009126090347003627
task_aligned,BP,826.4971861064516,0.012472718970553421,0.000912611448897459
task_aligned,BP,840.587388391037,0.012472738279830682,0.0009126135656273575
task_aligned,BP,854.9178017782832,0.012472755127985015,0.000912615417398394
task_aligned,BP,869.4925214098122,0.012472769794950198,0.0009126170336802889
task_aligned,BP,884.3157122416065,0.012472782533224893,0.0009126184411316399
task_aligned,BP,899.3916102342182,0.012472793570041996,0.0009126196638157227
task_aligned,BP,914.7245235632504,0.012472803109420836,0.0009126207234047921
task_aligned,BP,930.3188338504934,0.01247281133410352,0.0009126216393730806
task_aligned,BP,946.1789974160409,0.01247281840737715,0.0009126224291787203
task_aligned,BP,962.3095465517534,0.012472824474784133,0.0009126231084348674
task_aligned,BP,978.7150908164324,0.012472829665723016,0.0009126236910702701
task_aligned,BP,995.4003183530737,0.012472834094942922,0.0009126241894796101
task_aligned,BP,1012.3699972285774,0.012472837863934588,0.0009126246146639118
task_aligned,BP,1029.6289767963053,0.01247284106222162,0.0009126249763613441
task_aligned,BP,1047.1821890818485,0.012472843768555569,0.0009126252831687743
task_aligned,BP,1065.0346501924394,0.012472846052018859,0.0009126255426544122
task_aligned,BP,1083.1914617503814,0.012472847973039495,0.000912625761461922
task_aligned,BP,1101.657812350918,0.012472849584321884,0.0009126259454063668
task_aligned,BP,1120.4389790449557,0.012472850931697988,0.0009126260995623807
task_aligned,BP,1139.540328847062,0.012472852054903238,0.0009126262283449448
task_aligned,BP,1158.9673202691843,0.012472852988281501,0.0009126263355831586
task_aligned,BP,1178.725504880491,0.012472853761423573,0.0009126264245874158
task_aligned,BP,1198.8205288938298,0.012472854399743508,0.0009126264982103487
task_aligned,BP,1219.2581347792202,0.01247285492499707,0.0009126265589019588
task_aligned,BP,1240.0441629048537,0.012472855355746508,0.0009126266087593026
task_aligned,BP,1261.1845532060715,0.012472855707775787,0.0009126266495711166
task_aligned,BP,1282.6853468827933,0.012472855994460148,0.0009126266828577539
task_aligned,BP,1304.552688125894,0.01247285622709394,0.000912626709906791
task_aligned,BP,1326.7928258729887,0.012472856415180231,0.0009126267318046529
task_aligned,BP,1349.412115594175,0.012472856566685817,0.0009126267494646039
task_aligned,BP,1372.417021108207,0.012472856688264766,0.0009126267636514038
task_aligned,BP,1395.814116429633,0.01247285678545376,0.000912626775002962
task_aligned,BP,1419.610087647423,0.012472856862842014,0.0009126267840492663
task_aligned,BP,1443.811734835622,0.012472856924218498,0.0009126267912288537
task_aligned,BP,1468.4259739965912,0.012472856972699033,0.0009126267969030969
task_aligned,BP,1493.4598390373446,0.01247285701083547,0.0009126268013685311
task_aligned,BP,1518.9204837796128,0.012472857040709136,0.0009126268048674449
task_aligned,BP,1544.815184004156,0.01247285706401046,0.0009126268075969415
task_aligned,BP,1571.1513395299344,0.012472857082106516,0.0009126268097166549
task_aligned,BP,1597.936476328722,0.012472857096098052,0.000912626811355289
task_aligned,BP,1625.1782486757718,0.01247285710686746,0.0009126268126161336
task_aligned,BP,1652.884441337144,0.012472857115118873,0.0009126268135816937
task_aligned,BP,1681.0629717943361,0.012472857121411638,0.0009126268143175588
task_aligned,BP,1709.7218925068112,0.012472857126187984,0.0009126268148756204
task_aligned,BP,1738.8693932131264,0.012472857129795897,0.0009126268152967257
task_aligned,BP,1768.513803271277,0.012472857132507871,0.0009126268156128701
task_aligned,BP,1798.6635940389426,0.01247285713453625,0.000912626815848989
task_aligned,BP,1829.32738129431,0.012472857136045661,0.0009126268160244093
task_aligned,BP,1860.5139276981654,0.012472857137163104,0.0009126268161540362
task_aligned,BP,1892.2321452979763,0.012472857137986033,0.0009126268162493014
task_aligned,BP,1924.491098074628,0.012472857138588847,0.0009126268163189254
task_aligned,BP,1957.3000045326144,0.012472857139028026,0.0009126268163695212
task_aligned,BP,1990.6682403343664,0.012472857139346236,0.0009126268164060782
task_aligned,BP,2024.6053409794958,0.012472857139575503,0.0009126268164323365
task_aligned,BP,2059.1210045297153,0.012472857139739743,0.0009126268164510852
task_aligned,BP,2094.225094380206,0.012472857139856727,0.0009126268164643903
task_aligned,BP,2129.9276420782594,0.012472857139939557,0.0009126268164737744
task_aligned,BP,2166.238850189919,0.012472857139997852,0.0009126268164803511
task_aligned,BP,2203.1690952155477,0.012472857140038634,0.0009126268164849305
task_aligned,BP,2240.7289305550667,0.01247285714006699,0.0009126268164880989
task_aligned,BP,2278.9290895237596,0.012472857140086578,0.0009126268164902755
task_aligned,BP,2317.7804884194848,0.012472857140100026,0.0009126268164917613
task_aligned,BP,2357.2942296421747,0.012472857140109194,0.0009126268164927687
task_aligned,BP,2397.4816048665425,0.012472857140115408,0.0009126268164934466
task_aligned,BP,2438.3540982688264,0.012472857140119586,0.0009126268164938997
task_aligned,BP,2479.923389808593,0.012472857140122386,0.0009126268164941999
task_aligned,BP,2522.2013585664654,0.012472857140124242,0.0009126268164943981
task_aligned,BP,2565.200086138758,0.01247285714012546,0.0009126268164945269
task_aligned,BP,2608.9318600899833,0.012472857140126263,0.0009126268164946108
task_aligned,BP,2653.409177464217,0.012472857140126786,0.0009126268164946643
task_aligned,BP,2698.6447483563197,0.012472857140127119,0.0009126268164946987
task_aligned,BP,2744.6514995440693,0.012472857140127334,0.0009126268164947206
task_aligned,BP,2791.4425781821587,0.012472857140127469,0.0009126268164947342
task_aligned,BP,2839.0313555592247,0.012472857140127556,0.0009126268164947427
task_aligned,BP,2887.431430918898,0.01247285714012761,0.0009126268164947479
task_aligned,BP,2936.6566353460034,0.012472857140127639,0.0009126268164947509
task_aligned,BP,2986.7210357190083,0.01247285714012766,0.000912626816494753
task_aligned,BP,3037.6389387298505,0.012472857140127674,0.0009126268164947541
task_aligned,BP,3089.424894972325,0.012472857140127682,0.0009126268164947549
task_aligned,BP,3142.0937031001095,0.012472857140127686,0.0009126268164947553
task_aligned,BP,3195.6604140557356,0.012472857140127691,0.0009126268164947555
task_aligned,BP,3250.1403353716296,0.012472857140127691,0.0009126268164947557
task_aligned,BP,3305.54903554448,0.012472857140127695,0.0009126268164947559
task_aligned,BP,3361.9023484841796,0.012472857140127695,0.0009126268164947559
task_aligned,BP,3419.2163780386104,0.012472857140127695,0.0009126268164947559
task_aligned,BP,3477.507502595599,0.012472857140127695,0.0009126268164947559
task_aligned,BP,3536.7923797632566,0.012472857140127695,0.0009126268164947559
task_aligned,BP,3597.087951130182,0.012472857140127695,0.0009126268164947559
task_aligned,BP,3658.411447106781,0.012472857140127695,0.0009126268164947559
task_aligned,BP,3720.7803918491268,0.012472857140127695,0.0009126268164947559
task_aligned,BP,3784.2126082667646,0.012472857140127695,0.0009126268164947559
task_aligned,BP,3848.7262231158825,0.012472857140127695,0.0009126268164947559
task_aligned,BP,3914.3396721793456,0.012472857140127695,0.0009126268164947559
task_aligned,BP,3981.0717055349733,0.012472857140127695,0.0009126268164947559
task_aligned,DFA,0.0,0.02,7.951493745174844e-18
task_aligned,DFA,0.001,0.01996176535515128,1.4769543053495046e-06
task_aligned,DFA,0.0010170480946837376,0.019961114224306655,1.5020864495856664e-06
task_aligned,DFA,0.0010343868268998197,0.019960452016871858,1.5276454306458146e-06
task_aligned,DFA,0.0010520211514644187,0.01995977854483476,1.553638469722241e-06
task_aligned,DFA,0.0010699561076638788,0.01995909361700627,1.5800729092113972e-06
task_aligned,DFA,0.0010881968206947759,0.019958397038967075,1.6069562147089456e-06
task_aligned,DFA,0.0011067485031285215,0.0199576886130136,1.6342959770488519e-06
task_aligned,DFA,0.0011256164564009414,0.019956968138103038,1.662099914363259e-06
task_aligned,DFA,0.0011448060723272377,0.01995623540979752,1.6903758741845315e-06
task_aligned,DFA,0.0011643228346427902,0.019955490220207317,1.719131835573605e-06
task_aligned,DFA,0.001184172320570217,0.01995473235793317,1.7483759112886193e-06
task_aligned,DFA,0.0012043602024131594,0.019953961608007584,1.7781163499793828e-06
task_aligned,DFA,0.0012248922491772242,0.019953177751835305,1.8083615384250805e-06
task_aligned,DFA,0.0012457743282185726,0.019952380567132694,1.8391200038039085e-06
task_aligned,DFA,0.0012670124069206123,0.019951569827866136,1.8704004159952394e-06
task_aligned,DFA,0.0012886125543992652,0.019950745304189534,1.9022115899225053e-06
task_aligned,DFA,0.0013105809432373168,0.01994990676238064,1.9345624879344434e-06
task_aligned,DFA,0.0013329238512483272,0.019949053964776493,1.967462222214574e-06
task_aligned,DFA,0.001355647663270621,0.019948186669707706,2.0009200572412265e-06
task_aligned,DFA,0.001378758872991846,0.01994730463143169,2.034945412272677e-06
task_aligned,DFA,0.0014022640848046527,0.019946407600064865,2.069547863883112e-06
task_aligned,DFA,0.0014261700156940071,0.019945495321513712,2.104737148529766e-06
task_aligned,DFA,0.0014504834971566661,0.019944567537404687,2.1405231651656934e-06
task_aligned,DFA,0.0014752114771533916,0.0199436239850131,2.1769159778865294e-06
task_aligned,DFA,0.0015003610220944376,0.019942664397190675,2.213925818625358e-06
task_aligned,DFA,0.0015259393188588929,0.019941688502292113,2.251563089885535e-06
task_aligned,DFA,0.0015519536768484371,0.01994069602410036,2.2898383675160976e-06
task_aligned,DFA,0.0015784115300761239,0.019939686681750703,2.3287624035298963e-06
task_aligned,DFA,0.0016053204392907632,0.019938660189653644,2.3683461289666165e-06
task_aligned,DFA,0.0016326880941375313,0.019937616257416496,2.408600656795684e-06
task_aligned,DFA,0.001660522315355399,0.0199365545897638,2.4495372848713218e-06
task_aligned,DFA,0.0016888310570120353,0.019935474886456337,2.4911674989254686e-06
task_aligned,DFA,0.001717622408776813,0.019934376842208952,2.53350297560672e-06
task_aligned,DFA,0.0017469045982325495,0.01993326014660702,2.576555585573662e-06
task_aligned,DFA,0.0017766859932266746,0.01993212448402153,2.620337396621957e-06
task_aligned,DFA,0.0018069751042624714,0.019930969533522892,2.6648606768761626e-06
task_aligned,DFA,0.0018377805869310945,0.0199297949687933,2.710137898009944e-06
task_aligned,DFA,0.0018691112443850306,0.01992860045803769,2.756181738530833e-06
task_aligned,DFA,0.001900976029853745,0.019927385663893366,2.8030050871091974e-06
task_aligned,DFA,0.0019333840492022055,0.019926150243338055,2.850621045952523e-06
task_aligned,DFA,0.0019663445635330324,0.019924893847596603,2.899042934237814e-06
task_aligned,DFA,0.0019998669918329963,0.019923616122046163,2.9482842915925445e-06
task_aligned,DFA,0.0020339609136646444,0.01992231670611981,2.998358881622705e-06
task_aligned,DFA,0.0020686360719038206,0.019920995233208758,3.0492806955017617e-06
task_aligned,DFA,0.002103902375523832,0.01991965133056287,3.101063955607129e-06
task_aligned,DFA,0.002139769902427103,0.019918284619189746,3.1537231192115284e-06
task_aligned,DFA,0.0021762489023250896,0.019916894713752138,3.2072728822286217e-06
task_aligned,DFA,0.002213349799667308,0.019915481222463713,3.2617281830157306e-06
task_aligned,DFA,0.0022510831966202675,0.019914043746983273,3.3171042062297863e-06
task_aligned,DFA,0.0022894598760972184,0.019912581882307233,3.3734163867416774e-06
task_aligned,DFA,0.0023284908048395417,0.01991109521666045,3.4306804136058065e-06
task_aligned,DFA,0.0023681871365506583,0.019909583331385313,3.4889122340854896e-06
task_aligned,DFA,0.0024085602150833835,0.01990804580082912,3.5481280577463864e-06
task_aligned,DFA,0.0024496215776816056,0.0199064821922297,3.6083443605928212e-06
task_aligned,DFA,0.0024913829582772482,0.01990489206559922,3.6695778892785736e-06
task_aligned,DFA,0.002533856290843409,0.019903274973606198,3.73184566537127e-06
task_aligned,DFA,0.0025770537128046917,0.019901630461455717,3.7951649896764143e-06
task_aligned,DFA,0.002620987568505661,0.019899958066767715,3.859553446624488e-06
task_aligned,DFA,0.0026656704127384443,0.019898257319453418,3.925028908722517e-06
task_aligned,DFA,0.002711115014330447,0.01989652774158992,3.9916095410661616e-06
task_aligned,DFA,0.0027573343597932553,0.019894768847292695,4.059313805913791e-06
task_aligned,DFA,0.0028043416570337305,0.019892980142586277,4.12816046732597e-06
task_aligned,DFA,0.002852150339128391,0.01989116112527292,4.198168595872908e-06
task_aligned,DFA,0.0029007740681621062,0.01988931128479914,4.269357573400406e-06
task_aligned,DFA,0.0029502267391322613,0.01988743010212037,4.341747097868773e-06
task_aligned,DFA,0.0030005224839194824,0.019885517049563435,4.41535718825166e-06
task_aligned,DFA,0.0030516756753260254,0.019883571590686967,4.490208189506463e-06
task_aligned,DFA,0.003103700931183042,0.01988159318013972,4.566320777612092e-06
task_aligned,DFA,0.003156613118527852,0.019879581263516688,4.643715964673201e-06
task_aligned,DFA,0.0032104273578524426,0.019877535277213053,4.722415104091386e-06
task_aligned,DFA,0.003265159027424373,0.01987545464827597,4.802439895813548e-06
task_aligned,DFA,0.0033208237676813604,0.019873338794254052,4.883812391640142e-06
task_aligned,DFA,0.0033774374857007982,0.019871187123044635,4.966555000612178e-06
task_aligned,DFA,0.00343501635974543,0.019868999032738748,5.050690494462829e-06
task_aligned,DFA,0.003493576843886558,0.019866773911463746,5.136242013146149e-06
task_aligned,DFA,0.003553135672706045,0.019864511137223588,5.223233070433777e-06
task_aligned,DFA,0.0036137098660785033,0.019862210077736787,5.311687559586421e-06
task_aligned,DFA,0.0036753167340349666,0.019859870090271847,5.401629759095376e-06
task_aligned,DFA,0.0037379738817095156,0.01985749052148043,5.4930843385015686e-06
task_aligned,DFA,0.0038016992143702377,0.019855070707227872,5.586076364287531e-06
task_aligned,DFA,0.0038665109425359123,0.019852609972421366,5.6806313058383405e-06
task_aligned,DFA,0.003932427587179972,0.019850107630835466,5.77677504148471e-06
task_aligned,DFA,0.003999467985023157,0.019847562984935216,5.874533864618511e-06
task_aligned,DFA,0.004067651293916405,0.019844975325696533,5.97393448987843e-06
task_aligned,DFA,0.00413699699831552,0.019842343932424088,6.07500405942223e-06
task_aligned,DFA,0.004207524914849136,0.019839668072566465,6.177770149263592e-06
task_aligned,DFA,0.004279255197981669,0.019836947001528746,6.282260775691555e-06
task_aligned,DFA,0.0043522083457727375,0.019834179962482285,6.388504401767682e-06
task_aligned,DFA,0.004426405205734824,0.01983136618617184,6.496529943893768e-06
task_aligned,DFA,0.0045018669807907795,0.019828504890719925,6.606366778462925e-06
task_aligned,DFA,0.004578615235332888,0.019825595281428313,6.718044748584592e-06
task_aligned,DFA,0.004656671901385246,0.019822636550576842,6.831594170885299e-06
task_aligned,DFA,0.004736059284871162,0.01981962787721925,6.947045842390519e-06
task_aligned,DFA,0.0048168000719874355,0.019816568426976232,7.064431047481638e-06
task_aligned,DFA,0.004898917335687311,0.019813457351825502,7.18378156492842e-06
task_aligned,DFA,0.004982434542273912,0.019810293789889057,7.3051296750039666e-06
task_aligned,DFA,0.005067375558106122,0.019807076865217304,7.4285081666677985e-06
task_aligned,DFA,0.005153764656418767,0.01980380568757035,7.553950344839379e-06
task_aligned,DFA,0.0052416265242590954,0.019800479352196206,7.681490037731691e-06
task_aligned,DFA,0.0053309862695414545,0.019797096939605956,7.811161604278e-06
task_aligned,DFA,0.005421869428222296,0.019793657515345852,7.942999941622594e-06
task_aligned,DFA,0.005514301971597493,0.01979016012976632,8.07704049269355e-06
task_aligned,DFA,0.005608310313724007,0.019786603817787837,8.21331925384737e-06
task_aligned,DFA,0.0057039213189681555,0.019782987598663666,8.351872782594486e-06
task_aligned,DFA,0.005801162309682508,0.019779310475739373,8.492738205390287e-06
task_aligned,DFA,0.005900061074013706,0.019775571436209206,8.635953225508981e-06
task_aligned,DFA,0.006000645873843326,0.019771769450869232,8.781556130984284e-06
task_aligned,DFA,0.0061029454528641796,0.01976790347386715,8.929585802626178e-06
task_aligned,DFA,0.006206989044794294,0.01976397244244892,9.080081722108386e-06
task_aligned,DFA,0.006312806381730868,0.019759975276702084,9.233083980123753e-06
task_aligned,DFA,0.006420427702646719,0.0197559108792957,9.388633284613965e-06
task_aligned,DFA,0.006529883762031532,0.01975177813521701,9.546770969064924e-06
task_aligned,DFA,0.006641205838680439,0.019747575911504674,9.70753900087019e-06
task_aligned,DFA,0.006754425744632454,0.01974330305697876,9.870979989758738e-06
task_aligned,DFA,0.006869575834261216,0.019738958401967117,1.003713719629464e-05
task_aligned,DFA,0.006986689013520816,0.019734540758028534,1.0206054540427945e-05
task_aligned,DFA,0.007105798749349149,0.019730048917672348,1.0377776610119716e-05
task_aligned,DFA,0.007226939079231637,0.019725481654074638,1.055234867001994e-05
task_aligned,DFA,0.007350144620927981,0.019720837720790946,1.072981667020532e-05
task_aligned,DFA,0.007475450582364718,0.019716115851465515,1.0910227254973886e-05
task_aligned,DFA,0.007602892771696472,0.019711314759537024,1.1093627771694031e-05
task_aligned,DFA,0.007732507607538658,0.019706433137940856,1.1280066279707116e-05
task_aligned,DFA,0.00786433212937469,0.01970146965880781,1.1469591559274169e-05
task_aligned,DFA,0.00799840400814063,0.01969642297315929,1.1662253120579446e-05
task_aligned,DFA,0.008134761556990196,0.01969129171059903,1.185810121277221e-05
task_aligned,DFA,0.008273443742243394,0.019686074479001163,1.2057186833049606e-05
task_aligned,DFA,0.008414490194521727,0.019680769864194876,1.2259561735786405e-05
task_aligned,DFA,0.008557941220073315,0.01967537642964545,1.2465278441691441e-05
task_aligned,DFA,0.008703837812290985,0.019669892716131794,1.2674390247008143e-05
task_aligned,DFA,0.008852221663426809,0.01966431724142036,1.2886951232729881e-05
task_aligned,DFA,0.009003135176506341,0.019658648499935684,1.3103016273859825e-05
task_aligned,DFA,0.00915662147744591,0.019652884962427224,1.3322641048675034e-05
task_aligned,DFA,0.009312724427376552,0.019647025075632776,1.3545882048023357e-05
task_aligned,DFA,0.009471488635178014,0.019641067261938372,1.3772796584627343e-05
task_aligned,DFA,0.009632959470226472,0.0196350099190346,1.4003442802396702e-05
task_aligned,DFA,0.0097971830753595,0.019628851419569583,1.4237879685755559e-05
task_aligned,DFA,0.00996420638006213,0.019622590110798345,1.447616706895582e-05
task_aligned,DFA,0.010134077113877737,0.019616224314228846,1.4718365645403814e-05
task_aligned,DFA,0.010306843820047417,0.019609752325264494,1.496453697695917e-05
task_aligned,DFA,0.010482555869382074,0.01960317241284338,1.5214743503234769e-05
task_aligned,DFA,0.01066126347437087,0.019596482819074022,1.546904855086423e-05
task_aligned,DFA,0.010843017703530211,0.0195896817588679,1.572751634274925e-05
task_aligned,DFA,0.011027870495997438,0.01958276741956857,1.599021200727439e-05
task_aligned,DFA,0.011215874676373193,0.019575737960577638,1.6257201587474958e-05
task_aligned,DFA,0.011407083969816937,0.01956859151297745,1.6528552050167832e-05
task_aligned,DFA,0.011601553017399714,0.019561326179150622,1.6804331295023814e-05
task_aligned,DFA,0.011799337391718746,0.019553940032396484,1.708460816358011e-05
task_aligned,DFA,0.012000493612778126,0.019546431116544454,1.7369452448183993e-05
task_aligned,DFA,0.01220507916414035,0.019538797445564395,1.765893490086085e-05
task_aligned,DFA,0.012413152509353128,0.019531037003174052,1.7953127242095718e-05
task_aligned,DFA,0.012624773108656248,0.019523147742443642,1.8252102169522927e-05
task_aligned,DFA,0.012840001435973322,0.01951512758539759,1.8555933366510702e-05
task_aligned,DFA,0.013058898996193115,0.019506974422613656,1.8864695510636176e-05
task_aligned,DFA,0.013281528342745581,0.01949868611281927,1.9178464282033912e-05
task_aligned,DFA,0.013507953095477445,0.01949026048248552,1.949731637161863e-05
task_aligned,DFA,0.01373823795883263,0.019481695325418522,1.9821329489156444e-05
task_aligned,DFA,0.01397244874034252,0.019472988402348575,2.0150582371189584e-05
task_aligned,DFA,0.014210652369431549,0.019464137440516956,2.048515478878992e-05
task_aligned,DFA,0.01445291691654329,0.01945514013326072,2.082512755514059e-05
task_aligned,DFA,0.014699311612592705,0.01944599413959535,2.117058253291724e-05
task_aligned,DFA,0.014949906868749948,0.019436697083795675,2.152160264148126e-05
task_aligned,DFA,0.015204774296561448,0.019427246554974867,2.1878271863842476e-05
task_aligned,DFA,0.015463986728414087,0.01941764010666204,2.2240675253401345e-05
task_aligned,DFA,0.015727618238348142,0.01940787525637817,2.260889894044111e-05
task_aligned,DFA,0.01599574416322518,0.01939794948521088,2.298303013836382e-05
task_aligned,DFA,0.01626844112425668,0.01938786023738797,2.336315714964895e-05
task_aligned,DFA,0.016545787048899814,0.019377604919850057,2.3749369371524255e-05
task_aligned,DFA,0.01682786119312641,0.019367180901822358,2.4141757301324306e-05
task_aligned,DFA,0.01711474416407161,0.01935658551438591,2.4540412541531303e-05
task_aligned,DFA,0.01740651794306865,0.01934581605004839,2.494542780446609e-05
task_aligned,DFA,0.017703265909076255,0.01933486976231471,2.535689691662453e-05
task_aligned,DFA,0.018005072862505567,0.019323743865257634,2.5774914822629638e-05
task_aligned,DFA,0.01831202504945315,0.01931243553308868,2.6199577588788203e-05
task_aligned,DFA,0.0186242101863472,0.019300941899729467,2.663098240622282e-05
task_aligned,DFA,0.018941717485013866,0.019289260058383804,2.7069227593568586e-05
task_aligned,DFA,0.01926463767817099,0.01927738706111078,2.751441259920209e-05
task_aligned,DFA,0.019593063045356338,0.01926531991839914,2.796663800298926e-05
task_aligned,DFA,0.01992708743929801,0.01925305559874314,2.8426005517521785e-05
task_aligned,DFA,0.02026680631273427,0.019240591028220334,2.8892617988825824e-05
task_aligned,DFA,0.020612316745690726,0.019227923090071396,2.9366579396503512e-05
task_aligned,DFA,0.02096371747322245,0.019215048624282548,2.9847994853306757e-05
task_aligned,DFA,0.02132110891362906,0.019201964427170662,3.0336970604090538e-05
task_aligned,DFA,0.021684593197150888,0.019188667250971608,3.08336140241329e-05
task_aligned,DFA,0.022054274195154235,0.019175153803432043,3.133803361679291e-05
task_aligned,DFA,0.022430257549814335,0.01916142074740517,3.18503390104735e-05
task_aligned,DFA,0.022812650704304178,0.019147464700450638,3.237064095486078e-05
task_aligned,DFA,0.02320156293349819,0.019133282234439324,3.289905131641241e-05
task_aligned,DFA,0.02359710537519915,0.01911886987516303,3.3435683073056635e-05
task_aligned,DFA,0.023999391061897666,0.01910422410194986,3.398065030807536e-05
task_aligned,DFA,0.024408534953072943,0.019089341347285557,3.453406820313747e-05
task_aligned,DFA,0.024824653968044234,0.019074217996441288,3.509605303044047e-05
task_aligned,DFA,0.025247867019382475,0.01905885038710846,3.566672214393572e-05
task_aligned,DFA,0.025678295046891307,0.019043234809040962,3.624619396959379e-05
task_aligned,DFA,0.026116061052167662,0.019027367503705435,3.6834587994668e-05
task_aligned,DFA,0.026561290133751272,0.01901124466394009,3.743202475593452e-05
task_aligned,DFA,0.02701410952287369,0.018994862433622688,3.8038625826844825e-05
task_aligned,DFA,0.02747464861981648,0.018978216907348137,3.8654513803572916e-05
task_aligned,DFA,0.02794303903088952,0.018961304130116506,3.927981228989865e-05
task_aligned,DFA,0.028419414606039497,0.018944120097031954,3.9914645880891424e-05
task_aligned,DFA,0.02890391147709964,0.018926660753013216,4.055914014534955e-05
task_aligned,DFA,0.029396668096691603,0.018908921992516446,4.121342160695039e-05
task_aligned,DFA,0.029897825277790394,0.018890899659270995,4.187761772405879e-05
task_aligned,DFA,0.030407526233964005,0.018872589546028832,4.255185686815154e-05
task_aligned,DFA,0.03092591662029884,0.018853987394328555,4.323626830081238e-05
task_aligned,DFA,0.03145314457502307,0.01883508889427444,4.3930982149233376e-05
task_aligned,DFA,0.031989360761839336,0.018815889684331642,4.463612938018704e-05
task_aligned,DFA,0.03253471841297941,0.01879638535113814,4.535184177240727e-05
task_aligned,DFA,0.03308937337299261,0.01877657142933446,4.607825188732372e-05
task_aligned,DFA,0.03365348414328091,0.01875644340141183,4.681549303810312e-05
task_aligned,DFA,0.034227211927393225,0.01873599669757991,4.7563699256928936e-05
task_aligned,DFA,0.03481072067709176,0.018715226695654896,4.83230052604734e-05
task_aligned,DFA,0.03540417713920396,0.018694128720968924,4.909354641349423e-05
task_aligned,DFA,0.036007750903272906,0.01867269804630194,4.9875458690496284e-05
task_aligned,DFA,0.036621614450020344,0.018650929891836816,5.066887863540366e-05
task_aligned,DFA,0.0372459432006356,0.01862881942513899,5.147394331916663e-05
task_aligned,DFA,0.03788091556690515,0.018606361761161587,5.2290790295254425e-05
task_aligned,DFA,0.03852671300219639,0.018583551962277133,5.311955755295034e-05
task_aligned,DFA,0.039183520053311,0.018560385038337134,5.3960383468399834e-05
task_aligned,DFA,0.03985152441322198,0.018536855946760526,5.4813406753330614e-05
task_aligned,DFA,0.04053091697470985,0.01851295959265233,5.567876640138085e-05
task_aligned,DFA,0.0412218918849134,0.018488690828953776,5.655660163196308e-05
task_aligned,DFA,0.04192464660081018,0.0184640444566251,5.744705183159278e-05
task_aligned,DFA,0.04263938194564303,0.018439015224862347,5.835025649260629e-05
task_aligned,DFA,0.04336630216630838,0.01841359783134964,5.926635514919714e-05
task_aligned,DFA,0.04410561499172318,0.0183877869225482,6.019548731069221e-05
task_aligned,DFA,0.04485753169218653,0.018361577094023536,6.113779239199048e-05
task_aligned,DFA,0.04562226713975368,0.018334962890812396,6.209340964109045e-05
task_aligned,DFA,0.04640003986963895,0.01830793880783084,6.306247806362276e-05
task_aligned,DFA,0.04719107214266573,0.01828049929032511,6.404513634431167e-05
task_aligned,DFA,0.04799559000878098,0.018252638734366756,6.50415227652811e-05
task_aligned,DFA,0.04881382337165251,0.01822435148739374,6.605177512112714e-05
task_aligned,DFA,0.049646006054367676,0.01819563184879912,6.707603063067251e-05
task_aligned,DFA,0.05049237586625192,0.01816647407056904,6.811442584531756e-05
task_aligned,DFA,0.05135317467082665,0.018136872357971772,6.916709655390915e-05
task_aligned,DFA,0.05222864845492539,0.018106820870299557,7.023417768403484e-05
task_aligned,DFA,0.0531190473989886,0.01807631372166513,7.131580319966535e-05
task_aligned,DFA,0.054024625948556476,0.018045344981854693,7.241210599505439e-05
task_aligned,DFA,0.05494564288698094,0.018013908677239336,7.352321778480928e-05
task_aligned,DFA,0.055882361409377024,0.017981998791746827,7.464926899004862e-05
task_aligned,DFA,0.0568350491978349,0.017949609267895676,7.579038862055883e-05
task_aligned,DFA,0.05780397849791447,0.017916734007893623,7.694670415286376e-05
task_aligned,DFA,0.05878942619644362,0.017883366874802496,7.811834140412027e-05
task_aligned,DFA,0.05979167390064319,0.017849501693771613,7.930542440175137e-05
task_aligned,DFA,0.06081100801860048,0.017815132253341883,8.050807524873644e-05
task_aligned,DFA,0.06184771984111511,0.017780252306822696,8.172641398446708e-05
task_aligned,DFA,0.06290210562493968,0.017744855573743938,8.296055844108497e-05
task_aligned,DFA,0.06397446667744011,0.01770893574138533,8.421062409522589e-05
task_aligned,DFA,0.0650651094426987,0.017672486466385372,8.547672391507026e-05
task_aligned,DFA,0.06617434558908554,0.017635501376432255,8.675896820263883e-05
task_aligned,DFA,0.06730249209832263,0.01759797407203913,8.805746443123541e-05
task_aligned,DFA,0.06844987135606631,0.01755989812840606,8.937231707797268e-05
task_aligned,DFA,0.06961681124403418,0.017521267097371233,9.070362745129137e-05
task_aligned,DFA,0.07080364523370232,0.017482074509453667,9.205149351341144e-05
task_aligned,DFA,0.07201071248160025,0.017442313875990215,9.34160096976321e-05
task_aligned,DFA,0.07323835792622993,0.017401978691369124,9.47972667204207e-05
task_aligned,DFA,0.07448693238663776,0.017361062435362874,9.619535138821419e-05
task_aligned,DFA,0.07575679266266629,0.017319558575562825,9.761034639888371e-05
task_aligned,DFA,0.07704830163691566,0.01727746056991821,9.904233013778808e-05
task_aligned,DFA,0.07836182837844297,0.01723476186938226,0.00010049137646837405
task_aligned,DFA,0.07969774824822941,0.017191455920667995,0.00010195755451725965
task_aligned,DFA,0.0810564430064459,0.017147536169116254,0.0001034409284537693
task_aligned,DFA,0.08243830092154673,0.017102996061678956,0.00010494155726386529
task_aligned,DFA,0.0838437168812237,0.01705782905001987,0.00010645949451844665
task_aligned,DFA,0.08527309250525125,0.017012028593735927,0.00010799478813598658
task_aligned,DFA,0.08672683626025589,0.016965588163701577,0.00010954748013948202
task_aligned,DFA,0.0882053635764417,0.016918501245538953,0.00011111760640769699
task_aligned,DFA,0.08970909696630631,0.01687076134321659,0.00011270519642069843
task_aligned,DFA,0.0912384661453805,0.01682236198277926,0.00011431027299967035
task_aligned,DFA,0.09279390815502589,0.01677329671621173,0.00011593285204102492
task_aligned,DFA,0.09437586748732682,0.016723559125439012,0.0001175729422448184
task_aligned,DFA,0.09598479621211059,0.01667314282646581,0.00011923054483749765
task_aligned,DFA,0.09762115410613391,0.016622041473657707,0.00012090565328901611
task_aligned,DFA,0.09928540878447097,0.01657024876416674,0.00012259825302436098
task_aligned,DFA,0.10097803583414221,0.016517758442503833,0.00012430832112954673
task_aligned,DFA,0.10269951895002051,0.01646456430526067,0.000126035826052146
task_aligned,DFA,0.10445035007305466,0.016410660205983356,0.00012778072729644193
task_aligned,DFA,0.10623102953084963,0.01635604006020034,0.0001295429751132885
task_aligned,DFA,0.10804206618064248,0.01630069785060687,0.00013132251018478855
task_aligned,DFA,0.10988397755471659,0.016244627632408214,0.0001331192633039212
task_aligned,DFA,0.1117572900082951,0.01618782353882392,0.00013493315504924209
task_aligned,DFA,0.11366253886995442,0.016130279786755027,0.00013676409545482175
task_aligned,DFA,0.11560026859460341,0.016071990682616395,0.00013861198367558716
task_aligned,DFA,0.11757103291906959,0.01601295062833588,0.00014047670764826117
task_aligned,DFA,0.11957539502033872,0.015953154127522195,0.00014235814374809723
task_aligned,DFA,0.12161392767649076,0.01589259579180305,0.00014425615644164506
task_aligned,DFA,0.12368721343038079,0.015831270347335124,0.0001461705979357939
task_aligned,DFA,0.12579584475610944,0.01576917264148717,0.00014810130782335075
task_aligned,DFA,0.12794042422833235,0.015706297649697422,0.00015004811272546287
task_aligned,DFA,0.13012156469445452,0.015642640482506416,0.00015201082593117383
task_aligned,DFA,0.13233988944976152,0.015578196392765984,0.00015398924703447279
task_aligned,DFA,0.13459603241553642,0.015512960783025073,0.00015598316156918414
task_aligned,DFA,0.1368906383202119,0.015446929213092936,0.00015799234064208933
task_aligned,DFA,0.13922436288361215,0.01538009740777969,0.0001600165405646954
task_aligned,DFA,0.14159787300433485,0.015312461264814493,0.00016205550248409275
task_aligned,DFA,0.14401184695032862,0.015244016862940838,0.00016410895201337123
task_aligned,DFA,0.14646697455271773,0.015174760470188595,0.00016617659886209335
task_aligned,DFA,0.1489639574029329,0.015104688552321926,0.0001682581364673591
task_aligned,DFA,0.15150350905320234,0.015033797781461944,0.00017035324162601855
task_aligned,DFA,0.15408635522045983,0.014962085044882781,0.0001724615741286332
task_aligned,DFA,0.15671323399373024,0.014889547453979236,0.00017458277639580719
task_aligned,DFA,0.15938489604504993,0.014816182353404001,0.00017671647311755468
task_aligned,DFA,0.1621021048439836,0.014741987330371954,0.0001788622708963989
task_aligned,DFA,0.164865636875797,0.014666960224128714,0.0001810197578949348
task_aligned,DFA,0.16767628186335026,0.01459109913558029,0.0001831885034886263
task_aligned,DFA,0.17053484299277355,0.014514402437080118,0.00018536805792464763
task_aligned,DFA,0.1734421371429907,0.0144368687823694,0.0001875579519876067
task_aligned,DFA,0.1763989951191542,0.014358497116666365,0.00018975769667304554
task_aligned,DFA,0.1794062618900615,0.014279286686899309,0.0001919667828696366
task_aligned,DFA,0.1824647968296187,0.014199237052077948,0.00019418468105104008
task_aligned,DFA,0.18557547396241897,0.014118348093797226,0.00019641084097842706
task_aligned,DFA,0.18873918221350977,0.0140366200268669,0.0001986446914147236
task_aligned,DFA,0.19195682566241667,0.013954053410059893,0.00020088563985165095
task_aligned,DFA,0.19522932380149927,0.0138706491569718,0.0002031330722507102
task_aligned,DFA,0.1985576117987093,0.01378640854698327,0.00020538635279926867
task_aligned,DFA,0.20194264076483048,0.013701333236316462,0.00020764482368297252
task_aligned,DFA,0.2053853780252731,0.013615425269176102,0.0002099078048757466
task_aligned,DFA,0.2088868073965032,0.013528687088964968,0.00021217459394867549
task_aligned,DFA,0.21244792946718244,0.013441121549563182,0.00021444446589910954
task_aligned,DFA,0.21606976188410273,0.013352731926659606,0.00021671667300138467
task_aligned,DFA,0.21975333964299557,0.013263521929123414,0.00021899044468058252
task_aligned,DFA,0.2234997153842969,0.0131734957104028,0.00022126498741078425
task_aligned,DFA,0.2273099596939568,0.013082657879937223,0.00022353948463934304
task_aligned,DFA,0.2311851614093757,0.012991013514568859,0.0002258130967387043
task_aligned,DFA,0.23512642793055788,0.012898568169938032,0.00022808496098736158
task_aligned,DFA,0.23913488553656703,0.012805327891846746,0.0002303541915815628
task_aligned,DFA,0.24321167970737892,0.012711299227573566,0.00023261987967942402
task_aligned,DFA,0.24735797545122115,0.012616489237122283,0.00023488109347912528
task_aligned,DFA,0.2515749576374912,0.012520905504386013,0.00023713687833291165
task_aligned,DFA,0.25586383133535245,0.01242455614820754,0.00023938625689863422
task_aligned,DFA,0.26022582215810114,0.01232744983331583,0.00024162822933060146
task_aligned,DFA,0.26466217661340585,0.012229595781117831,0.0002438617735115315
task_aligned,DFA,0.2691741624595153,0.012131003780323911,0.0002460858453274048
task_aligned,DFA,0.2737630690675409,0.012031684197384197,0.00024829937898705523
task_aligned,DFA,0.2784302077899146,0.011931647986712497,0.0002505012873883137
task_aligned,DFA,0.2831769123351298,0.011830906700673405,0.0002526904625325718
task_aligned,DFA,0.28800453914886753,0.011729472499307593,0.0002548657759895848
task_aligned,DFA,0.29291446780162333,0.011627358159769143,0.00025702607941437854
task_aligned,DFA,0.297908101382942,0.011524577085448191,0.0002591702051180805
task_aligned,DFA,0.3029868669023709,0.011421143314751286,0.0002612969666945071
task_aligned,DFA,0.3081522156972515,0.011317071529510978,0.0002634051597043116
task_aligned,DFA,0.31340562384746146,0.011212377062995434,0.00026549356241846445
task_aligned,DFA,0.3187485925972288,0.011107075907488157,0.00026756093662282294
task_aligned,DFA,0.32418264878413444,0.01100118472140708,0.00026960602848549053
task_aligned,DFA,0.3297093452754312,0.010894720835931676,0.0002716275694886359
task_aligned,DFA,0.33533026141179956,0.010787702261105977,0.00027362427742637195
task_aligned,DFA,0.3410470034586704,0.010680147691384893,0.000275594857470245
task_aligned,DFA,0.34686120506523876,0.010572076510590571,0.0002775380033038039
task_aligned,DFA,0.3527745277313059,0.010463508796244945,0.00027945239832764384
task_aligned,DFA,0.35878866128208003,0.01035446532324431,0.00028133671693622776
task_aligned,DFA,0.36490532435106837,0.010244967566841234,0.0002831896258676829
task_aligned,DFA,0.37112626487120537,0.010135037704898757,0.00028500978562766836
task_aligned,DFA,0.37745326057435113,0.010024698619381597,0.00028679585198828386
task_aligned,DFA,0.3838881194993082,0.009913973897048876,0.0002885464775628496
task_aligned,DFA,0.39043268050849433,0.009802887829312793,0.0002902603134572601
task_aligned,DFA,0.3970888138134286,0.009691465411227446,0.0002919360109984402
task_aligned,DFA,0.40385842150917256,0.009579732339572388,0.00029357222354028137
task_aligned,DFA,0.4107434381178857,0.009467715009995312,0.00029516760834723596
task_aligned,DFA,0.4177458311416433,0.009355440513178848,0.00029672082855557196
task_aligned,DFA,0.4248676016246823,0.009242936629996536,0.0002982305552120754
task_aligned,DFA,0.43211078472523234,0.009130231825623707,0.0002996954693897668
task_aligned,DFA,0.43947745029709223,0.009017355242569655,0.0003011142643799698
task_aligned,DFA,0.44696970348112464,0.008904336692598044,0.00030248564795982107
task_aligned,DFA,0.4545896853068325,0.008791206647503536,0.00030380834473405
task_aligned,DFA,0.46233957330419384,0.008677996228713555,0.00030508109854958626
task_aligned,DFA,0.4702215821259226,0.008564737195685429,0.00030630267498125567
task_aligned,DFA,0.4782379641803417,0.008451461933070163,0.00030747186388654273
task_aligned,DFA,0.48639101027504605,0.00833820343661591,0.0003085874820270619
task_aligned,DFA,0.4946830502715338,0.00822499529778571,0.000309648375754065
task_aligned,DFA,0.503116453751003,0.008111871687065744,0.0003106534237549676
task_aligned,DFA,0.5116936306914959,0.007998867335942624,0.00031160153985752197
task_aligned,DFA,0.52041703215659,0.007886017517530082,0.0003124916758878971
task_aligned,DFA,0.5292891509958252,0.007773358025828065,0.00031332282457855116
task_aligned,DFA,0.5383125225570771,0.0076609251535994325,0.0003140940225213833
task_aligned,DFA,0.5474897254110712,0.0075487556688524915,0.0003148043531612606
task_aligned,DFA,0.5568233820882527,0.007436886789920159,0.0003154529498245948
task_aligned,DFA,0.5663161598282122,0.00732535615912998,0.0003160389987772249
task_aligned,DFA,0.5759707713418936,0.007214201815062074,0.00031656174230543493
task_aligned,DFA,0.5857899755867956,0.007103462163395906,0.00031702048181349134
task_aligned,DFA,0.5957765785553836,0.006993175946350194,0.0003174145809306394
task_aligned,DFA,0.6059334340769489,0.006883382210724115,0.0003177434686200515
task_aligned,DFA,0.6162634446331343,0.006774120274551989,0.00031800664228175953
task_aligned,DFA,0.6267695621873663,0.006665429692387734,0.00031820367084114015
task_aligned,DFA,0.6374547890284212,0.00655735021923988,0.00031833419781406746
task_aligned,DFA,0.6483221786283797,0.0064499217731820435,0.0003183979443393727
task_aligned,DFA,0.6593748365152027,0.00634318439666892,0.00031839471216880093
task_aligned,DFA,0.6706159211601879,0.006237178216592124,0.00031832438660417704
task_aligned,DFA,0.6820486448805486,0.006131943403115579,0.000318186939371055
task_aligned,DFA,0.6936762747573865,0.006027520127334768,0.00031798243141765265
task_aligned,DFA,0.7055021335693127,0.005923948517809626,0.0003177110156274478
task_aligned,DFA,0.7175296007419812,0.005821268616025949,0.0003173729394333646
task_aligned,DFA,0.7297621133138149,0.00571952033084544,0.0003169685473210641
task_aligned,DFA,0.7422031669181925,0.00561874339200997,0.00031649828320843475
task_aligned,DFA,0.7548563167823837,0.005518977302770969,0.0003159626926880007
task_aligned,DFA,0.7677251787435072,0.005420261291720319,0.0003153624251185773
task_aligned,DFA,0.780813430281815,0.005322634263904429,0.0003146982355521642
task_aligned,DFA,0.7941248115715934,0.005226134751308561,0.0003139709864817368
task_aligned,DFA,0.8076631265499712,0.00513080086280395,0.0003131816493952989
task_aligned,DFA,0.8214322440039585,0.005036670233655146,0.0003123313061213051
task_aligned,DFA,0.8354360986760122,0.004943779974690461,0.00031142114995032455
task_aligned,DFA,0.8496786923884532,0.004852166621243117,0.000310452486517643
task_aligned,DFA,0.8641640951870458,0.0047618660819756875,0.00030942673443136275
task_aligned,DFA,0.878896446504081,0.004672913587704804,0.00030834542563047343
task_aligned,DFA,0.8938799563412821,0.00458534364034765,0.000307210205457349
task_aligned,DFA,0.9091189064728835,0.004499189962115703,0.00030602283242917104
task_aligned,DFA,0.9246176516692093,0.0044144854450851225,0.00030478517769289525
task_aligned,DFA,0.9403806209411201,0.004331262101276432,0.00030349922414859003
task_aligned,DFA,0.9564123188056762,0.004249551013379402,0.0003021670652262713
task_aligned,DFA,0.9727173265733684,0.004169382286261669,0.00030079090330177284
task_aligned,DFA,0.9893003036573033,0.004090784999401765,0.00029937304773770986
task_aligned,DFA,1.0061659889047023,0.004013787160389175,0.0002979159125362619
task_aligned,DFA,1.023319201951106,0.003938415659635136,0.00029642201359130366
task_aligned,DFA,1.0407648445976552,0.0038646962264388004,0.0002948939655283856
task_aligned,DFA,1.0585079022118615,0.003792653386553389,0.00029333447812221773
task_aligned,DFA,1.0765534451522527,0.003722310421396681,0.0002917463522826635
task_aligned,DFA,1.094906630217312,0.0036536893290490197,0.0002901324756018094
task_aligned,DFA,1.1135727021191089,0.0035868107871805687,0.0002884958174564949
task_aligned,DFA,1.1325569949820598,0.0035216941180468823,0.00028683942366272794
task_aligned,DFA,1.1518649338672433,0.003458357255689154,0.00028516641068075286
task_aligned,DFA,1.1715020363226891,0.003396816715471626,0.0002834799593721475
task_aligned,DFA,1.1914739139601096,0.003337087566084248,0.0002817833083132541
task_aligned,DFA,1.2117862740585037,0.0032791834041335836,0.00028007974667247003
task_aligned,DFA,1.2324449211951067,0.0032231163314390605,0.00027837260666248607
task_aligned,DFA,1.2534557589041324,0.003168896935145165,0.00027666525558242436
task_aligned,DFA,1.2748247913638062,0.003116534270752799,0.0002749610874690087
task_aligned,DFA,1.296558125112151,0.0030660358481651223,0.0002732635143803862
task_aligned,DFA,1.3186619707920322,0.0030174076208344986,0.0002715759573409593
task_aligned,DFA,1.3411426449259387,0.0029706539780878422,0.0002699018369805867
task_aligned,DFA,1.364006571721033,0.00292577774069766,0.00026824456390666794
task_aligned,DFA,1.3872602849049733,0.0028827801597554976,0.0002666075288529307
task_aligned,DFA,1.4109104295930222,0.0028416609188934377,0.00026499409265407463
task_aligned,DFA,1.4349637641869968,0.002802418139887437,0.00026340757610071624
task_aligned,DFA,1.4594271623065878,0.0027650483916642995,0.0002618512497342152
task_aligned,DFA,1.484307614753609,0.002729546702721355,0.0002603283236458298
task_aligned,DFA,1.5096122315097211,0.002695906576955071,0.00025884193734910035
task_aligned,DFA,1.5353482437682255,0.0026641200128814254,0.00025739514979827296
task_aligned,DFA,1.5615230060004965,0.0026341775262174716,0.0002559909296287904
task_aligned,DFA,1.5881439980576275,0.002606068175779833,0.0002546321456982517
task_aligned,DFA,1.6152188273079233,0.0025797795926420517,0.00025332155800763254
task_aligned,DFA,1.6427552308108229,0.0025552980124790717,0.0002520618090828219
task_aligned,DFA,1.6707610775278907,0.0025326083110133175,0.0002508554158955659
task_aligned,DFA,1.6992443705714897,0.002511694042463475,0.0002497047624006046
task_aligned,DFA,1.7282132494918006,0.0024925374808836454,0.000248612092762075
task_aligned,DFA,1.7576759926028247,0.0024751196642678014,0.0002475795053371231
task_aligned,DFA,1.78764101934805,0.0024594204412818213,0.0002466089474780903
task_aligned,DFA,1.8181168927064288,0.0024454185204735575,0.0002457022112067074
task_aligned,DFA,1.8491123216393888,0.002433091521799942,0.00024486092980450467
task_aligned,DFA,1.880636163579563,0.002422416030299512,0.0002440865753532871
task_aligned,DFA,1.9126974269619283,0.0024133676517288875,0.00024338045724822937
task_aligned,DFA,1.9453052737981165,0.0024059210699726467,0.00024274372169410754
task_aligned,DFA,1.9784690222945986,0.0024000501060280543,0.00024217735218269964
task_aligned,DFA,2.012198149515519,0.002395727778358935,0.000241682170936719
task_aligned,DFA,2.046502294090901,0.002392926364407054,0.00024125884129309953
task_aligned,DFA,2.0813912589710486,0.0023916174630444305,0.00024090787098632937
task_aligned,DFA,2.1168750142278885,0.002391772057746321,0.0002406296162811365
task_aligned,DFA,2.152963699904084,0.002393360580262148,0.00024042428689343518
task_aligned,DFA,2.1896676289106987,0.0023963529745603417,0.00024029195162929534
task_aligned,DFA,2.2269972899742814,0.0024007187608231424,0.0002402325446640081
task_aligned,DFA,2.26496335063419,0.002406427099268666,0.00024024587237725484
task_aligned,DFA,2.303576660290997,0.0024134468535801272,0.00024033162065604293
task_aligned,DFA,2.3428482533068857,0.00242174665372595,0.00024048936257451572
task_aligned,DFA,2.3827893521588885,0.0024312949579595932,0.00024071856635896137
task_aligned,DFA,2.4234113706458946,0.00244206011379419,0.00024101860354729113
task_aligned,DFA,2.464725917150312,0.0024540104177545965,0.00024138875725481388
task_aligned,DFA,2.50674479795535,0.0024671141737180107,0.0002418282304621648
task_aligned,DFA,2.5494800206188595,0.0024813397496639736,0.00024233615424654978
task_aligned,DFA,2.592943797404667,0.002496655632665121,0.00024291159588385778
task_aligned,DFA,2.6371485487724318,0.002513030481961655,0.00024355356675641342
task_aligned,DFA,2.6821069069269825,0.0025304331799746805,0.00024426103000897584
task_aligned,DFA,2.7278317194281803,0.0025488328811266803,0.00024503290790380016
task_aligned,DFA,2.7743360528622945,0.002568199058350881,0.00024586808883392605
task_aligned,DFA,2.8216331965759975,0.0025885015471854666,0.00024676543396215064
task_aligned,DFA,2.8697366664739996,0.0026097105873629277,0.00024772378346117445
task_aligned,DFA,2.9186602088814415,0.00263179686181965,0.00024874196233803307
task_aligned,DFA,2.96841780447211,0.0026547315330655566,0.0002498187858329922
task_aligned,DFA,3.0190236722636397,0.002678486276868601,0.0002509530643895023
task_aligned,DFA,3.070492273680835,0.0027030333132235093,0.00025214360819748356
task_aligned,DFA,3.1228383166882305,0.0027283454345887466,0.0002533892313171197
task_aligned,DFA,3.176076759993135,0.0027543960313898544,0.00025468875539444576
task_aligned,DFA,3.2302228173203136,0.0027811591148009848,0.0002560410129833233
task_aligned,DFA,3.2852919617595595,0.002808609336829681,0.0002574448504909464
task_aligned,DFA,3.3412999301873585,0.002836722007742422,0.0002588991307658424
task_aligned,DFA,3.3982627277639583,0.002865473110880317,0.0002604027353484843
task_aligned,DFA,3.456196632507091,0.002894839314925286,0.000261954566405196
task_aligned,DFA,3.5151181999436867,0.0029247979836872313,0.00026355354836606916
task_aligned,DFA,3.575044267840856,0.0029553271834918534,0.00026519862928720505
task_aligned,DFA,3.6359919610175564,0.0029864056882570704,0.00026688878195683485
task_aligned,DFA,3.6979786962382923,0.003018012982353211,0.00026862300476384216
task_aligned,DFA,3.7610221871902074,0.0030501292613483353,0.0002704003223459527
task_aligned,DFA,3.8251404495450636,0.003082735430745308,0.0002722197860335132
task_aligned,DFA,3.8903518061074984,0.003115813102821365,0.000274080474103335
task_aligned,DFA,3.9566748920510686,0.003149344591684103,0.0002759814918556486
task_aligned,DFA,4.024128660243522,0.0031833129066599726,0.0002779219715258467
task_aligned,DFA,4.092732386662896,0.003217701744132693,0.0002799010720413867
task_aligned,DFA,4.16250567590592,0.0032524954779491926,0.00028191797863306984
task_aligned,DFA,4.233468466790359,0.0032876791485103364,0.0002839719023089013
task_aligned,DFA,4.305641038052818,0.003323238450662265,0.0002860620791978971
task_aligned,DFA,4.379044014143725,0.003359159720502265,0.000288187769770553
task_aligned,DFA,4.453698371121101,0.0033954299212103816,0.0002903482579422104
task_aligned,DFA,4.5296254426447815,0.0034320366280147464,0.00029254285006530056
task_aligned,DFA,4.606846926072856,0.003468968012394854,0.0002947708738163012
task_aligned,DFA,4.685384888662027,0.00350621282562297,0.00029703167698336017
task_aligned,DFA,4.76526177387369,0.0035437603817392175,0.00029932462616070793
task_aligned,DFA,4.846500407787484,0.0035816005400512475,0.0003016491053563582
task_aligned,DFA,4.929124005624213,0.0036197236872444563,0.00030400451452004443
task_aligned,DFA,5.013156178379978,0.0036581207191836475,0.0003063902679989045
task_aligned,DFA,5.0986209395733635,0.003696783022481883,0.00030880579292900847
task_aligned,DFA,5.185542712107698,0.0037357024559073054,0.0003112505275715165
task_aligned,DFA,5.27394633525027,0.0037748713316935823,0.00031372391960289586
task_aligned,DFA,5.363857071730567,0.0038142823968147855,0.00031622542436930375
task_aligned,DFA,5.455300614959465,0.003853928814280728,0.00031875450311586774
task_aligned,DFA,5.548303096371546,0.0038938041445043072,0.00032131062120219114
task_aligned,DFA,5.642891092892556,0.003933902326788002,0.00032389324631590654
task_aligned,DFA,5.739091634534208,0.003974217660972676,0.00032650184669654955
task_aligned,DFA,5.836932212118393,0.004014744789287939,0.0003291358893823321
task_aligned,DFA,5.936440785133139,0.004055478678439866,0.000331794838492631
task_aligned,DFA,6.03764578972249,0.004096414601968549,0.00033447815355908166
task_aligned,DFA,6.140576146812549,0.004137548122904944,0.0003371852879181475
task_aligned,DFA,6.24526127037611,0.0041788750767537365,0.0003399156871778566
task_aligned,DFA,6.351731075838154,0.004220391554826535,0.0003426687877711183
task_aligned,DFA,6.460015988624681,0.004262093887947264,0.0003454440156075725
task_aligned,DFA,6.570146952857214,0.004303978630549698,0.00034824078483539246
task_aligned,DFA,6.682155440195594,0.004346042545185185,0.0003510584967237619
task_aligned,DFA,6.796073458831493,0.004388282587456837,0.0003538965386759679
task_aligned,DFA,6.911933562635288,0.004430695891394981,0.0003567542833821346
task_aligned,DFA,7.029768860458798,0.00447327975528706,0.0003596310881196416
task_aligned,DFA,7.149613025596682,0.004516031627974008,0.0003625262942082023
task_aligned,DFA,7.271500305409138,0.0045589490956236,0.00036543922662541674
task_aligned,DFA,7.395465531108579,0.004602029868990146,0.00036836919378745105
task_aligned,DFA,7.521544127713236,0.0046452717711686405,0.0003713154874982402
task_aligned,DFA,7.6497721241703935,0.004688672725850146,0.0003742773830693674
task_aligned,DFA,7.7801861636522665,0.0047322307460840795,0.00037725413961151277
task_aligned,DFA,7.912823514027315,0.004775943923551666,0.000380245000497098
task_aligned,DFA,8.04772207851015,0.004819810418353566,0.0003832491939925184
task_aligned,DFA,8.184920406492996,0.004863828449313401,0.0003862659340571475
task_aligned,DFA,8.324457704561745,0.004907996284797349,0.0003892944213051209
task_aligned,DFA,8.466373847699883,0.004952312234048712,0.0003923338441247969
task_aligned,DFA,8.61070939068338,0.0049967746390348,0.0003953833799497454
task_aligned,DFA,8.7575055796699,0.005041381866801945,0.0003984421966741014
task_aligned,DFA,8.906804363985472,0.005086132302332963,0.0004015094542042473
task_aligned,DFA,9.058648408112223,0.005131024341899834,0.00040458430613791774
task_aligned,DFA,9.213081103880398,0.005176056386902722,0.0004076659015610919
task_aligned,DFA,9.370146582868305,0.005221226838185003,0.00041075338695237447
task_aligned,DFA,9.529889729013544,0.005266534090812321,0.0004138459081839621
task_aligned,DFA,9.692356191439336,0.005311976529302304,0.00041694261260784315
task_aligned,DFA,9.857592397499504,0.005357552523289991,0.00042004265121541344
task_aligned,DFA,10.025645566045766,0.005403260423612721,0.0004231451808584173
task_aligned,DFA,10.196563720921308,0.005449098558796925,0.00042624936651884285
task_aligned,DFA,10.370395704684338,0.005495065231927981,0.000429354383615244
task_aligned,DFA,10.547191192565622,0.005541158717883307,0.00043245942033287116
task_aligned,DFA,10.727000706663942,0.005587377260907722,0.0004355636799649393
task_aligned,DFA,10.909875630383668,0.0056337190725095874,0.00043866638325246936
task_aligned,DFA,11.09586822311825,0.005680182329655032,0.0004417667707101244
task_aligned,DFA,11.285031635184245,0.005726765173237642,0.00044486410492576204
task_aligned,DFA,11.47741992300984,0.005773465706800163,0.0004479576728215109
task_aligned,DFA,11.673088064582329,0.005820281995484702,0.0004510467878645225
task_aligned,DFA,11.872091975158934,0.005867212065187986,0.0004541307922158132
task_aligned,DFA,12.07448852324546,0.005914253901898205,0.0004572090588059928
task_aligned,DFA,12.280335546847452,0.005961405451190382,0.0004602809933270344
task_aligned,DFA,12.489691869998175,0.006008664617857576,0.00046334603612970226
task_aligned,DFA,12.702617319568612,0.006056029265655993,0.0004664036640166798
task_aligned,DFA,12.919172742363902,0.00610349721714277,0.0004694533919219874
task_aligned,DFA,13.139420022511283,0.0061510662535860135,0.00047249477446772916
task_aligned,DFA,13.363422099144453,0.006198734114928007,0.0004755274073898669
task_aligned,DFA,13.59124298438939,0.0062464984997833576,0.00047855092882518734
task_aligned,DFA,13.822947781656945,0.0062943570654553915,0.00048156502045235177
task_aligned,DFA,14.058602704246992,0.006342307427955185,0.0004845694084804561
task_aligned,DFA,14.298275094270045,0.006390347162009408,0.00048756386447926583
task_aligned,DFA,14.542033441891286,0.006438473801044316,0.0004905482060459262
task_aligned,DFA,14.789947404902728,0.006486684837134947,0.0004935222973036613
task_aligned,DFA,15.042087828629008,0.00653497772091007,0.0004964860492287273
task_aligned,DFA,15.298526766172571,0.006583349861405045,0.0004994394198025772
task_aligned,DFA,15.559337499003943,0.006631798625856121,0.0005023824139870021
task_aligned,DFA,15.824594557903191,0.0066803213394315535,0.0005053150835207651
task_aligned,DFA,16.094373744258082,0.006728915284895913,0.000508237526537015
task_aligned,DFA,16.368752151725655,0.006777577702205879,0.0005111498870016006
task_aligned,DFA,16.647808188262907,0.006826305788036717,0.0005140523539731487
task_aligned,DFA,16.931621598533113,0.0068750966952401266,0.0005169451606866353
task_aligned,DFA,17.220273486694122,0.006923947532235283,0.0005198285834629424
task_aligned,DFA,17.513846339575103,0.0069728553623356945,0.0005227029404476726
task_aligned,DFA,17.81242405024861,0.007021817203015887,0.0005255685901833519
task_aligned,DFA,18.116091942004132,0.007070830025122149,0.0005284259300198451
task_aligned,DFA,18.424936792730715,0.0071198907520328165,0.0005312753943686245
task_aligned,DFA,18.739046859715067,0.007168996258773706,0.0005341174528072514
task_aligned,DFA,19.058511904862485,0.00721814337109494,0.0005369526080411157
task_aligned,DFA,19.38342322034772,0.007267328864515687,0.0005397813937302223
task_aligned,DFA,19.713873654703125,0.007316549463343429,0.0005426043721893663
task_aligned,DFA,20.049957639351746,0.007365801839674573,0.0005454221319707312
task_aligned,DFA,20.39177121559234,0.007415082612382965,0.0005482352853384471
task_aligned,DFA,20.739412062044874,0.007464388346102973,0.0005510444656451788
task_aligned,DFA,21.092979522563663,0.007513715550213336,0.0005538503246212694
task_aligned,DFA,21.452574634626465,0.007563060677827681,0.0005566535295873697
task_aligned,DFA,21.818300158207524,0.007612420124797399,0.0005594547606018371
task_aligned,DFA,22.190260605142807,0.00766179022873176,0.000562254707554466
task_aligned,DFA,22.568562268996093,0.007711167268040067,0.0005650540672183464
task_aligned,DFA,22.953313255433766,0.00776054746099962,0.0005678535402717985
task_aligned,DFA,23.344623513117888,0.007809926964853123,0.0005706538283024458
task_aligned,DFA,23.742604865125728,0.007859301874938423,0.0005734556308055298
task_aligned,DFA,24.14737104090496,0.007908668223852723,0.0005762596421884937
task_aligned,DFA,24.55903770877365,0.007958021980653294,0.0005790665487938788
task_aligned,DFA,24.977722508974306,0.00800735905009566,0.0005818770259522922
task_aligned,DFA,25.40354508729137,0.00805667527191028,0.0005846917350771317
task_aligned,DFA,25.83662712924211,0.00810596642011791,0.0005875113208124092
task_aligned,DFA,26.277092394849852,0.008155228202383673,0.000590336408244735
task_aligned,DFA,26.725066754010573,0.008204456259409574,0.0005931676001901678
task_aligned,DFA,27.180678222462152,0.008253646164364921,0.0005960054745662265
task_aligned,DFA,27.644056998366892,0.008302793422353927,0.0005988505818589162
task_aligned,DFA,28.115335499517688,0.00835189346991996,0.000601703442694164
task_aligned,DFA,28.594648401178453,0.008400941674585596,0.0006045645455225087
task_aligned,DFA,29.08213267456993,0.008449933334428169,0.0006074343444253948
task_aligned,DFA,29.577927626011018,0.008498863677690321,0.0006103132570508368
task_aligned,DFA,30.08217493672799,0.00854772786242582,0.0006132016626856482
task_aligned,DFA,30.595018703342085,0.008596520976180905,0.0006160999004708185
task_aligned,DFA,31.116605479047383,0.008645238035712238,0.0006190082677660356
task_aligned,DFA,31.64708431549069,0.00869387398674285,0.0006219270186687022
task_aligned,DFA,32.18660680536534,0.008742423703758304,0.0006248563626922129
task_aligned,DFA,32.73532712573144,0.008790881989845904,0.000627796463607549
task_aligned,DFA,33.29340208207403,0.00883924357658048,0.0006307474384516987
task_aligned,DFA,33.86099115311297,0.008887503123961176,0.0006337093567057021
task_aligned,DFA,34.43825653637644,0.008935655220404456,0.0006366822396445358
task_aligned,DFA,35.02536319455143,0.008983694382799268,0.0006396660598603302
task_aligned,DFA,35.622478902624444,0.009031615056631328,0.0006426607409598862
task_aligned,DFA,36.22977429582575,0.009079411616184193,0.0006456661574366869
task_aligned,DFA,36.84742291839143,0.009127078364825658,0.0006486821347170606
task_aligned,DFA,37.47560127315589,0.00917460953538873,0.0006517084493794489
task_aligned,DFA,38.114488871990645,0.009221999290657255,0.0006547448295451067
task_aligned,DFA,38.7642682871026,0.009269241723966955,0.0006577909554379362
task_aligned,DFA,39.42512520320694,0.009316330859932989,0.0006608464601104664
task_aligned,DFA,40.09724847058942,0.009363260655316107,0.0006639109303324113
task_aligned,DFA,40.780830159073375,0.00941002500003942,0.0006669839076375289
task_aligned,DFA,41.476065612906595,0.0094566177183685,0.0006700648895239357
task_aligned,DFA,42.18315350658434,0.009503032570267463,0.0006731533308023326
task_aligned,DFA,42.902295901623226,0.009549263252943928,0.0006762486450860178
task_aligned,DFA,43.63369830430383,0.009595303402595654,0.0006793502064159203
task_aligned,DFA,44.37756972439723,0.009641146596371487,0.0006824573510132966
task_aligned,DFA,45.13412273489293,0.009686786354558812,0.0006855693791521121
task_aligned,DFA,45.90357353274481,0.00973221614300947,0.0006886855571426007
task_aligned,DFA,46.68614200065286,0.009777429375815385,0.0006918051194169257
task_aligned,DFA,47.482051769898405,0.009822419418244282,0.0006949272707073216
task_aligned,DFA,48.29153028424977,0.00986717958994526,0.0006980511883066679
task_aligned,DFA,49.114808864958235,0.009911703168432758,0.0007011760244009411
task_aligned,DFA,49.952122776861714,0.009955983392856449,0.0007043009084626343
task_aligned,DFA,50.80371129561534,0.010000013468063175,0.0007074249496938262
task_aligned,DFA,51.66981777606826,0.010043786568955878,0.0007105472395073566
task_aligned,DFA,52.55068972180602,0.010087295845152739,0.0007136668540342338
task_aligned,DFA,53.44657885587909,0.01013053442594838,0.0007167828566453221
task_aligned,DFA,54.357741192735965,0.010173495425577096,0.0007198943004751425
task_aligned,DFA,55.28443711138383,0.010216171948776522,0.0007230002309357106
task_aligned,DFA,56.22693142979583,0.010258557096648276,0.0007260996882082536
task_aligned,DFA,57.18549348058701,0.01030064397281015,0.0007291917097008678
task_aligned,DFA,58.160397187980315,0.010342425689832674,0.0007322753324603326
task_aligned,DFA,59.15192114608467,0.010383895375950978,0.0007353495955266006
task_aligned,DFA,60.1603486985081,0.010425046182040898,0.0007384135422188537
task_aligned,DFA,61.185968019326936,0.010465871288846327,0.0007414662223424638
task_aligned,DFA,62.22907219543656,0.01050636391444323,0.0007445066943067616
task_aligned,DFA,63.2899593103055,0.010546517321923606,0.0007475340271440818
task_aligned,DFA,64.36893252915749,0.010586324827281123,0.000750547302421313
task_aligned,DFA,65.46630018560568,0.010625779807478562,0.0007535456160359087
task_aligned,DFA,66.58237586976387,0.01066487570867539,0.00075652807988915
task_aligned,DFA,67.71747851785967,0.010703606054592632,0.000759493823430388
task_aligned,DFA,68.8719325033761,0.010741964454990673,0.0007624419950669104
task_aligned,DFA,70.04606772974564,0.010779944614234517,0.0007653717634351107
task_aligned,DFA,71.24021972462585,0.010817540339920014,0.0007682823185296552
task_aligned,DFA,72.45472973578153,0.01085474555153369,0.0007711728726884698
task_aligned,DFA,73.68994482860175,0.010891554289118064,0.0007740426614324134
task_aligned,DFA,74.94621798527915,0.010927960721913888,0.0007768909441596656
task_aligned,DFA,76.22390820568008,0.010963959156950302,0.0007797170046959343
task_aligned,DFA,77.52338060993503,0.010999544047553938,0.0007825201517027511
task_aligned,DFA,78.84500654277662,0.01103471000174785,0.0007852997189471599
task_aligned,DFA,80.18916367965778,0.011069451790511472,0.0007880550654372098
task_aligned,DFA,81.55623613467833,0.011103764355873286,0.0007907855754286567
task_aligned,DFA,82.94661457035157,0.011137642818808361,0.0007934906583092945
task_aligned,DFA,84.36069630924241,0.011171082486913909,0.0007961697483682348
task_aligned,DFA,85.79888544750824,0.011204078861836721,0.0007988223044582642
task_aligned,DFA,87.26159297037651,0.011236627646427803,0.0008014478095602913
task_aligned,DFA,88.74923686958925,0.011268724751600448,0.0008040457702594413
task_aligned,DFA,90.26224226285147,0.011300366302869857,0.0008066157161430855
task_aligned,DFA,91.80104151531502,0.011331548646553466,0.000809157199131467
task_aligned,DFA,93.36607436313383,0.01136226835561333,0.0008116697927521045
task_aligned,DFA,94.95778803912542,0.011392522235123303,0.0008141530913692932
task_aligned,DFA,96.57663740057471,0.011422307327345805,0.0008166067093803313
task_aligned,DFA,98.2230850592165,0.011451620916404774,0.0008190302803900242
task_aligned,DFA,99.89760151343484,0.011480460532543554,0.0008214234563750785
task_aligned,DFA,101.60066528271416,0.011508823955958106,0.0008237859068496845
task_aligned,DFA,103.33276304438459,0.011536709220198314,0.0008261173180434303
task_aligned,DFA,105.09438977269748,0.01156411461513191,0.000828417392102174
task_aligned,DFA,106.88604888027204,0.011591038689467531,0.0008306858463220365
task_aligned,DFA,108.70825236195353,0.011617480252835334,0.0008329224124260463
task_aligned,DFA,110.56152094112352,0.011643438377425538,0.000835126835892294
task_aligned,DFA,112.44638421850583,0.011668912399186845,0.0008372988753415586
task_aligned,DFA,114.36338082350686,0.011693901918588623,0.000839438301991621
task_aligned,DFA,116.31305856813833,0.011718406800951996,0.0008415448991843956
task_aligned,DFA,118.29597460356307,0.011742427176356766,0.0008436184619911091
task_aligned,DFA,120.31269557930963,0.011765963439132155,0.0008456587968996295
task_aligned,DFA,122.36379780520139,0.01178901624694089,0.0008476657215869978
task_aligned,DFA,124.44986741604593,0.0118115865194667,0.0008496390647790605
task_aligned,DFA,126.57150053913327,0.011833675436716838,0.0008515786661980104
task_aligned,DFA,128.72930346458716,0.011855284436951637,0.000853484376597504
task_aligned,DFA,130.92389281862302,0.01187641521425366,0.0008553560578838982
task_aligned,DFA,133.15589573975842,0.011897069715749942,0.0008571935833210719
task_aligned,DFA,135.4259500580277,0.011917250138500743,0.000858996837815293
task_aligned,DFA,137.73470447725208,0.011936958926068619,0.0008607657182755122
task_aligned,DFA,140.0828187604166,0.011956198764781803,0.0008625001340436406
task_aligned,DFA,142.47096391820904,0.01197497257970571,0.0008642000073884111
task_aligned,DFA,144.89982240077,0.011993283530336279,0.0008658652740557286
task_aligned,DFA,147.3700882927151,0.01201113500602879,0.000867495883867668
task_aligned,DFA,149.88246751148006,0.012028530621175166,0.0008690918013617162
task_aligned,DFA,152.437678009048,0.012045474210142779,0.000870653006461399
task_aligned,DFA,155.03644997711535,0.012061969821986887,0.0008721794951689817
task_aligned,DFA,157.67952605575576,0.012078021714948733,0.0008736712802707588
task_aligned,DFA,160.36766154564083,0.012093634350750488,0.0008751283920452012
task_aligned,DFA,163.1016246238805,0.01210881238869785,0.0008765508789642835
task_aligned,DFA,165.88219656353982,0.012123560679600494,0.0008779388083782979
task_aligned,DFA,168.7101719569014,0.012137884259519996,0.000879292267174722
task_aligned,DFA,171.5863589425323,0.012151788343354356,0.0008806113624019221
task_aligned,DFA,174.51157943622238,0.012165278318267699,0.000881896221848924
task_aligned,DFA,177.48666936585968,0.012178359736973277,0.0008831469945729051
task_aligned,DFA,180.51247891030974,0.012191038310877613,0.0008843638513667007
task_aligned,DFA,183.58987274236887,0.012203319903092988,0.0008855469851591766
task_aligned,DFA,186.7197302758561,0.01221521052132549,0.0008866966113420974
task_aligned,DFA,189.90294591692083,0.012226716310645524,0.0008878129680178909
task_aligned,DFA,193.1404293196332,0.012237843546147419,0.0008888963161634671
task_aligned,DFA,196.43310564593202,0.012248598625504911,0.0008899469397061924
task_aligned,DFA,199.7819158300045,0.012258988061429225,0.0008909651455089288
task_aligned,DFA,203.18781684717248,0.012269018474036456,0.0008919512632619977
task_aligned,DFA,206.651781987365,0.012278696583131403,0.0008929056452808106
task_aligned,DFA,210.1748011332487,0.01228802920041501,0.0008938286662087799
task_aligned,DFA,213.75788104310405,0.012297023221622976,0.0008947207226260581
task_aligned,DFA,217.402045638522,0.01230568561860357,0.0008955822325654316
task_aligned,DFA,221.10833629700576,0.012314023431343035,0.0008964136349375814
task_aligned,DFA,224.87781214956078,0.012322043759947426,0.0008972153888686502
task_aligned,DFA,228.71155038335777,0.012329753756590463,0.0008979879729537623
task_aligned,DFA,232.61064654955769,0.012337160617437282,0.0008987318844308602
task_aligned,DFA,236.57621487637996,0.012344271574554842,0.0008994476382797588
task_aligned,DFA,240.60938858751274,0.012351093887820035,0.0009001357662518749
task_aligned,DFA,244.71132022594884,0.01235763483683759,0.0009007968158365614
task_aligned,DFA,248.88318198334326,0.012363901712879991,0.0009014313491703227
task_aligned,DFA,253.12616603498518,0.012369901810862536,0.0009020399418955401
task_aligned,DFA,257.4414848804811,0.012375642421367235,0.0009026231819755588
task_aligned,DFA,261.830371690245,0.01238113082272949,0.0009031816684731183
task_aligned,DFA,266.29408065789846,0.012386374273202333,0.0009037160102992823
task_aligned,DFA,270.83388735867317,0.012391380003213198,0.0009042268249399668
task_aligned,DFA,275.45108911392856,0.012396155207728564,0.0009047147371671577
task_aligned,DFA,280.14700536188144,0.01240070703874227,0.0009051803777418343
task_aligned,DFA,284.92297803465635,0.012405042597903338,0.0009056243821154137
task_aligned,DFA,289.78037194176363,0.012409168929299299,0.0009060473891363366
task_aligned,DFA,294.7205751601149,0.012413093012411124,0.0009064500397682002
task_aligned,DFA,299.74499943069014,0.012416821755255759,0.0009068329758254644
task_aligned,DFA,304.8550805619614,0.012420361987731984,0.0009071968387325088
task_aligned,DFA,310.0522788402002,0.01242372045518531,0.0009075422683114311
task_aligned,DFA,315.3380794467765,0.012426903812207013,0.0009078699016035497
task_aligned,DFA,320.7139928825731,0.012429918616681905,0.0009081803717292397
task_aligned,DFA,326.18155539963476,0.012432771324099237,0.0009084743067902765
task_aligned,DFA,331.7423294401758,0.012435468282139846,0.0009087523288184331
task_aligned,DFA,337.3979040830756,0.01243801572555242,0.0009090150527736422
task_aligned,DFA,343.1498954979785,0.01244041977133048,0.0009092630855946441
task_aligned,DFA,348.9999474071427,0.012442686414200882,0.0009094970253045466
task_aligned,DFA,354.9497315551591,0.012444821522433527,0.0009097174601733667
task_aligned,DFA,361.00094818667867,0.01244683083398086,0.0009099249679391561
task_aligned,DFA,367.1553265322842,0.012448719952954292,0.0009101201150889549
task_aligned,DFA,373.4146253026444,0.012450494346443687,0.0009103034562003827
task_aligned,DFA,379.7806331910963,0.012452159341684612,0.0009104755333443693
task_aligned,DFA,386.2551693847879,0.01245372012357642,0.0009106368755490898
task_aligned,DFA,392.84008408454287,0.012455181732553198,0.0009107879983249077
task_aligned,DFA,399.53725903358355,0.012456549062807933,0.0009109294032497692
task_aligned,DFA,406.3486080552691,0.012457826860868729,0.0009110615776141864
task_aligned,DFA,413.27607760000024,0.012459019724524758,0.0009111849941247173
task_aligned,DFA,420.32164730144876,0.012460132102097798,0.0009113001106645219
task_aligned,DFA,427.4873305422675,0.012461168292054214,0.0009114073701094245
task_aligned,DFA,434.77517502945034,0.012462132442950549,0.0009115072001976092
task_aligned,DFA,442.18726337949096,0.012463028553704665,0.0009116000134509452
task_aligned,DFA,449.72571371352734,0.01246386047418336,0.0009116862071457552
task_aligned,DFA,457.392680262627,0.01246463190609574,0.0009117661633306624
task_aligned,DFA,465.19035398339275,0.012465346404181005,0.0009118402488890567
task_aligned,DFA,473.12096318406304,0.012466007377677989,0.0009119088156436066
task_aligned,DFA,481.1867741612851,0.012466618092063028,0.0009119722005001426
task_aligned,DFA,489.3900918477489,0.012467181671041837,0.0009120307256281786
task_aligned,DFA,497.7332604708523,0.012467701098780455,0.0009120846986753225
task_aligned,DFA,506.21866422260484,0.012468179222359672,0.0009121344130127572
task_aligned,DFA,514.848727940947,0.012468618754436844,0.0009121801480089843
task_aligned,DFA,523.6259178026861,0.012469022276098753,0.0009122221693290733
task_aligned,DFA,532.5527420282452,0.012469392239888738,0.0009122607292566241
task_aligned,DFA,541.6317515984257,0.012469730972991342,0.000912296067035745
task_aligned,DFA,550.8655409833943,0.012470040680557435,0.0009123284092303991
task_aligned,DFA,560.2567488840875,0.012470323449153253,0.0009123579700985508
task_aligned,DFA,569.8080589862665,0.01247058125031638,0.0009123849519786152
task_aligned,DFA,579.522200727421,0.01247081594420241,0.0009124095456858466
task_aligned,DFA,589.40195007675,0.012471029283306147,0.0009124319309164018
task_aligned,DFA,599.450130328438,0.012471222916241562,0.0009124522766568947
task_aligned,DFA,609.6696129084548,0.012471398391565278,0.0009124707415974499
task_aligned,DFA,620.0633181951158,0.012471557161628963,0.0009124874745463628
task_aligned,DFA,630.6342163536186,0.012471700586446276,0.000912502614844581
task_aligned,DFA,641.3853281848199,0.012471829937561105,0.0009125162927784062
task_aligned,DFA,652.3197259884747,0.012471946401904029,0.0009125286299889254
task_aligned,DFA,663.440534441196,0.012472051085625008,0.0009125397398768103
task_aligned,DFA,674.7509314893789,0.012472145017890839,0.0009125497280012969
task_aligned,DFA,686.25414925735,0.012472229154636628,0.0009125586924722028
task_aligned,DFA,697.9534749709957,0.012472304382261457,0.0009125667243340893
task_aligned,DFA,709.8522518971448,0.01247237152125907,0.0009125739079416633
task_aligned,DFA,721.9538802989517,0.012472431329775048,0.0009125803213257239
task_aligned,DFA,734.26181840758,0.01247248450708303,0.0009125860365490217
task_aligned,DFA,746.7795834104456,0.012472531696972967,0.0009125911200515122
task_aligned,DFA,759.5107524563091,0.012472573491045346,0.0009125956329845672
task_aligned,DFA,772.458963677501,0.012472610431905907,0.0009125996315338025
task_aligned,DFA,785.6279172295752,0.01247264301625634,0.0009126031672302693
task_aligned,DFA,799.0213763486926,0.01247267169787677,0.0009126062872497953
task_aligned,DFA,812.6431684270153,0.01247269689049695,0.0009126090347003627
task_aligned,DFA,826.4971861064516,0.012472718970553421,0.000912611448897459
task_aligned,DFA,840.587388391037,0.012472738279830682,0.0009126135656273575
task_aligned,DFA,854.9178017782832,0.012472755127985015,0.000912615417398394
task_aligned,DFA,869.4925214098122,0.012472769794950198,0.0009126170336802889
task_aligned,DFA,884.3157122416065,0.012472782533224893,0.0009126184411316399
task_aligned,DFA,899.3916102342182,0.012472793570041996,0.0009126196638157227
task_aligned,DFA,914.7245235632504,0.012472803109420836,0.0009126207234047921
task_aligned,DFA,930.3188338504934,0.01247281133410352,0.0009126216393730806
task_aligned,DFA,946.1789974160409,0.01247281840737715,0.0009126224291787203
task_aligned,DFA,962.3095465517534,0.012472824474784133,0.0009126231084348674
task_aligned,DFA,978.7150908164324,0.012472829665723016,0.0009126236910702701
task_aligned,DFA,995.4003183530737,0.012472834094942922,0.0009126241894796101
task_aligned,DFA,1012.3699972285774,0.012472837863934588,0.0009126246146639118
task_aligned,DFA,1029.6289767963053,0.01247284106222162,0.0009126249763613441
task_aligned,DFA,1047.1821890818485,0.012472843768555569,0.0009126252831687743
task_aligned,DFA,1065.0346501924394,0.012472846052018859,0.0009126255426544122
task_aligned,DFA,1083.1914617503814,0.012472847973039495,0.000912625761461922
task_aligned,DFA,1101.657812350918,0.012472849584321884,0.0009126259454063668
task_aligned,DFA,1120.4389790449557,0.012472850931697988,0.0009126260995623807
task_aligned,DFA,1139.540328847062,0.012472852054903238,0.0009126262283449448
task_aligned,DFA,1158.9673202691843,0.012472852988281501,0.0009126263355831586
task_aligned,DFA,1178.725504880491,0.012472853761423573,0.0009126264245874158
task_aligned,DFA,1198.8205288938298,0.012472854399743508,0.0009126264982103487
task_aligned,DFA,1219.2581347792202,0.01247285492499707,0.0009126265589019588
task_aligned,DFA,1240.0441629048537,0.012472855355746508,0.0009126266087593026
task_aligned,DFA,1261.1845532060715,0.012472855707775787,0.0009126266495711166
task_aligned,DFA,1282.6853468827933,0.012472855994460148,0.0009126266828577539
task_aligned,DFA,1304.552688125894,0.01247285622709394,0.000912626709906791
task_aligned,DFA,1326.7928258729887,0.012472856415180231,0.0009126267318046529
task_aligned,DFA,1349.412115594175,0.012472856566685817,0.0009126267494646039
task_aligned,DFA,1372.417021108207,0.012472856688264766,0.0009126267636514038
task_aligned,DFA,1395.814116429633,0.01247285678545376,0.000912626775002962
task_aligned,DFA,1419.610087647423,0.012472856862842014,0.0009126267840492663
task_aligned,DFA,1443.811734835622,0.012472856924218498,0.0009126267912288537
task_aligned,DFA,1468.4259739965912,0.012472856972699033,0.0009126267969030969
task_aligned,DFA,1493.4598390373446,0.01247285701083547,0.0009126268013685311
task_aligned,DFA,1518.9204837796128,0.012472857040709136,0.0009126268048674449
task_aligned,DFA,1544.815184004156,0.01247285706401046,0.0009126268075969415
task_aligned,DFA,1571.1513395299344,0.012472857082106516,0.0009126268097166549
task_aligned,DFA,1597.936476328722,0.012472857096098052,0.000912626811355289
task_aligned,DFA,1625.1782486757718,0.01247285710686746,0.0009126268126161336
task_aligned,DFA,1652.884441337144,0.012472857115118873,0.0009126268135816937
task_aligned,DFA,1681.0629717943361,0.012472857121411638,0.0009126268143175588
task_aligned,DFA,1709.7218925068112,0.012472857126187984,0.0009126268148756204
task_aligned,DFA,1738.8693932131264,0.012472857129795897,0.0009126268152967257
task_aligned,DFA,1768.513803271277,0.012472857132507871,0.0009126268156128701
task_aligned,DFA,1798.6635940389426,0.01247285713453625,0.000912626815848989
task_aligned,DFA,1829.32738129431,0.012472857136045661,0.0009126268160244093
task_aligned,DFA,1860.5139276981654,0.012472857137163104,0.0009126268161540362
task_aligned,DFA,1892.2321452979763,0.012472857137986033,0.0009126268162493014
task_aligned,DFA,1924.491098074628,0.012472857138588847,0.0009126268163189254
task_aligned,DFA,1957.3000045326144,0.012472857139028026,0.0009126268163695212
task_aligned,DFA,1990.6682403343664,0.012472857139346236,0.0009126268164060782
task_aligned,DFA,2024.6053409794958,0.012472857139575503,0.0009126268164323365
task_aligned,DFA,2059.1210045297153,0.012472857139739743,0.0009126268164510852
task_aligned,DFA,2094.225094380206,0.012472857139856727,0.0009126268164643903
task_aligned,DFA,2129.9276420782594,0.012472857139939557,0.0009126268164737744
task_aligned,DFA,2166.238850189919,0.012472857139997852,0.0009126268164803511
task_aligned,DFA,2203.1690952155477,0.012472857140038634,0.0009126268164849305
task_aligned,DFA,2240.7289305550667,0.01247285714006699,0.0009126268164880989
task_aligned,DFA,2278.9290895237596,0.012472857140086578,0.0009126268164902755
task_aligned,DFA,2317.7804884194848,0.012472857140100026,0.0009126268164917613
task_aligned,DFA,2357.2942296421747,0.012472857140109194,0.0009126268164927687
task_aligned,DFA,2397.4816048665425,0.012472857140115408,0.0009126268164934466
task_aligned,DFA,2438.3540982688264,0.012472857140119586,0.0009126268164938997
task_aligned,DFA,2479.923389808593,0.012472857140122386,0.0009126268164941999
task_aligned,DFA,2522.2013585664654,0.012472857140124242,0.0009126268164943981
task_aligned,DFA,2565.200086138758,0.01247285714012546,0.0009126268164945269
task_aligned,DFA,2608.9318600899833,0.012472857140126263,0.0009126268164946108
task_aligned,DFA,2653.409177464217,0.012472857140126786,0.0009126268164946643
task_aligned,DFA,2698.6447483563197,0.012472857140127119,0.0009126268164946987
task_aligned,DFA,2744.6514995440693,0.012472857140127334,0.0009126268164947206
task_aligned,DFA,2791.4425781821587,0.012472857140127469,0.0009126268164947342
task_aligned,DFA,2839.0313555592247,0.012472857140127556,0.0009126268164947427
task_aligned,DFA,2887.431430918898,0.01247285714012761,0.0009126268164947479
task_aligned,DFA,2936.6566353460034,0.012472857140127639,0.0009126268164947509
task_aligned,DFA,2986.7210357190083,0.01247285714012766,0.000912626816494753
task_aligned,DFA,3037.6389387298505,0.012472857140127674,0.0009126268164947541
task_aligned,DFA,3089.424894972325,0.012472857140127682,0.0009126268164947549
task_aligned,DFA,3142.0937031001095,0.012472857140127686,0.0009126268164947553
task_aligned,DFA,3195.6604140557356,0.012472857140127691,0.0009126268164947555
task_aligned,DFA,3250.1403353716296,0.012472857140127691,0.0009126268164947557
task_aligned,DFA,3305.54903554448,0.012472857140127695,0.0009126268164947559
task_aligned,DFA,3361.9023484841796,0.012472857140127695,0.0009126268164947559
task_aligned,DFA,3419.2163780386104,0.012472857140127695,0.0009126268164947559
task_aligned,DFA,3477.507502595599,0.012472857140127695,0.0009126268164947559
task_aligned,DFA,3536.7923797632566,0.012472857140127695,0.0009126268164947559
task_aligned,DFA,3597.087951130182,0.012472857140127695,0.0009126268164947559
task_aligned,DFA,3658.411447106781,0.012472857140127695,0.0009126268164947559
task_aligned,DFA,3720.7803918491268,0.012472857140127695,0.0009126268164947559
task_aligned,DFA,3784.2126082667646,0.012472857140127695,0.0009126268164947559
task_aligned,DFA,3848.7262231158825,0.012472857140127695,0.0009126268164947559
task_aligned,DFA,3914.3396721793456,0.012472857140127695,0.0009126268164947559
task_aligned,DFA,3981.0717055349733,0.012472857140127695,0.0009126268164947559
task_aligned,nDFA_0.01,0.0,0.02,7.951493745174844e-18
task_aligned,nDFA_0.01,0.001,0.019961480100537273,1.0015222732880141e-06
task_aligned,nDFA_0.01,0.0010170480946837376,0.01996082422074729,1.018572479958167e-06
task_aligned,nDFA_0.01,0.0010343868268998197,0.019960157187327604,1.0359125411576137e-06
task_aligned,nDFA_0.01,0.0010520211514644187,0.019959478811087415,1.0535473702284093e-06
task_aligned,nDFA_0.01,0.0010699561076638788,0.019958788899643466,1.0714819633142117e-06
task_aligned,nDFA_0.01,0.0010881968206947759,0.0199580872573667,1.0897214007334694e-06
task_aligned,nDFA_0.01,0.0011067485031285215,0.019957373685328142,1.1082708483836781e-06
task_aligned,nDFA_0.01,0.0011256164564009414,0.01995664798124381,1.1271355591608817e-06
task_aligned,nDFA_0.01,0.0011448060723272377,0.019955909939418776,1.1463208744111714e-06
task_aligned,nDFA_0.01,0.0011643228346427902,0.019955159350690303,1.1658322253977976e-06
task_aligned,nDFA_0.01,0.001184172320570217,0.019954396002370083,1.1856751347947112e-06
task_aligned,nDFA_0.01,0.0012043602024131594,0.019953619678185472,1.2058552182051596e-06
task_aligned,nDFA_0.01,0.0012248922491772242,0.019952830158219834,1.2263781857057032e-06
task_aligned,nDFA_0.01,0.0012457743282185726,0.0199520272188519,1.247249843410255e-06
task_aligned,nDFA_0.01,0.0012670124069206123,0.019951210632694123,1.2684760950656605e-06
task_aligned,nDFA_0.01,0.0012886125543992652,0.01995038016853006,1.2900629436669293e-06
task_aligned,nDFA_0.01,0.0013105809432373168,0.019949535591250726,1.3120164931044346e-06
task_aligned,nDFA_0.01,0.0013329238512483272,0.019948676661789906,1.334342949833725e-06
task_aligned,nDFA_0.01,0.001355647663270621,0.019947803137058455,1.3570486245684272e-06
task_aligned,nDFA_0.01,0.001378758872991846,0.01994691476987754,1.3801399340121938e-06
task_aligned,nDFA_0.01,0.0014022640848046527,0.019946011308910737,1.4036234026053397e-06
task_aligned,nDFA_0.01,0.0014261700156940071,0.019945092498595118,1.427505664306488e-06
task_aligned,nDFA_0.01,0.0014504834971566661,0.01994415807907122,1.451793464400838e-06
task_aligned,nDFA_0.01,0.0014752114771533916,0.01994320778611177,1.4764936613400909e-06
task_aligned,nDFA_0.01,0.0015003610220944376,0.019942241351049467,1.5016132286039102e-06
task_aligned,nDFA_0.01,0.0015259393188588929,0.019941258500703437,1.5271592566004995e-06
task_aligned,nDFA_0.01,0.0015519536768484371,0.019940258957304606,1.5531389545914012e-06
task_aligned,nDFA_0.01,0.0015784115300761239,0.019939242438419793,1.5795596526492944e-06
task_aligned,nDFA_0.01,0.0016053204392907632,0.01993820865687468,1.6064288036425573e-06
task_aligned,nDFA_0.01,0.0016326880941375313,0.019937157320675518,1.6337539852611172e-06
task_aligned,nDFA_0.01,0.001660522315355399,0.019936088132929554,1.6615429020615523e-06
task_aligned,nDFA_0.01,0.0016888310570120353,0.019935000791764215,1.689803387552366e-06
task_aligned,nDFA_0.01,0.001717622408776813,0.01993389499024506,1.7185434063154023e-06
task_aligned,nDFA_0.01,0.0017469045982325495,0.0199327704162923,1.7477710561444975e-06
task_aligned,nDFA_0.01,0.0017766859932266746,0.019931626752596125,1.7774945702421901e-06
task_aligned,nDFA_0.01,0.0018069751042624714,0.019930463676530612,1.8077223194283978e-06
task_aligned,nDFA_0.01,0.0018377805869310945,0.0199292808600663,1.8384628143940023e-06
task_aligned,nDFA_0.01,0.0018691112443850306,0.019928077969681386,1.8697247079937181e-06
task_aligned,nDFA_0.01,0.001900976029853745,0.019926854666271504,1.90151679756272e-06
task_aligned,nDFA_0.01,0.0019333840492022055,0.01992561060505809,1.9338480272814727e-06
task_aligned,nDFA_0.01,0.0019663445635330324,0.019924345435495306,1.9667274905680683e-06
task_aligned,nDFA_0.01,0.0019998669918329963,0.019923058801175494,2.0001644325128764e-06
task_aligned,nDFA_0.01,0.0020339609136646444,0.0199217503397332,2.0341682523524826e-06
task_aligned,nDFA_0.01,0.0020686360719038206,0.019920419682747582,2.068748505975567e-06
task_aligned,nDFA_0.01,0.002103902375523832,0.01991906645564343,2.1039149084702902e-06
task_aligned,nDFA_0.01,0.002139769902427103,0.019917690277590515,2.1396773367181323e-06
task_aligned,nDFA_0.01,0.0021762489023250896,0.019916290761401476,2.1760458320103645e-06
task_aligned,nDFA_0.01,0.002213349799667308,0.01991486751342803,2.2130306027273947e-06
task_aligned,nDFA_0.01,0.0022510831966202675,0.019913420133455647,2.2506420270370448e-06
task_aligned,nDFA_0.01,0.0022894598760972184,0.01991194821459654,2.288890655652461e-06
task_aligned,nDFA_0.01,0.0023284908048395417,0.019910451343181,2.327787214616602e-06
task_aligned,nDFA_0.01,0.0023681871365506583,0.019908929098647124,2.367342608142088e-06
task_aligned,nDFA_0.01,0.0024085602150833835,0.019907381053428708,2.407567921486164e-06
task_aligned,nDFA_0.01,0.0024496215776816056,0.019905806772841574,2.448474423870673e-06
task_aligned,nDFA_0.01,0.0024913829582772482,0.019904205814968032,2.490073571447461e-06
task_aligned,nDFA_0.01,0.002533856290843409,0.019902577730539626,2.532377010312632e-06
task_aligned,nDFA_0.01,0.0025770537128046917,0.01990092206281806,2.5753965795531035e-06
task_aligned,nDFA_0.01,0.002620987568505661,0.01989923834747436,2.6191443143548637e-06
task_aligned,nDFA_0.01,0.0026656704127384443,0.019897526112466122,2.663632449146837e-06
task_aligned,nDFA_0.01,0.002711115014330447,0.01989578487791294,2.708873420796269e-06
task_aligned,nDFA_0.01,0.0027573343597932553,0.019894014155969975,2.754879871851265e-06
task_aligned,nDFA_0.01,0.0028043416570337305,0.01989221345069951,2.801664653827508e-06
task_aligned,nDFA_0.01,0.002852150339128391,0.01989038225794071,2.849240830553324e-06
task_aligned,nDFA_0.01,0.0029007740681621062,0.019888520065177256,2.8976216815511984e-06
task_aligned,nDFA_0.01,0.0029502267391322613,0.019886626351403168,2.94682070548057e-06
task_aligned,nDFA_0.01,0.0030005224839194824,0.019884700586986485,2.9968516236245267e-06
task_aligned,nDFA_0.01,0.0030516756753260254,0.01988274223353095,3.0477283834295285e-06
task_aligned,nDFA_0.01,0.003103700931183042,0.01988075074373568,3.0994651620970456e-06
task_aligned,nDFA_0.01,0.003156613118527852,0.019878725561252662,3.1520763702258168e-06
task_aligned,nDFA_0.01,0.0032104273578524426,0.019876666120542234,3.2055766555131063e-06
task_aligned,nDFA_0.01,0.003265159027424373,0.01987457184672633,3.2599809064976934e-06
task_aligned,nDFA_0.01,0.0033208237676813604,0.019872442155439686,3.3153042563700763e-06
task_aligned,nDFA_0.01,0.0033774374857007982,0.019870276452678727,3.3715620868256275e-06
task_aligned,nDFA_0.01,0.00343501635974543,0.019868074134648344,3.42877003198262e-06
task_aligned,nDFA_0.01,0.003493576843886558,0.019865834587606386,3.486943982351635e-06
task_aligned,nDFA_0.01,0.003553135672706045,0.019863557187705903,3.5461000888573546e-06
task_aligned,nDFA_0.01,0.0036137098660785033,0.019861241300835084,3.606254766926542e-06
task_aligned,nDFA_0.01,0.0036753167340349666,0.019858886282454906,3.667424700625839e-06
task_aligned,nDFA_0.01,0.0037379738817095156,0.019856491477434443,3.729626846860353e-06
task_aligned,nDFA_0.01,0.0038016992143702377,0.019854056219883766,3.7928784396322165e-06
task_aligned,nDFA_0.01,0.0038665109425359123,0.019851579832984523,3.8571969943568855e-06
task_aligned,nDFA_0.01,0.003932427587179972,0.019849061628818054,3.922600312238217e-06
task_aligned,nDFA_0.01,0.003999467985023157,0.01984650090819106,3.989106484706214e-06
task_aligned,nDFA_0.01,0.004067651293916405,0.019843896960458855,4.056733897915667e-06
task_aligned,nDFA_0.01,0.00413699699831552,0.019841249063346077,4.1255012373043735e-06
task_aligned,nDFA_0.01,0.004207524914849136,0.01983855648276493,4.19542749221252e-06
task_aligned,nDFA_0.01,0.004279255197981669,0.01983581847263082,4.266531960572579e-06
task_aligned,nDFA_0.01,0.0043522083457727375,0.019833034274675504,4.3388342536474435e-06
task_aligned,nDFA_0.01,0.004426405205734824,0.019830203118257596,4.412354300849835e-06
task_aligned,nDFA_0.01,0.0045018669807907795,0.019827324220170466,4.487112354608844e-06
task_aligned,nDFA_0.01,0.004578615235332888,0.019824396784447536,4.563128995315735e-06
task_aligned,nDFA_0.01,0.004656671901385246,0.01982142000216487,4.640425136326102e-06
task_aligned,nDFA_0.01,0.004736059284871162,0.01981839305124112,4.7190220290263845e-06
task_aligned,nDFA_0.01,0.0048168000719874355,0.019815315096234725,4.798941267975881e-06
task_aligned,nDFA_0.01,0.004898917335687311,0.01981218528813844,4.880204796103115e-06
task_aligned,nDFA_0.01,0.004982434542273912,0.019809002764171017,4.962834909980749e-06
task_aligned,nDFA_0.01,0.005067375558106122,0.019805766647566243,5.046854265158201e-06
task_aligned,nDFA_0.01,0.005153764656418767,0.019802476047359067,5.132285881567538e-06
task_aligned,nDFA_0.01,0.0052416265242590954,0.019799130058168964,5.219153148995865e-06
task_aligned,nDFA_0.01,0.0053309862695414545,0.019795727759980467,5.3074798326273585e-06
task_aligned,nDFA_0.01,0.005421869428222296,0.019792268217920846,5.3972900786489e-06
task_aligned,nDFA_0.01,0.005514301971597493,0.019788750482034864,5.488608419935587e-06
task_aligned,nDFA_0.01,0.005608310313724007,0.01978517358705672,5.581459781795815e-06
task_aligned,nDFA_0.01,0.0057039213189681555,0.01978153655217901,5.675869487786415e-06
task_aligned,nDFA_0.01,0.005801162309682508,0.01977783838081881,5.771863265605874e-06
task_aligned,nDFA_0.01,0.005900061074013706,0.01977407806038079,5.869467253050152e-06
task_aligned,nDFA_0.01,0.006000645873843326,0.019770254562017368,5.968708004043123e-06
task_aligned,nDFA_0.01,0.0061029454528641796,0.0197663668403859,6.06961249473282e-06
task_aligned,nDFA_0.01,0.006206989044794294,0.01976241383340291,6.172208129663753e-06
task_aligned,nDFA_0.01,0.006312806381730868,0.019758394461995232,6.276522748019074e-06
task_aligned,nDFA_0.01,0.006420427702646719,0.019754307629848276,6.382584629929634e-06
task_aligned,nDFA_0.01,0.006529883762031532,0.019750152223151123,6.490422502860071e-06
task_aligned,nDFA_0.01,0.006641205838680439,0.01974592711033872,6.6000655480583035e-06
task_aligned,nDFA_0.01,0.006754425744632454,0.01974163114183094,6.711543407085641e-06
task_aligned,nDFA_0.01,0.006869575834261216,0.01973726314976868,6.82488618840798e-06
task_aligned,nDFA_0.01,0.006986689013520816,0.01973282194774682,6.94012447406619e-06
task_aligned,nDFA_0.01,0.007105798749349149,0.019728306330544176,7.05728932640938e-06
task_aligned,nDFA_0.01,0.007226939079231637,0.01972371507385044,7.176412294904228e-06
task_aligned,nDFA_0.01,0.007350144620927981,0.019719046933989924,7.297525423015961e-06
task_aligned,nDFA_0.01,0.007475450582364718,0.01971430064764241,7.420661255148199e-06
task_aligned,nDFA_0.01,0.007602892771696472,0.01970947493156084,7.545852843667875e-06
task_aligned,nDFA_0.01,0.007732507607538658,0.019704568482285946,7.673133755987939e-06
task_aligned,nDFA_0.01,0.00786433212937469,0.01969957997585793,7.802538081720955e-06
task_aligned,nDFA_0.01,0.00799840400814063,0.019694508067525006,7.934100439904099e-06
task_aligned,nDFA_0.01,0.008134761556990196,0.019689351391448943,8.067855986290205e-06
task_aligned,nDFA_0.01,0.008273443742243394,0.01968410856040765,8.203840420703957e-06
task_aligned,nDFA_0.01,0.008414490194521727,0.01967877816549466,8.342089994463983e-06
task_aligned,nDFA_0.01,0.008557941220073315,0.019673358775815702,8.482641517876243e-06
task_aligned,nDFA_0.01,0.008703837812290985,0.0196678489381823,8.625532367781824e-06
task_aligned,nDFA_0.01,0.008852221663426809,0.019662247176802403,8.770800495179272e-06
task_aligned,nDFA_0.01,0.009003135176506341,0.019656551992968115,8.918484432900608e-06
task_aligned,nDFA_0.01,0.00915662147744591,0.01965076186474051,9.068623303355112e-06
task_aligned,nDFA_0.01,0.009312724427376552,0.019644875246631624,9.221256826327283e-06
task_aligned,nDFA_0.01,0.009471488635178014,0.0196388905692836,9.376425326841214e-06
task_aligned,nDFA_0.01,0.009632959470226472,0.019632806239145026,9.534169743076725e-06
task_aligned,nDFA_0.01,0.0097971830753595,0.019626620638144535,9.694531634342974e-06
task_aligned,nDFA_0.01,0.00996420638006213,0.019620332123361693,9.85755318910876e-06
task_aligned,nDFA_0.01,0.010134077113877737,0.019613939026695268,1.0023277233083423e-05
task_aligned,nDFA_0.01,0.010306843820047417,0.01960743965452877,1.0191747237349185e-05
task_aligned,nDFA_0.01,0.010482555869382074,0.019600832287393597,1.0363007326548282e-05
task_aligned,nDFA_0.01,0.01066126347437087,0.019594115179629525,1.0537102287105324e-05
task_aligned,nDFA_0.01,0.010843017703530211,0.01958728655904287,1.0714077575507452e-05
task_aligned,nDFA_0.01,0.011027870495997438,0.01958034462656224,1.0893979326621404e-05
task_aligned,nDFA_0.01,0.011215874676373193,0.019573287555891973,1.1076854362049654e-05
task_aligned,nDFA_0.01,0.011407083969816937,0.019566113493163388,1.1262750198530132e-05
task_aligned,nDFA_0.01,0.011601553017399714,0.019558820556583884,1.1451715056365984e-05
task_aligned,nDFA_0.01,0.011799337391718746,0.019551406836083942,1.1643797867890561e-05
task_aligned,nDFA_0.01,0.012000493612778126,0.01954387039296227,1.1839048285963023e-05
task_aligned,nDFA_0.01,0.01220507916414035,0.019536209259528908,1.2037516692487629e-05
task_aligned,nDFA_0.01,0.012413152509353128,0.019528421438746786,1.2239254206960919e-05
task_aligned,nDFA_0.01,0.012624773108656248,0.01952050490387141,1.2444312695030952e-05
task_aligned,nDFA_0.01,0.012840001435973322,0.019512457598089176,1.2652744777084154e-05
task_aligned,nDFA_0.01,0.013058898996193115,0.01950427743415415,1.286460383683423e-05
task_aligned,nDFA_0.01,0.013281528342745581,0.01949596229402364,1.3079944029928027e-05
task_aligned,nDFA_0.01,0.013507953095477445,0.01948751002849254,1.329882029254737e-05
task_aligned,nDFA_0.01,0.01373823795883263,0.01947891845682665,1.3521288350021504e-05
task_aligned,nDFA_0.01,0.01397244874034252,0.01947018536639526,1.3747404725425195e-05
task_aligned,nDFA_0.01,0.014210652369431549,0.019461308512302784,1.3977226748176975e-05
task_aligned,nDFA_0.01,0.01445291691654329,0.01945228561702007,1.421081256261503e-05
task_aligned,nDFA_0.01,0.014699311612592705,0.019443114370015235,1.4448221136561134e-05
task_aligned,nDFA_0.01,0.014949906868749948,0.01943379242738427,1.4689512269854165e-05
task_aligned,nDFA_0.01,0.015204774296561448,0.019424317411481658,1.4934746602858592e-05
task_aligned,nDFA_0.01,0.015463986728414087,0.01941468691055125,1.5183985624935712e-05
task_aligned,nDFA_0.01,0.015727618238348142,0.01940489847835742,1.543729168286844e-05
task_aligned,nDFA_0.01,0.01599574416322518,0.019394949633816955,1.569472798924441e-05
task_aligned,nDFA_0.01,0.01626844112425668,0.019384837860631644,1.595635863078083e-05
task_aligned,nDFA_0.01,0.016545787048899814,0.019374560606922088,1.622224857658582e-05
task_aligned,nDFA_0.01,0.01682786119312641,0.019364115284862687,1.6492463686352685e-05
task_aligned,nDFA_0.01,0.01711474416407161,0.01935349927031838,1.6767070718481026e-05
task_aligned,nDFA_0.01,0.01740651794306865,0.019342709902483043,1.7046137338103095e-05
task_aligned,nDFA_0.01,0.017703265909076255,0.019331744483520173,1.7329732125029942e-05
task_aligned,nDFA_0.01,0.018005072862505567,0.019320600278205948,1.7617924581588995e-05
task_aligned,nDFA_0.01,0.01831202504945315,0.019309274513574934,1.7910785140354495e-05
task_aligned,nDFA_0.01,0.0186242101863472,0.01929776437856901,1.8208385171760493e-05
task_aligned,nDFA_0.01,0.018941717485013866,0.019286067023689527,1.8510796991582506e-05
task_aligned,nDFA_0.01,0.01926463767817099,0.019274179560653228,1.8818093868286084e-05
task_aligned,nDFA_0.01,0.019593063045356338,0.019262099062052333,1.91303500302212e-05
task_aligned,nDFA_0.01,0.01992708743929801,0.019249822561018985,1.944764067266905e-05
task_aligned,nDFA_0.01,0.02026680631273427,0.01923734705089456,1.977004196470549e-05
task_aligned,nDFA_0.01,0.020612316745690726,0.019224669484904325,2.0097631055896253e-05
task_aligned,nDFA_0.01,0.02096371747322245,0.019211786775837604,2.0430486082794627e-05
task_aligned,nDFA_0.01,0.02132110891362906,0.019198695795734213,2.0768686175236526e-05
task_aligned,nDFA_0.01,0.021684593197150888,0.019185393375577384,2.1112311462416758e-05
task_aligned,nDFA_0.01,0.022054274195154235,0.019171876304993694,2.1461443078740385e-05
task_aligned,nDFA_0.01,0.022430257549814335,0.01915814133196057,2.181616316942634e-05
task_aligned,nDFA_0.01,0.022812650704304178,0.019144185162521827,2.21765548958585e-05
task_aligned,nDFA_0.01,0.02320156293349819,0.01913000446051169,2.2542702440662456e-05
task_aligned,nDFA_0.01,0.02359710537519915,0.019115595847288017,2.2914691012502624e-05
task_aligned,nDFA_0.01,0.023999391061897666,0.019100955901475074,2.3292606850569124e-05
task_aligned,nDFA_0.01,0.024408534953072943,0.019086081158716704,2.3676537228758514e-05
task_aligned,nDFA_0.01,0.024824653968044234,0.019070968111440167,2.406657045951372e-05
task_aligned,nDFA_0.01,0.025247867019382475,0.019055613208631646,2.446279589732005e-05
task_aligned,nDFA_0.01,0.025678295046891307,0.01904001285562379,2.486530394183092e-05
task_aligned,nDFA_0.01,0.026116061052167662,0.019024163413896098,2.527418604061211e-05
task_aligned,nDFA_0.01,0.026561290133751272,0.019008061200888774,2.568953469148287e-05
task_aligned,nDFA_0.01,0.02701410952287369,0.01899170248983089,2.6111443444428656e-05
task_aligned,nDFA_0.01,0.02747464861981648,0.01897508350958346,2.6540006903086023e-05
task_aligned,nDFA_0.01,0.02794303903088952,0.01895820044449826,2.6975320725754516e-05
task_aligned,nDFA_0.01,0.028419414606039497,0.01894104943429321,2.741748162592881e-05
task_aligned,nDFA_0.01,0.02890391147709964,0.018923626573945175,2.7866587372336926e-05
task_aligned,nDFA_0.01,0.029396668096691603,0.01890592791360087,2.832273678843908e-05
task_aligned,nDFA_0.01,0.029897825277790394,0.018887949458506997,2.878602975139172e-05
task_aligned,nDFA_0.01,0.030407526233964005,0.01886968716896027,2.9256567190434108e-05
task_aligned,nDFA_0.01,0.03092591662029884,0.018851136960278493,2.9734451084684505e-05
task_aligned,nDFA_0.01,0.03145314457502307,0.018832294702793455,3.021978446031416e-05
task_aligned,nDFA_0.01,0.031989360761839336,0.01881315622186683,3.0712671387081184e-05
task_aligned,nDFA_0.01,0.03253471841297941,0.018793717297929974,3.12132169741939e-05
task_aligned,nDFA_0.01,0.03308937337299261,0.018773973666548663,3.172152736547935e-05
task_aligned,nDFA_0.01,0.03365348414328091,0.018753921018514075,3.223770973382884e-05
task_aligned,nDFA_0.01,0.034227211927393225,0.018733554999960888,3.276187227489278e-05
task_aligned,nDFA_0.01,0.03481072067709176,0.018712871212513804,3.32941241999981e-05
task_aligned,nDFA_0.01,0.03540417713920396,0.018691865213463672,3.38345757282581e-05
task_aligned,nDFA_0.01,0.036007750903272906,0.0186705325159744,3.438333807784558e-05
task_aligned,nDFA_0.01,0.036621614450020344,0.018648868589322038,3.49405234563962e-05
task_aligned,nDFA_0.01,0.0372459432006356,0.018626868859167138,3.5506245050515424e-05
task_aligned,nDFA_0.01,0.03788091556690515,0.01860452870786198,3.6080617014353e-05
task_aligned,nDFA_0.01,0.03852671300219639,0.0185818434747939,3.66637544572179e-05
task_aligned,nDFA_0.01,0.039183520053311,0.018558808456766045,3.7255773430191564e-05
task_aligned,nDFA_0.01,0.03985152441322198,0.018535418908417357,3.785679091171866e-05
task_aligned,nDFA_0.01,0.04053091697470985,0.018511670042682896,3.846692479212397e-05
task_aligned,nDFA_0.01,0.0412218918849134,0.01848755703129631,3.9086293857040485e-05
task_aligned,nDFA_0.01,0.04192464660081018,0.0184630750053359,3.971501776969101e-05
task_aligned,nDFA_0.01,0.04263938194564303,0.018438219055816045,4.0353217052006724e-05
task_aligned,nDFA_0.01,0.04336630216630838,0.01841298423432546,4.1001013064529604e-05
task_aligned,nDFA_0.01,0.04410561499172318,0.01838736555371418,4.165852798507462e-05
task_aligned,nDFA_0.01,0.04485753169218653,0.01836135798883099,4.232588478609927e-05
task_aligned,nDFA_0.01,0.04562226713975368,0.018334956477313022,4.300320721075732e-05
task_aligned,nDFA_0.01,0.04640003986963895,0.018308155920429413,4.369061974757986e-05
task_aligned,nDFA_0.01,0.04719107214266573,0.018280951183980987,4.4388247603757555e-05
task_aligned,nDFA_0.01,0.04799559000878098,0.018253337099257826,4.509621667698023e-05
task_aligned,nDFA_0.01,0.04881382337165251,0.018225308464056688,4.581465352578394e-05
task_aligned,nDFA_0.01,0.049646006054367676,0.018196860043760383,4.6543685338378724e-05
task_aligned,nDFA_0.01,0.05049237586625192,0.01816798657248116,4.728343989990115e-05
task_aligned,nDFA_0.01,0.05135317467082665,0.018138682754270226,4.80340455580601e-05
task_aligned,nDFA_0.01,0.05222864845492539,0.018108943264395515,4.879563118712382e-05
task_aligned,nDFA_0.01,0.0531190473989886,0.01807876275069007,4.956832615021339e-05
task_aligned,nDFA_0.01,0.054024625948556476,0.018048135834973163,5.035226025985533e-05
task_aligned,nDFA_0.01,0.05494564288698094,0.01801705711454655,5.114756373675045e-05
task_aligned,nDFA_0.01,0.055882361409377024,0.017985521163768163,5.19543671667102e-05
task_aligned,nDFA_0.01,0.0568350491978349,0.0179535225357058,5.2772801455733304e-05
task_aligned,nDFA_0.01,0.05780397849791447,0.017921055763873015,5.3602997783157624e-05
task_aligned,nDFA_0.01,0.05878942619644362,0.01788811536405001,5.4445087552858326e-05
task_aligned,nDFA_0.01,0.05979167390064319,0.01785469583619179,5.5299202342445764e-05
task_aligned,nDFA_0.01,0.06081100801860048,0.01782079166642645,5.616547385041552e-05
task_aligned,nDFA_0.01,0.06184771984111511,0.017786397329146032,5.704403384121657e-05
task_aligned,nDFA_0.01,0.06290210562493968,0.01775150728919274,5.7935014088185276e-05
task_aligned,nDFA_0.01,0.06397446667744011,0.017716116004143197,5.88385463143113e-05
task_aligned,nDFA_0.01,0.0650651094426987,0.017680217926693588,5.975476213078869e-05
task_aligned,nDFA_0.01,0.06617434558908554,0.017643807507148383,6.068379297332027e-05
task_aligned,nDFA_0.01,0.06730249209832263,0.017606879196015668,6.162577003612226e-05
task_aligned,nDFA_0.01,0.06844987135606631,0.017569427446711743,6.258082420360593e-05
task_aligned,nDFA_0.01,0.06961681124403418,0.017531446718378155,6.354908597969065e-05
task_aligned,nDFA_0.01,0.07080364523370232,0.017492931478814016,6.453068541470848e-05
task_aligned,nDFA_0.01,0.07201071248160025,0.017453876207526524,6.552575202988295e-05
task_aligned,nDFA_0.01,0.07323835792622993,0.017414275398902907,6.65344147393274e-05
task_aligned,nDFA_0.01,0.07448693238663776,0.017374123565506713,6.755680176954975e-05
task_aligned,nDFA_0.01,0.07575679266266629,0.017333415241501567,6.859304057642655e-05
task_aligned,nDFA_0.01,0.07704830163691566,0.01729214498620547,6.964325775962273e-05
task_aligned,nDFA_0.01,0.07836182837844297,0.017250307387778867,7.07075789744343e-05
task_aligned,nDFA_0.01,0.07969774824822941,0.017207897067049487,7.178612884102817e-05
task_aligned,nDFA_0.01,0.0810564430064459,0.017164908681477277,7.287903085106678e-05
task_aligned,nDFA_0.01,0.08243830092154673,0.017121336929262425,7.398640727170118e-05
task_aligned,nDFA_0.01,0.0838437168812237,0.017077176553599825,7.510837904691819e-05
task_aligned,nDFA_0.01,0.08527309250525125,0.017032422347083024,7.624506569623971e-05
task_aligned,nDFA_0.01,0.08672683626025589,0.016987069156260862,7.739658521076303e-05
task_aligned,nDFA_0.01,0.0882053635764417,0.01694111188635005,7.856305394655428e-05
task_aligned,nDFA_0.01,0.08970909696630631,0.01689454550610673,7.974458651538719e-05
task_aligned,nDFA_0.01,0.0912384661453805,0.016847365052860178,8.094129567285138e-05
task_aligned,nDFA_0.01,0.09279390815502589,0.016799565637711893,8.215329220383572e-05
task_aligned,nDFA_0.01,0.09437586748732682,0.016751142450902878,8.33806848054143e-05
task_aligned,nDFA_0.01,0.09598479621211059,0.016702090767352483,8.462357996716684e-05
task_aligned,nDFA_0.01,0.09762115410613391,0.01665240595237152,8.588208184895379e-05
task_aligned,nDFA_0.01,0.09928540878447097,0.016602083467552795,8.715629215621208e-05
task_aligned,nDFA_0.01,0.10097803583414221,0.01655111887684183,8.84463100127949e-05
task_aligned,nDFA_0.01,0.10269951895002051,0.016499507852790647,8.975223183143151e-05
task_aligned,nDFA_0.01,0.10445035007305466,0.01644724618299735,9.10741511818679e-05
task_aligned,nDFA_0.01,0.10623102953084963,0.0163943297767341,9.241215865675753e-05
task_aligned,nDFA_0.01,0.10804206618064248,0.016340754671766124,9.376634173539761e-05
task_aligned,nDFA_0.01,0.10988397755471659,0.016286517041364197,9.513678464539342e-05
task_aligned,nDFA_0.01,0.1117572900082951,0.016231613201512774,9.652356822236648e-05
task_aligned,nDFA_0.01,0.11366253886995442,0.016176039618316297,9.792676976781423e-05
task_aligned,nDFA_0.01,0.11560026859460341,0.01611979291560539,9.934646290525886e-05
task_aligned,nDFA_0.01,0.11757103291906959,0.016062869882745107,0.00010078271743481583
task_aligned,nDFA_0.01,0.11957539502033872,0.01600526748264679,0.00010223559918634401
task_aligned,nDFA_0.01,0.12161392767649076,0.01594698285998531,0.00010370516987134232
task_aligned,nDFA_0.01,0.12368721343038079,0.015888013349622886,0.00010519148693377271
task_aligned,nDFA_0.01,0.12579584475610944,0.015828356485240662,0.00010669460340001387
task_aligned,nDFA_0.01,0.12794042422833235,0.015768010008179113,0.00010821456772815255
task_aligned,nDFA_0.01,0.13012156469445452,0.01570697187648787,0.00010975142365684539
task_aligned,nDFA_0.01,0.13233988944976152,0.01564524027418538,0.0001113052100540011
task_aligned,nDFA_0.01,0.13459603241553642,0.015582813620728678,0.00011287596076554536
task_aligned,nDFA_0.01,0.1368906383202119,0.015519690580693048,0.00011446370446456035
task_aligned,nDFA_0.01,0.13922436288361215,0.015455870073661237,0.00011606846450109467
task_aligned,nDFA_0.01,0.14159787300433485,0.015391351284321338,0.00011769025875298508
task_aligned,nDFA_0.01,0.14401184695032862,0.015326133672772335,0.0001193290994780194
task_aligned,nDFA_0.01,0.14646697455271773,0.015260216985035772,0.00012098499316783127
task_aligned,nDFA_0.01,0.1489639574029329,0.015193601263771705,0.0001226579404039048
task_aligned,nDFA_0.01,0.15150350905320234,0.015126286859196574,0.00012434793571612304
task_aligned,nDFA_0.01,0.15408635522045983,0.015058274440200433,0.00012605496744428938
task_aligned,nDFA_0.01,0.15671323399373024,0.014989565005660083,0.00012777901760310909
task_aligned,nDFA_0.01,0.15938489604504993,0.01492015989594476,0.00012952006175111534
task_aligned,nDFA_0.01,0.1621021048439836,0.014850060804609913,0.00013127806886407696
task_aligned,nDFA_0.01,0.164865636875797,0.014779269790274555,0.00013305300121343506
task_aligned,nDFA_0.01,0.16767628186335026,0.014707789288676854,0.0001348448142503599
task_aligned,nDFA_0.01,0.17053484299277355,0.01463562212490202,0.00013665345649604497
task_aligned,nDFA_0.01,0.1734421371429907,0.014562771525776192,0.00013847886943888036
task_aligned,nDFA_0.01,0.1763989951191542,0.014489241132419065,0.00014032098743919585
task_aligned,nDFA_0.01,0.1794062618900615,0.014415035012947539,0.00014217973764227943
task_aligned,nDFA_0.01,0.1824647968296187,0.014340157675321884,0.00014405503990042962
task_aligned,nDFA_0.01,0.18557547396241897,0.014264614080325316,0.0001459468067048149
task_aligned,nDFA_0.01,0.18873918221350977,0.01418840965466683,0.00014785494312797063
task_aligned,nDFA_0.01,0.19195682566241667,0.014111550304196746,0.00014977934677778347
task_aligned,nDFA_0.01,0.19522932380149927,0.014034042427223318,0.00015171990776385652
task_aligned,nDFA_0.01,0.1985576117987093,0.013955892927917985,0.0001536765086771894
task_aligned,nDFA_0.01,0.20194264076483048,0.013877109229796004,0.0001556490245841353
task_aligned,nDFA_0.01,0.2053853780252731,0.013797699289258341,0.0001576373230356485
task_aligned,nDFA_0.01,0.2088868073965032,0.013717671609179555,0.00015964126409286276
task_aligned,nDFA_0.01,0.21244792946718244,0.013637035252525792,0.0001616607003700789
task_aligned,nDFA_0.01,0.21606976188410273,0.013555799855985606,0.0001636954770962909
task_aligned,nDFA_0.01,0.21975333964299557,0.013473975643595593,0.00016574543219640276
task_aligned,nDFA_0.01,0.2234997153842969,0.013391573440341756,0.00016781039639332995
task_aligned,nDFA_0.01,0.2273099596939568,0.013308604685716216,0.00016989019333222042
task_aligned,nDFA_0.01,0.2311851614093757,0.013225081447207954,0.00017198463972806352
task_aligned,nDFA_0.01,0.23512642793055788,0.013141016433705185,0.0001740935455379815
task_aligned,nDFA_0.01,0.23913488553656703,0.013056423008785603,0.00017621671415954298
task_aligned,nDFA_0.01,0.24321167970737892,0.012971315203869743,0.00017835394265646053
task_aligned,nDFA_0.01,0.24735797545122115,0.012885707731211286,0.00018050502201306855
task_aligned,nDFA_0.01,0.2515749576374912,0.012799615996697208,0.0001826697374189957
task_aligned,nDFA_0.01,0.25586383133535245,0.01271305611242908,0.00018484786858548078
task_aligned,nDFA_0.01,0.26022582215810114,0.012626044909055754,0.00018703919009479145
task_aligned,nDFA_0.01,0.26466217661340585,0.012538599947826393,0.0001892434717842254
task_aligned,nDFA_0.01,0.2691741624595153,0.012450739532331407,0.0001914604791661854
task_aligned,nDFA_0.01,0.2737630690675409,0.012362482719897608,0.00019368997388582442
task_aligned,nDFA_0.01,0.2784302077899146,0.012273849332602506,0.0001959317142177635
task_aligned,nDFA_0.01,0.2831769123351298,0.01218485996787146,0.00019818545560337295
task_aligned,nDFA_0.01,0.28800453914886753,0.012095536008620058,0.0002004509512300997
task_aligned,nDFA_0.01,0.29291446780162333,0.012005899632902528,0.00020272795265431238
task_aligned,nDFA_0.01,0.297908101382942,0.011915973823026064,0.00020501621046909002
task_aligned,nDFA_0.01,0.3029868669023709,0.011825782374089348,0.00020731547501836553
task_aligned,nDFA_0.01,0.3081522156972515,0.01173534990190234,0.00020962549715876794
task_aligned,nDFA_0.01,0.31340562384746146,0.011644701850243135,0.00021194602907047505
task_aligned,nDFA_0.01,0.3187485925972288,0.011553864497406448,0.0002142768251182862
task_aligned,nDFA_0.01,0.32418264878413444,0.011462864961997095,0.00021661764276407987
task_aligned,nDFA_0.01,0.3297093452754312,0.011371731207920486,0.00021896824353169364
task_aligned,nDFA_0.01,0.33533026141179956,0.011280492048521306,0.00022132839402517178
task_aligned,nDFA_0.01,0.3410470034586704,0.01118917714982008,0.00022369786700119065
task_aligned,nDFA_0.01,0.34686120506523876,0.011097817032796728,0.00022607644249633265
task_aligned,nDFA_0.01,0.3527745277313059,0.011006443074668758,0.00022846390900970544
task_aligned,nDFA_0.01,0.35878866128208003,0.01091508750911121,0.00023086006474123765
task_aligned,nDFA_0.01,0.36490532435106837,0.010823783425364561,0.00023326471888575592
task_aligned,nDFA_0.01,0.37112626487120537,0.010732564766175814,0.0002356776929827408
task_aligned,nDFA_0.01,0.37745326057435113,0.010641466324517703,0.00023809882232139108
task_aligned,nDFA_0.01,0.3838881194993082,0.010550523739030154,0.00024052795740036942
task_aligned,nDFA_0.01,0.39043268050849433,0.010459773488127867,0.0002429649654412693
task_aligned,nDFA_0.01,0.3970888138134286,0.010369252882717384,0.0002454097319545478
task_aligned,nDFA_0.01,0.40385842150917256,0.0102790000574671,0.0002478621623562832
task_aligned,nDFA_0.01,0.4107434381178857,0.010189053960573367,0.00025032218363373857
task_aligned,nDFA_0.01,0.4177458311416433,0.010099454341966265,0.0002527897460572853
task_aligned,nDFA_0.01,0.4248676016246823,0.010010241739898559,0.000255264824935797
task_aligned,nDFA_0.01,0.43211078472523234,0.009921457465862116,0.00025774742241213214
task_aligned,nDFA_0.01,0.43947745029709223,0.009833143587776637,0.0002602375692948083
task_aligned,nDFA_0.01,0.44696970348112464,0.009745342911396239,0.00026273532692142195
task_aligned,nDFA_0.01,0.4545896853068325,0.00965809895988073,0.0002652407890487789
task_aligned,nDFA_0.01,0.46233957330419384,0.009571455951479544,0.00026775408376409466
task_aligned,nDFA_0.01,0.4702215821259226,0.009485458775277858,0.0002702753754109619
task_aligned,nDFA_0.01,0.4782379641803417,0.009400152964956204,0.00027280486652311934
task_aligned,nDFA_0.01,0.48639101027504605,0.009315584670516831,0.00027534279975833896
task_aligned,nDFA_0.01,0.4946830502715338,0.009231800627932402,0.00027788945982401553
task_aligned,nDFA_0.01,0.503116453751003,0.009148848126675237,0.0002804451753853006
task_aligned,nDFA_0.01,0.5116936306914959,0.009066774975087967,0.0002830103209458284
task_aligned,nDFA_0.01,0.52041703215659,0.008985629463559856,0.00028558531869030384
task_aligned,nDFA_0.01,0.5292891509958252,0.008905460325476303,0.00028817064027742323
task_aligned,nDFA_0.01,0.5383125225570771,0.00882631669591295,0.0002907668085707868
task_aligned,nDFA_0.01,0.5474897254110712,0.008748248068049823,0.00029337439929467247
task_aligned,nDFA_0.01,0.5568233820882527,0.008671304247285464,0.00029599404260074465
task_aligned,nDFA_0.01,0.5663161598282122,0.008595535303035761,0.00029862642453101264
task_aligned,nDFA_0.01,0.5759707713418936,0.008520991518207264,0.00030127228836160727
task_aligned,nDFA_0.01,0.5857899755867956,0.008447723336340337,0.0003039324358112591
task_aligned,nDFA_0.01,0.5957765785553836,0.008375781306423354,0.000306607728097717
task_aligned,nDFA_0.01,0.6059334340769489,0.008305216025385255,0.00030929908682477195
task_aligned,nDFA_0.01,0.6162634446331343,0.008236078078280428,0.0003120074946820553
task_aligned,nDFA_0.01,0.6267695621873663,0.008168417976186847,0.00031473399593939875
task_aligned,nDFA_0.01,0.6374547890284212,0.00810228609184563,0.0003174796967172299
task_aligned,nDFA_0.01,0.6483221786283797,0.00803773259307779,0.0003202457650143475
task_aligned,nDFA_0.01,0.6593748365152027,0.007974807374022131,0.00032303343047438684
task_aligned,nDFA_0.01,0.6706159211601879,0.007913559984246381,0.0003258439838724372
task_aligned,nDFA_0.01,0.6820486448805486,0.007854039555792522,0.0003286787763035851
task_aligned,nDFA_0.01,0.6936762747573865,0.007796294728226112,0.00033153921805568646
task_aligned,nDFA_0.01,0.7055021335693127,0.007740373571768873,0.0003344267771493641
task_aligned,nDFA_0.01,0.7175296007419812,0.007686323508603302,0.0003373429775291884
task_aligned,nDFA_0.01,0.7297621133138149,0.007634191232447972,0.0003402893968911503
task_aligned,nDFA_0.01,0.7422031669181925,0.00758402262651231,0.0003432676641329608
task_aligned,nDFA_0.01,0.7548563167823837,0.0075358626799500285,0.000346279456415361
task_aligned,nDFA_0.01,0.7677251787435072,0.007489755402940802,0.0003493264958245411
task_aligned,nDFA_0.01,0.780813430281815,0.007445743740540597,0.0003524105456279456
task_aligned,nDFA_0.01,0.7941248115715934,0.007403869485451764,0.00035553340611813966
task_aligned,nDFA_0.01,0.8076631265499712,0.007364173189875084,0.0003586969100420842
task_aligned,nDFA_0.01,0.8214322440039585,0.007326694076616598,0.0003619029176160621
task_aligned,nDFA_0.01,0.8354360986760122,0.007291469949633383,0.00036515331112958754
task_aligned,nDFA_0.01,0.8496786923884532,0.00725853710421296,0.0003684499891449502
task_aligned,nDFA_0.01,0.8641640951870458,0.0072279302369921365,0.00037179486030249124
task_aligned,nDFA_0.01,0.878896446504081,0.007199682356031437,0.00037518983674531534
task_aligned,nDFA_0.01,0.8938799563412821,0.007173824691171926,0.0003786368271808338
task_aligned,nDFA_0.01,0.9091189064728835,0.007150386604911217,0.0003821377296002895
task_aligned,nDFA_0.01,0.9246176516692093,0.007129395504045404,0.0003856944236811589
task_aligned,nDFA_0.01,0.9403806209411201,0.007110876752332848,0.00038930876290107493
task_aligned,nDFA_0.01,0.9564123188056762,0.007094853584444951,0.0003929825663955312
task_aligned,nDFA_0.01,0.9727173265733684,0.007081347021477125,0.0003967176105951178
task_aligned,nDFA_0.01,0.9893003036573033,0.0070703757883011625,0.00040051562068136784
task_aligned,nDFA_0.01,1.0061659889047023,0.007061956233047065,0.00040437826190331316
task_aligned,nDFA_0.01,1.023319201951106,0.007056102249008822,0.00040830713079963323
task_aligned,nDFA_0.01,1.0407648445976552,0.007052825199273921,0.00041230374637368024
task_aligned,nDFA_0.01,1.0585079022118615,0.007052133844380956,0.00041636954127069486
task_aligned,nDFA_0.01,1.0765534451522527,0.007054034273313118,0.00042050585300813147
task_aligned,nDFA_0.01,1.094906630217312,0.007058529838137739,0.00042471391531113777
task_aligned,nDFA_0.01,1.1135727021191089,0.007065621092603366,0.00042899484960590996
task_aligned,nDFA_0.01,1.1325569949820598,0.007075305735005648,0.000433349656723779
task_aligned,nDFA_0.01,1.1518649338672433,0.007087578555632222,0.0004377792088685578
task_aligned,nDFA_0.01,1.1715020363226891,0.007102431389093824,0.0004422842418987711
task_aligned,nDFA_0.01,1.1914739139601096,0.007119853071844896,0.00044686534797507504
task_aligned,nDFA_0.01,1.2117862740585037,0.007139829405191087,0.00045152296862126305
task_aligned,nDFA_0.01,1.2324449211951067,0.0071623431240739974,0.00045625738824498906
task_aligned,nDFA_0.01,1.2534557589041324,0.007187373871914442,0.0004610687281615614
task_aligned,nDFA_0.01,1.2748247913638062,0.007214898181785138,0.00046595694116103936
task_aligned,nDFA_0.01,1.296558125112151,0.00724488946417143,0.0004709218066553834
task_aligned,nDFA_0.01,1.3186619707920322,0.007277318001564681,0.00047596292643864137
task_aligned,nDFA_0.01,1.3411426449259387,0.007312150950117275,0.0004810797210891103
task_aligned,nDFA_0.01,1.364006571721033,0.007349352348570752,0.00048627142703823115
task_aligned,nDFA_0.01,1.3872602849049733,0.007388883134649311,0.0004915370943266035
task_aligned,nDFA_0.01,1.4109104295930222,0.007430701169090052,0.0004968755850631029
task_aligned,nDFA_0.01,1.4349637641869968,0.0074747612674585335,0.0005022855725986072
task_aligned,nDFA_0.01,1.4594271623065878,0.007521015239873997,0.0005077655414214242
task_aligned,nDFA_0.01,1.484307614753609,0.0075694119387426425,0.0005133137877771543
task_aligned,nDFA_0.01,1.5096122315097211,0.007619897314569646,0.0005189284210114344
task_aligned,nDFA_0.01,1.5353482437682255,0.007672414479891807,0.000524607365629963
task_aligned,nDFA_0.01,1.5615230060004965,0.007726903781342202,0.0005303483640662383
task_aligned,nDFA_0.01,1.5881439980576275,0.007783302879826584,0.0005361489801437401
task_aligned,nDFA_0.01,1.6152188273079233,0.007841546838758352,0.0005420066032158131
task_aligned,nDFA_0.01,1.6427552308108229,0.007901568220265266,0.0005479184529632399
task_aligned,nDFA_0.01,1.6707610775278907,0.00796329718924614,0.0005538815848265343
task_aligned,nDFA_0.01,1.6992443705714897,0.008026661625120496,0.0005598928960472167
task_aligned,nDFA_0.01,1.7282132494918006,0.00809158724107811,0.0005659491322899097
task_aligned,nDFA_0.01,1.7576759926028247,0.008157997710599324,0.0005720468948148518
task_aligned,nDFA_0.01,1.78764101934805,0.00822581480098035,0.0005781826481684909
task_aligned,nDFA_0.01,1.8181168927064288,0.008294958513561638,0.0005843527283580773
task_aligned,nDFA_0.01,1.8491123216393888,0.008365347230321608,0.0005905533514747729
task_aligned,nDFA_0.01,1.880636163579563,0.008436897866462165,0.0005967806227284676
task_aligned,nDFA_0.01,1.9126974269619283,0.008509526028578285,0.0006030305458564903
task_aligned,nDFA_0.01,1.9453052737981165,0.008583146177970017,0.0006092990328675803
task_aligned,nDFA_0.01,1.9784690222945986,0.0086576717986232,0.0006155819140818205
task_aligned,nDFA_0.01,2.012198149515519,0.008733015569354269,0.000621874948426742
task_aligned,nDFA_0.01,2.046502294090901,0.008809089539585539,0.000628173833949533
task_aligned,nDFA_0.01,2.0813912589710486,0.008885805308190638,0.0006344742185050889
task_aligned,nDFA_0.01,2.1168750142278885,0.008963074204824815,0.0006407717105796737
task_aligned,nDFA_0.01,2.152963699904084,0.00904080747313297,0.0006470618902100176
task_aligned,nDFA_0.01,2.1896676289106987,0.009118916455208386,0.0006533403199579814
task_aligned,nDFA_0.01,2.2269972899742814,0.00919731277665938,0.0006596025559012591
task_aligned,nDFA_0.01,2.26496335063419,0.009275908531626945,0.0006658441586010739
task_aligned,nDFA_0.01,2.303576660290997,0.009354616467087008,0.0006720607040084315
task_aligned,nDFA_0.01,2.3428482533068857,0.009433350165764067,0.0006782477942712041
task_aligned,nDFA_0.01,2.3827893521588885,0.009512024226980078,0.0006844010684051166
task_aligned,nDFA_0.01,2.4234113706458946,0.009590554444763335,0.0006905162127926527
task_aligned,nDFA_0.01,2.464725917150312,0.00966885798254638,0.0006965889714748994
task_aligned,nDFA_0.01,2.50674479795535,0.009746853543790674,0.0007026151562024945
task_aligned,nDFA_0.01,2.5494800206188595,0.009824461537887847,0.0007085906562130734
task_aligned,nDFA_0.01,2.592943797404667,0.00990160424070359,0.0007145114477039063
task_aligned,nDFA_0.01,2.6371485487724318,0.009978205949150129,0.0007203736029698851
task_aligned,nDFA_0.01,2.6821069069269825,0.010054193129197286,0.0007261732991785436
task_aligned,nDFA_0.01,2.7278317194281803,0.01012949455675904,0.0007319068267553513
task_aligned,nDFA_0.01,2.7743360528622945,0.010204041450923981,0.0007375705973543103
task_aligned,nDFA_0.01,2.8216331965759975,0.010277767599031925,0.0007431611513905933
task_aligned,nDFA_0.01,2.8697366664739996,0.010350609473136721,0.0007486751651139199
task_aligned,nDFA_0.01,2.9186602088814415,0.010422506337435468,0.0007541094572032068
task_aligned,nDFA_0.01,2.96841780447211,0.010493400346287419,0.0007594609948651463
task_aligned,nDFA_0.01,3.0190236722636397,0.010563236632491398,0.0007647268994213449
task_aligned,nDFA_0.01,3.070492273680835,0.01063196338553804,0.0007699044513708609
task_aligned,nDFA_0.01,3.1228383166882305,0.010699531919602144,0.0007749910949170689
task_aligned,nDFA_0.01,3.176076759993135,0.010765896731091554,0.0007799844419500455
task_aligned,nDFA_0.01,3.2302228173203136,0.01083101554562015,0.0007848822754778131
task_aligned,nDFA_0.01,3.2852919617595595,0.010894849354325206,0.0007896825525021161
task_aligned,nDFA_0.01,3.3412999301873585,0.010957362439501787,0.0007943834063365087
task_aligned,nDFA_0.01,3.3982627277639583,0.011018522389579444,0.000798983148366879
task_aligned,nDFA_0.01,3.456196632507091,0.01107830010351846,0.0008034802692566533
task_aligned,nDFA_0.01,3.5151181999436867,0.011136669784753887,0.000807873439601097
task_aligned,nDFA_0.01,3.575044267840856,0.01119360892486571,0.0008121615100373044
task_aligned,nDFA_0.01,3.6359919610175564,0.011249098277201702,0.000816343510818486
task_aligned,nDFA_0.01,3.6979786962382923,0.011303121820725796,0.0008204186508631581
task_aligned,nDFA_0.01,3.7610221871902074,0.011355666714408958,0.0008243863162918151
task_aligned,nDFA_0.01,3.8251404495450636,0.011406723242521283,0.0008282460684654543
task_aligned,nDFA_0.01,3.8903518061074984,0.011456284751222453,0.0008319976415420798
task_aligned,nDFA_0.01,3.9566748920510686,0.011504347576883756,0.0008356409395689869
task_aligned,nDFA_0.01,4.024128660243522,0.011550910966606966,0.0008391760331301047
task_aligned,nDFA_0.01,4.092732386662896,0.01159597699143473,0.0008426031555691563
task_aligned,nDFA_0.01,4.16250567590592,0.011639550452772337,0.0008459226988106626
task_aligned,nDFA_0.01,4.233468466790359,0.01168163878256253,0.0008491352088019566
task_aligned,nDFA_0.01,4.305641038052818,0.011722251937773303,0.0008522413806005306
task_aligned,nDFA_0.01,4.379044014143725,0.011761402289772564,0.0008552420531318056
task_aligned,nDFA_0.01,4.453698371121101,0.01179910450917442,0.0008581382036433464
task_aligned,nDFA_0.01,4.5296254426447815,0.011835375446748328,0.0008609309418820558
task_aligned,nDFA_0.01,4.606846926072856,0.011870234010985806,0.0008636215040215619
task_aligned,nDFA_0.01,4.685384888662027,0.011903701042918654,0.0008662112463672155
task_aligned,nDFA_0.01,4.76526177387369,0.011935799188779102,0.0008687016388665532
task_aligned,nDFA_0.01,4.846500407787484,0.011966552771084982,0.0008710942584530959
task_aligned,nDFA_0.01,4.929124005624213,0.011995987658722746,0.0008733907822514056
task_aligned,nDFA_0.01,5.013156178379978,0.012024131136588196,0.0008755929806712272
task_aligned,nDFA_0.01,5.0986209395733635,0.012051011775328507,0.0008777027104182533
task_aligned,nDFA_0.01,5.185542712107698,0.012076659301711366,0.0008797219074488151
task_aligned,nDFA_0.01,5.27394633525027,0.012101104470125329,0.0008816525798952178
task_aligned,nDFA_0.01,5.363857071730567,0.012124378935694107,0.0008834968009880423
task_aligned,nDFA_0.01,5.455300614959465,0.012146515129461553,0.0008852567020009226
task_aligned,nDFA_0.01,5.548303096371546,0.012167546136078955,0.0008869344652427244
task_aligned,nDFA_0.01,5.642891092892556,0.012187505574398223,0.0008885323171210894
task_aligned,nDFA_0.01,5.739091634534208,0.012206427481346208,0.0008900525213005005
task_aligned,nDFA_0.01,5.836932212118393,0.0122243461994253,0.0008914973719769499
task_aligned,nDFA_0.01,5.936440785133139,0.012241296268155958,0.0008928691872902993
task_aligned,nDFA_0.01,6.03764578972249,0.012257312319745237,0.0008941703028942308
task_aligned,nDFA_0.01,6.140576146812549,0.012272428979234948,0.0008954030657025899
task_aligned,nDFA_0.01,6.24526127037611,0.012286680769351339,0.0008965698278295573
task_aligned,nDFA_0.01,6.351731075838154,0.012300102020247419,0.0008976729407399065
task_aligned,nDFA_0.01,6.460015988624681,0.01231272678429794,0.0008987147496242018
task_aligned,nDFA_0.01,6.570146952857214,0.01232458875607632,0.0008996975880124478
task_aligned,nDFA_0.01,6.682155440195594,0.01233572119761297,0.0009006237726382753
task_aligned,nDFA_0.01,6.796073458831493,0.012346156869004827,0.0009014955985643639
task_aligned,nDFA_0.01,6.911933562635288,0.012355927964417384,0.0009023153345782616
task_aligned,nDFA_0.01,7.029768860458798,0.012365066053492526,0.0009030852188664469
task_aligned,nDFA_0.01,7.149613025596682,0.012373602028148849,0.00090380745497284
task_aligned,nDFA_0.01,7.271500305409138,0.012381566054735343,0.0009044842080466543
task_aligned,nDFA_0.01,7.395465531108579,0.012388987531474957,0.000905117601382971
task_aligned,nDFA_0.01,7.521544127713236,0.01239589505111098,0.0009057097132579117
task_aligned,nDFA_0.01,7.6497721241703935,0.012402316368647831,0.000906262574059034
task_aligned,nDFA_0.01,7.7801861636522665,0.012408278374057021,0.0009067781637100091
task_aligned,nDFA_0.01,7.912823514027315,0.012413807069800244,0.0009072584093874388
task_aligned,nDFA_0.01,8.04772207851015,0.012418927553004383,0.0009077051835262944
task_aligned,nDFA_0.01,8.184920406492996,0.012423664002107343,0.0009081203021092493
task_aligned,nDFA_0.01,8.324457704561745,0.012428039667779578,0.0009085055232339784
task_aligned,nDFA_0.01,8.466373847699883,0.012432076867913987,0.0009088625459513812
task_aligned,nDFA_0.01,8.61070939068338,0.012435796986466142,0.000909193009366657
task_aligned,nDFA_0.01,8.7575055796699,0.012439220475918056,0.0009094984919941698
task_aligned,nDFA_0.01,8.906804363985472,0.012442366863131426,0.0009097805113561864
task_aligned,nDFA_0.01,9.058648408112223,0.01244525475835134,0.0009100405238147499
task_aligned,nDFA_0.01,9.213081103880398,0.012447901867117158,0.0009102799246252535
task_aligned,nDFA_0.01,9.370146582868305,0.012450325004836074,0.0009105000481997019
task_aligned,nDFA_0.01,9.529889729013544,0.012452540113774026,0.000910702168567084
task_aligned,nDFA_0.01,9.692356191439336,0.01245456228222019,0.0009108875000179031
task_aligned,nDFA_0.01,9.857592397499504,0.01245640576558405,0.0009110571979195656
task_aligned,nDFA_0.01,10.025645566045766,0.012458084009188118,0.0009112123596891603
task_aligned,nDFA_0.01,10.196563720921308,0.012459609672525348,0.0009113540259099423
task_aligned,nDFA_0.01,10.370395704684338,0.01246099465475663,0.0009114831815779078
task_aligned,nDFA_0.01,10.547191192565622,0.01246225012123206,0.0009116007574648113
task_aligned,nDFA_0.01,10.727000706663942,0.01246338653082844,0.0009117076315841814
task_aligned,nDFA_0.01,10.909875630383668,0.0124644136639054,0.0009118046307470875
task_aligned,nDFA_0.01,11.09586822311825,0.012465340650693024,0.000911892532194689
task_aligned,nDFA_0.01,11.285031635184245,0.012466175999935124,0.0009119720652950111
task_aligned,nDFA_0.01,11.47741992300984,0.012466927627624046,0.0009120439132917608
task_aligned,nDFA_0.01,11.673088064582329,0.012467602885674825,0.0009121087150935492
task_aligned,nDFA_0.01,11.872091975158934,0.012468208590398898,0.00091216706709234
task_aligned,nDFA_0.01,12.07448852324546,0.012468751050650002,0.0009122195250006173
task_aligned,nDFA_0.01,12.280335546847452,0.012469236095527183,0.0009122666056972493
task_aligned,nDFA_0.01,12.489691869998175,0.012469669101532167,0.0009123087890728229
task_aligned,nDFA_0.01,12.702617319568612,0.012470055019090513,0.0009123465198657269
task_aligned,nDFA_0.01,12.919172742363902,0.01247039839835747,0.0009123802094810177
task_aligned,nDFA_0.01,13.139420022511283,0.012470703414241061,0.0009124102377848014
task_aligned,nDFA_0.01,13.363422099144453,0.012470973890585822,0.0009124369548674833
task_aligned,nDFA_0.01,13.59124298438939,0.01247121332347058,0.0009124606827699438
task_aligned,nDFA_0.01,13.822947781656945,0.012471424903584142,0.0009124817171674006
task_aligned,nDFA_0.01,14.058602704246992,0.012471611537651296,0.0009125003290063061
task_aligned,nDFA_0.01,14.298275094270045,0.01247177586889053,0.0009125167660903484
task_aligned,nDFA_0.01,14.542033441891286,0.01247192029649236,0.0009125312546121378
task_aligned,nDFA_0.01,14.789947404902728,0.012472046994114774,0.0009125440006278564
task_aligned,nDFA_0.01,15.042087828629008,0.012472157927398489,0.0009125551914726484
task_aligned,nDFA_0.01,15.298526766172571,0.012472254870510766,0.0009125649971150423
task_aligned,nDFA_0.01,15.559337499003943,0.012472339421731643,0.0009125735714492893
task_aligned,nDFA_0.01,15.824594557903191,0.012472413018101194,0.0009125810535248576
task_aligned,nDFA_0.01,16.094373744258082,0.012472476949150161,0.0009125875687128302
task_aligned,nDFA_0.01,16.368752151725655,0.012472532369739773,0.0009125932298093177
task_aligned,nDFA_0.01,16.647808188262907,0.012472580312039676,0.0009125981380764113
task_aligned,nDFA_0.01,16.931621598533113,0.012472621696674744,0.0009126023842214341
task_aligned,nDFA_0.01,17.220273486694122,0.012472657343073793,0.0009126060493156596
task_aligned,nDFA_0.01,17.513846339575103,0.012472687979054532,0.0009126092056538489
task_aligned,nDFA_0.01,17.81242405024861,0.012472714249679911,0.0009126119175562082
task_aligned,nDFA_0.01,18.116091942004132,0.01247273672542199,0.0009126142421145747
task_aligned,nDFA_0.01,18.424936792730715,0.01247275590966947,0.0009126162298848075
task_aligned,nDFA_0.01,18.739046859715067,0.012472772245615289,0.000912617925527485
task_aligned,nDFA_0.01,19.058511904862485,0.012472786122560187,0.0009126193683991138
task_aligned,nDFA_0.01,19.38342322034772,0.01247279788166805,0.0009126205930961862
task_aligned,nDFA_0.01,19.713873654703125,0.012472807821207615,0.0009126216299543955
task_aligned,nDFA_0.01,20.049957639351746,0.012472816201314971,0.0009126225055054704
task_aligned,nDFA_0.01,20.39177121559234,0.012472823248309638,0.0009126232428939877
task_aligned,nDFA_0.01,20.739412062044874,0.012472829158596394,0.0009126238622566012
task_aligned,nDFA_0.01,21.092979522563663,0.01247283410218355,0.0009126243810660843
task_aligned,nDFA_0.01,21.452574634626465,0.012472838225847122,0.0009126248144425167
task_aligned,nDFA_0.01,21.818300158207524,0.012472841655969204,0.0009126251754339437
task_aligned,nDFA_0.01,22.190260605142807,0.0124728445010771,0.0009126254752687239
task_aligned,nDFA_0.01,22.568562268996093,0.01247284685410881,0.0009126257235817595
task_aligned,nDFA_0.01,22.953313255433766,0.012472848794428577,0.0009126259286166753
task_aligned,nDFA_0.01,23.344623513117888,0.012472850389615172,0.0009126260974059532
task_aligned,nDFA_0.01,23.742604865125728,0.012472851697043973,0.00091262623593092
task_aligned,nDFA_0.01,24.14737104090496,0.012472852765282472,0.0009126263492633857
task_aligned,nDFA_0.01,24.55903770877365,0.01247285363531767,0.0009126264416906598
task_aligned,nDFA_0.01,24.977722508974306,0.01247285434163221,0.0009126265168254905
task_aligned,nDFA_0.01,25.40354508729137,0.012472854913145084,0.0009126265777024783
task_aligned,nDFA_0.01,25.83662712924211,0.012472855374031385,0.0009126266268623178
task_aligned,nDFA_0.01,26.277092394849852,0.012472855744434231,0.0009126266664251441
task_aligned,nDFA_0.01,26.725066754010573,0.012472856041081214,0.0009126266981542122
task_aligned,nDFA_0.01,27.180678222462152,0.012472856277816202,0.000912626723510952
task_aligned,nDFA_0.01,27.644056998366892,0.01247285646605677,0.0009126267437024184
task_aligned,nDFA_0.01,28.115335499517688,0.012472856615186068,0.0009126267597220423
task_aligned,nDFA_0.01,28.594648401178453,0.012472856732887564,0.0009126267723844939
task_aligned,nDFA_0.01,29.08213267456993,0.012472856825429781,0.0009126267823554032
task_aligned,nDFA_0.01,29.577927626011018,0.012472856897907728,0.0009126267901765856
task_aligned,nDFA_0.01,30.08217493672799,0.012472856954446788,0.0009126267962874133
task_aligned,nDFA_0.01,30.595018703342085,0.012472856998374214,0.0009126268010427992
task_aligned,nDFA_0.01,31.116605479047383,0.01247285703236296,0.0009126268047283044
task_aligned,nDFA_0.01,31.64708431549069,0.012472857058551633,0.0009126268075727724
task_aligned,nDFA_0.01,32.18660680536534,0.012472857078644248,0.0009126268097588342
task_aligned,nDFA_0.01,32.73532712573144,0.012472857093992913,0.0009126268114316525
task_aligned,nDFA_0.01,33.29340208207403,0.012472857105665862,0.0009126268127060998
task_aligned,nDFA_0.01,33.86099115311297,0.012472857114503378,0.0009126268136727026
task_aligned,nDFA_0.01,34.43825653637644,0.012472857121163524,0.0009126268144024753
task_aligned,nDFA_0.01,35.02536319455143,0.012472857126159316,0.0009126268149508865
task_aligned,nDFA_0.01,35.622478902624444,0.012472857129888841,0.0009126268153610524
task_aligned,nDFA_0.01,36.22977429582575,0.012472857132659575,0.0009126268156663457
task_aligned,nDFA_0.01,36.84742291839143,0.01247285713470785,0.000912626815892461
task_aligned,nDFA_0.01,37.47560127315589,0.01247285713621444,0.000912626816059094
task_aligned,nDFA_0.01,38.114488871990645,0.012472857137316922,0.0009126268161812662
task_aligned,nDFA_0.01,38.7642682871026,0.012472857138119495,0.0009126268162703734
task_aligned,nDFA_0.01,39.42512520320694,0.012472857138700635,0.0009126268163350201
task_aligned,nDFA_0.01,40.09724847058942,0.012472857139119166,0.000912626816381666
task_aligned,nDFA_0.01,40.780830159073375,0.012472857139418933,0.0009126268164151399
task_aligned,nDFA_0.01,41.476065612906595,0.012472857139632431,0.0009126268164390257
task_aligned,nDFA_0.01,42.18315350658434,0.012472857139783617,0.0009126268164559723
task_aligned,nDFA_0.01,42.902295901623226,0.012472857139890065,0.0009126268164679251
task_aligned,nDFA_0.01,43.63369830430383,0.012472857139964563,0.0009126268164763067
task_aligned,nDFA_0.01,44.37756972439723,0.01247285714001639,0.0009126268164821479
task_aligned,nDFA_0.01,45.13412273489293,0.012472857140052225,0.0009126268164861937
task_aligned,nDFA_0.01,45.90357353274481,0.01247285714007684,0.0009126268164889781
task_aligned,nDFA_0.01,46.68614200065286,0.01247285714009365,0.0009126268164908823
task_aligned,nDFA_0.01,47.482051769898405,0.012472857140105056,0.0009126268164921765
task_aligned,nDFA_0.01,48.29153028424977,0.012472857140112738,0.000912626816493049
task_aligned,nDFA_0.01,49.114808864958235,0.012472857140117883,0.0009126268164936349
task_aligned,nDFA_0.01,49.952122776861714,0.0124728571401213,0.0009126268164940246
task_aligned,nDFA_0.01,50.80371129561534,0.012472857140123559,0.0009126268164942825
task_aligned,nDFA_0.01,51.66981777606826,0.012472857140125033,0.0009126268164944508
task_aligned,nDFA_0.01,52.55068972180602,0.012472857140125998,0.0009126268164945618
task_aligned,nDFA_0.01,53.44657885587909,0.012472857140126626,0.0009126268164946326
task_aligned,nDFA_0.01,54.357741192735965,0.01247285714012702,0.0009126268164946787
task_aligned,nDFA_0.01,55.28443711138383,0.012472857140127271,0.0009126268164947076
task_aligned,nDFA_0.01,56.22693142979583,0.012472857140127436,0.0009126268164947264
task_aligned,nDFA_0.01,57.18549348058701,0.012472857140127535,0.0009126268164947376
task_aligned,nDFA_0.01,58.160397187980315,0.012472857140127597,0.0009126268164947447
task_aligned,nDFA_0.01,59.15192114608467,0.012472857140127636,0.0009126268164947491
task_aligned,nDFA_0.01,60.1603486985081,0.01247285714012766,0.0009126268164947518
task_aligned,nDFA_0.01,61.185968019326936,0.012472857140127674,0.0009126268164947534
task_aligned,nDFA_0.01,62.22907219543656,0.01247285714012768,0.0009126268164947543
task_aligned,nDFA_0.01,63.2899593103055,0.012472857140127688,0.0009126268164947549
task_aligned,nDFA_0.01,64.36893252915749,0.012472857140127691,0.0009126268164947553
task_aligned,nDFA_0.01,65.46630018560568,0.012472857140127691,0.0009126268164947555
task_aligned,nDFA_0.01,66.58237586976387,0.012472857140127691,0.0009126268164947555
task_aligned,nDFA_0.01,67.71747851785967,0.012472857140127691,0.0009126268164947557
task_aligned,nDFA_0.01,68.8719325033761,0.012472857140127695,0.0009126268164947559
task_aligned,nDFA_0.01,70.04606772974564,0.012472857140127695,0.0009126268164947559
task_aligned,nDFA_0.01,71.24021972462585,0.012472857140127695,0.0009126268164947559
task_aligned,nDFA_0.01,72.45472973578153,0.012472857140127695,0.0009126268164947559
task_aligned,nDFA_0.01,73.68994482860175,0.012472857140127695,0.0009126268164947559
task_aligned,nDFA_0.01,74.94621798527915,0.012472857140127695,0.0009126268164947559
task_aligned,nDFA_0.01,76.22390820568008,0.012472857140127695,0.0009126268164947559
task_aligned,nDFA_0.01,77.52338060993503,0.012472857140127695,0.0009126268164947559
task_aligned,nDFA_0.01,78.84500654277662,0.012472857140127695,0.0009126268164947559
task_aligned,nDFA_0.01,80.18916367965778,0.012472857140127695,0.0009126268164947559
task_aligned,nDFA_0.01,81.55623613467833,0.012472857140127695,0.0009126268164947559
task_aligned,nDFA_0.01,82.94661457035157,0.012472857140127695,0.0009126268164947559
task_aligned,nDFA_0.01,84.36069630924241,0.012472857140127695,0.0009126268164947559
task_aligned,nDFA_0.01,85.79888544750824,0.012472857140127695,0.0009126268164947559
task_aligned,nDFA_0.01,87.26159297037651,0.012472857140127695,0.0009126268164947559
task_aligned,nDFA_0.01,88.74923686958925,0.012472857140127695,0.0009126268164947559
task_aligned,nDFA_0.01,90.26224226285147,0.012472857140127695,0.0009126268164947559
task_aligned,nDFA_0.01,91.80104151531502,0.012472857140127695,0.0009126268164947559
task_aligned,nDFA_0.01,93.36607436313383,0.012472857140127695,0.0009126268164947559
task_aligned,nDFA_0.01,94.95778803912542,0.012472857140127695,0.0009126268164947559
task_aligned,nDFA_0.01,96.57663740057471,0.012472857140127695,0.0009126268164947559
task_aligned,nDFA_0.01,98.2230850592165,0.012472857140127695,0.0009126268164947559
task_aligned,nDFA_0.01,99.89760151343484,0.012472857140127695,0.0009126268164947559
task_aligned,nDFA_0.01,101.60066528271416,0.012472857140127695,0.0009126268164947559
task_aligned,nDFA_0.01,103.33276304438459,0.012472857140127695,0.0009126268164947559
task_aligned,nDFA_0.01,105.09438977269748,0.012472857140127695,0.0009126268164947559
task_aligned,nDFA_0.01,106.88604888027204,0.012472857140127695,0.0009126268164947559
task_aligned,nDFA_0.01,108.70825236195353,0.012472857140127695,0.0009126268164947559
task_aligned,nDFA_0.01,110.56152094112352,0.012472857140127695,0.0009126268164947559
task_aligned,nDFA_0.01,112.44638421850583,0.012472857140127695,0.0009126268164947559
task_aligned,nDFA_0.01,114.36338082350686,0.012472857140127695,0.0009126268164947559
task_aligned,nDFA_0.01,116.31305856813833,0.012472857140127695,0.0009126268164947559
task_aligned,nDFA_0.01,118.29597460356307,0.012472857140127695,0.0009126268164947559
task_aligned,nDFA_0.01,120.31269557930963,0.012472857140127695,0.0009126268164947559
task_aligned,nDFA_0.01,122.36379780520139,0.012472857140127695,0.0009126268164947559
task_aligned,nDFA_0.01,124.44986741604593,0.012472857140127695,0.0009126268164947559
task_aligned,nDFA_0.01,126.57150053913327,0.012472857140127695,0.0009126268164947559
task_aligned,nDFA_0.01,128.72930346458716,0.012472857140127695,0.0009126268164947559
task_aligned,nDFA_0.01,130.92389281862302,0.012472857140127695,0.0009126268164947559
task_aligned,nDFA_0.01,133.15589573975842,0.012472857140127695,0.0009126268164947559
task_aligned,nDFA_0.01,135.4259500580277,0.012472857140127695,0.0009126268164947559
task_aligned,nDFA_0.01,137.73470447725208,0.012472857140127695,0.0009126268164947559
task_aligned,nDFA_0.01,140.0828187604166,0.012472857140127695,0.0009126268164947559
task_aligned,nDFA_0.01,142.47096391820904,0.012472857140127695,0.0009126268164947559
task_aligned,nDFA_0.01,144.89982240077,0.012472857140127695,0.0009126268164947559
task_aligned,nDFA_0.01,147.3700882927151,0.012472857140127695,0.0009126268164947559
task_aligned,nDFA_0.01,149.88246751148006,0.012472857140127695,0.0009126268164947559
task_aligned,nDFA_0.01,152.437678009048,0.012472857140127695,0.0009126268164947559
task_aligned,nDFA_0.01,155.03644997711535,0.012472857140127695,0.0009126268164947559
task_aligned,nDFA_0.01,157.67952605575576,0.012472857140127695,0.0009126268164947559
task_aligned,nDFA_0.01,160.36766154564083,0.012472857140127695,0.0009126268164947559
task_aligned,nDFA_0.01,163.1016246238805,0.012472857140127695,0.0009126268164947559
task_aligned,nDFA_0.01,165.88219656353982,0.012472857140127695,0.0009126268164947559
task_aligned,nDFA_0.01,168.7101719569014,0.012472857140127695,0.0009126268164947559
task_aligned,nDFA_0.01,171.5863589425323,0.012472857140127695,0.0009126268164947559
task_aligned,nDFA_0.01,174.51157943622238,0.012472857140127695,0.0009126268164947559
task_aligned,nDFA_0.01,177.48666936585968,0.012472857140127695,0.0009126268164947559
task_aligned,nDFA_0.01,180.51247891030974,0.012472857140127695,0.0009126268164947559
task_aligned,nDFA_0.01,183.58987274236887,0.012472857140127695,0.0009126268164947559
task_aligned,nDFA_0.01,186.7197302758561,0.012472857140127695,0.0009126268164947559
task_aligned,nDFA_0.01,189.90294591692083,0.012472857140127695,0.0009126268164947559
task_aligned,nDFA_0.01,193.1404293196332,0.012472857140127695,0.0009126268164947559
task_aligned,nDFA_0.01,196.43310564593202,0.012472857140127695,0.0009126268164947559
task_aligned,nDFA_0.01,199.7819158300045,0.012472857140127695,0.0009126268164947559
task_aligned,nDFA_0.01,203.18781684717248,0.012472857140127695,0.0009126268164947559
task_aligned,nDFA_0.01,206.651781987365,0.012472857140127695,0.0009126268164947559
task_aligned,nDFA_0.01,210.1748011332487,0.012472857140127695,0.0009126268164947559
task_aligned,nDFA_0.01,213.75788104310405,0.012472857140127695,0.0009126268164947559
task_aligned,nDFA_0.01,217.402045638522,0.012472857140127695,0.0009126268164947559
task_aligned,nDFA_0.01,221.10833629700576,0.012472857140127695,0.0009126268164947559
task_aligned,nDFA_0.01,224.87781214956078,0.012472857140127695,0.0009126268164947559
task_aligned,nDFA_0.01,228.71155038335777,0.012472857140127695,0.0009126268164947559
task_aligned,nDFA_0.01,232.61064654955769,0.012472857140127695,0.0009126268164947559
task_aligned,nDFA_0.01,236.57621487637996,0.012472857140127695,0.0009126268164947559
task_aligned,nDFA_0.01,240.60938858751274,0.012472857140127695,0.0009126268164947559
task_aligned,nDFA_0.01,244.71132022594884,0.012472857140127695,0.0009126268164947559
task_aligned,nDFA_0.01,248.88318198334326,0.012472857140127695,0.0009126268164947559
task_aligned,nDFA_0.01,253.12616603498518,0.012472857140127695,0.0009126268164947559
task_aligned,nDFA_0.01,257.4414848804811,0.012472857140127695,0.0009126268164947559
task_aligned,nDFA_0.01,261.830371690245,0.012472857140127695,0.0009126268164947559
task_aligned,nDFA_0.01,266.29408065789846,0.012472857140127695,0.0009126268164947559
task_aligned,nDFA_0.01,270.83388735867317,0.012472857140127695,0.0009126268164947559
task_aligned,nDFA_0.01,275.45108911392856,0.012472857140127695,0.0009126268164947559
task_aligned,nDFA_0.01,280.14700536188144,0.012472857140127695,0.0009126268164947559
task_aligned,nDFA_0.01,284.92297803465635,0.012472857140127695,0.0009126268164947559
task_aligned,nDFA_0.01,289.78037194176363,0.012472857140127695,0.0009126268164947559
task_aligned,nDFA_0.01,294.7205751601149,0.012472857140127695,0.0009126268164947559
task_aligned,nDFA_0.01,299.74499943069014,0.012472857140127695,0.0009126268164947559
task_aligned,nDFA_0.01,304.8550805619614,0.012472857140127695,0.0009126268164947559
task_aligned,nDFA_0.01,310.0522788402002,0.012472857140127695,0.0009126268164947559
task_aligned,nDFA_0.01,315.3380794467765,0.012472857140127695,0.0009126268164947559
task_aligned,nDFA_0.01,320.7139928825731,0.012472857140127695,0.0009126268164947559
task_aligned,nDFA_0.01,326.18155539963476,0.012472857140127695,0.0009126268164947559
task_aligned,nDFA_0.01,331.7423294401758,0.012472857140127695,0.0009126268164947559
task_aligned,nDFA_0.01,337.3979040830756,0.012472857140127695,0.0009126268164947559
task_aligned,nDFA_0.01,343.1498954979785,0.012472857140127695,0.0009126268164947559
task_aligned,nDFA_0.01,348.9999474071427,0.012472857140127695,0.0009126268164947559
task_aligned,nDFA_0.01,354.9497315551591,0.012472857140127695,0.0009126268164947559
task_aligned,nDFA_0.01,361.00094818667867,0.012472857140127695,0.0009126268164947559
task_aligned,nDFA_0.01,367.1553265322842,0.012472857140127695,0.0009126268164947559
task_aligned,nDFA_0.01,373.4146253026444,0.012472857140127695,0.0009126268164947559
task_aligned,nDFA_0.01,379.7806331910963,0.012472857140127695,0.0009126268164947559
task_aligned,nDFA_0.01,386.2551693847879,0.012472857140127695,0.0009126268164947559
task_aligned,nDFA_0.01,392.84008408454287,0.012472857140127695,0.0009126268164947559
task_aligned,nDFA_0.01,399.53725903358355,0.012472857140127695,0.0009126268164947559
task_aligned,nDFA_0.01,406.3486080552691,0.012472857140127695,0.0009126268164947559
task_aligned,nDFA_0.01,413.27607760000024,0.012472857140127695,0.0009126268164947559
task_aligned,nDFA_0.01,420.32164730144876,0.012472857140127695,0.0009126268164947559
task_aligned,nDFA_0.01,427.4873305422675,0.012472857140127695,0.0009126268164947559
task_aligned,nDFA_0.01,434.77517502945034,0.012472857140127695,0.0009126268164947559
task_aligned,nDFA_0.01,442.18726337949096,0.012472857140127695,0.0009126268164947559
task_aligned,nDFA_0.01,449.72571371352734,0.012472857140127695,0.0009126268164947559
task_aligned,nDFA_0.01,457.392680262627,0.012472857140127695,0.0009126268164947559
task_aligned,nDFA_0.01,465.19035398339275,0.012472857140127695,0.0009126268164947559
task_aligned,nDFA_0.01,473.12096318406304,0.012472857140127695,0.0009126268164947559
task_aligned,nDFA_0.01,481.1867741612851,0.012472857140127695,0.0009126268164947559
task_aligned,nDFA_0.01,489.3900918477489,0.012472857140127695,0.0009126268164947559
task_aligned,nDFA_0.01,497.7332604708523,0.012472857140127695,0.0009126268164947559
task_aligned,nDFA_0.01,506.21866422260484,0.012472857140127695,0.0009126268164947559
task_aligned,nDFA_0.01,514.848727940947,0.012472857140127695,0.0009126268164947559
task_aligned,nDFA_0.01,523.6259178026861,0.012472857140127695,0.0009126268164947559
task_aligned,nDFA_0.01,532.5527420282452,0.012472857140127695,0.0009126268164947559
task_aligned,nDFA_0.01,541.6317515984257,0.012472857140127695,0.0009126268164947559
task_aligned,nDFA_0.01,550.8655409833943,0.012472857140127695,0.0009126268164947559
task_aligned,nDFA_0.01,560.2567488840875,0.012472857140127695,0.0009126268164947559
task_aligned,nDFA_0.01,569.8080589862665,0.012472857140127695,0.0009126268164947559
task_aligned,nDFA_0.01,579.522200727421,0.012472857140127695,0.0009126268164947559
task_aligned,nDFA_0.01,589.40195007675,0.012472857140127695,0.0009126268164947559
task_aligned,nDFA_0.01,599.450130328438,0.012472857140127695,0.0009126268164947559
task_aligned,nDFA_0.01,609.6696129084548,0.012472857140127695,0.0009126268164947559
task_aligned,nDFA_0.01,620.0633181951158,0.012472857140127695,0.0009126268164947559
task_aligned,nDFA_0.01,630.6342163536186,0.012472857140127695,0.0009126268164947559
task_aligned,nDFA_0.01,641.3853281848199,0.012472857140127695,0.0009126268164947559
task_aligned,nDFA_0.01,652.3197259884747,0.012472857140127695,0.0009126268164947559
task_aligned,nDFA_0.01,663.440534441196,0.012472857140127695,0.0009126268164947559
task_aligned,nDFA_0.01,674.7509314893789,0.012472857140127695,0.0009126268164947559
task_aligned,nDFA_0.01,686.25414925735,0.012472857140127695,0.0009126268164947559
task_aligned,nDFA_0.01,697.9534749709957,0.012472857140127695,0.0009126268164947559
task_aligned,nDFA_0.01,709.8522518971448,0.012472857140127695,0.0009126268164947559
task_aligned,nDFA_0.01,721.9538802989517,0.012472857140127695,0.0009126268164947559
task_aligned,nDFA_0.01,734.26181840758,0.012472857140127695,0.0009126268164947559
task_aligned,nDFA_0.01,746.7795834104456,0.012472857140127695,0.0009126268164947559
task_aligned,nDFA_0.01,759.5107524563091,0.012472857140127695,0.0009126268164947559
task_aligned,nDFA_0.01,772.458963677501,0.012472857140127695,0.0009126268164947559
task_aligned,nDFA_0.01,785.6279172295752,0.012472857140127695,0.0009126268164947559
task_aligned,nDFA_0.01,799.0213763486926,0.012472857140127695,0.0009126268164947559
task_aligned,nDFA_0.01,812.6431684270153,0.012472857140127695,0.0009126268164947559
task_aligned,nDFA_0.01,826.4971861064516,0.012472857140127695,0.0009126268164947559
task_aligned,nDFA_0.01,840.587388391037,0.012472857140127695,0.0009126268164947559
task_aligned,nDFA_0.01,854.9178017782832,0.012472857140127695,0.0009126268164947559
task_aligned,nDFA_0.01,869.4925214098122,0.012472857140127695,0.0009126268164947559
task_aligned,nDFA_0.01,884.3157122416065,0.012472857140127695,0.0009126268164947559
task_aligned,nDFA_0.01,899.3916102342182,0.012472857140127695,0.0009126268164947559
task_aligned,nDFA_0.01,914.7245235632504,0.012472857140127695,0.0009126268164947559
task_aligned,nDFA_0.01,930.3188338504934,0.012472857140127695,0.0009126268164947559
task_aligned,nDFA_0.01,946.1789974160409,0.012472857140127695,0.0009126268164947559
task_aligned,nDFA_0.01,962.3095465517534,0.012472857140127695,0.0009126268164947559
task_aligned,nDFA_0.01,978.7150908164324,0.012472857140127695,0.0009126268164947559
task_aligned,nDFA_0.01,995.4003183530737,0.012472857140127695,0.0009126268164947559
task_aligned,nDFA_0.01,1012.3699972285774,0.012472857140127695,0.0009126268164947559
task_aligned,nDFA_0.01,1029.6289767963053,0.012472857140127695,0.0009126268164947559
task_aligned,nDFA_0.01,1047.1821890818485,0.012472857140127695,0.0009126268164947559
task_aligned,nDFA_0.01,1065.0346501924394,0.012472857140127695,0.0009126268164947559
task_aligned,nDFA_0.01,1083.1914617503814,0.012472857140127695,0.0009126268164947559
task_aligned,nDFA_0.01,1101.657812350918,0.012472857140127695,0.0009126268164947559
task_aligned,nDFA_0.01,1120.4389790449557,0.012472857140127695,0.0009126268164947559
task_aligned,nDFA_0.01,1139.540328847062,0.012472857140127695,0.0009126268164947559
task_aligned,nDFA_0.01,1158.9673202691843,0.012472857140127695,0.0009126268164947559
task_aligned,nDFA_0.01,1178.725504880491,0.012472857140127695,0.0009126268164947559
task_aligned,nDFA_0.01,1198.8205288938298,0.012472857140127695,0.0009126268164947559
task_aligned,nDFA_0.01,1219.2581347792202,0.012472857140127695,0.0009126268164947559
task_aligned,nDFA_0.01,1240.0441629048537,0.012472857140127695,0.0009126268164947559
task_aligned,nDFA_0.01,1261.1845532060715,0.012472857140127695,0.0009126268164947559
task_aligned,nDFA_0.01,1282.6853468827933,0.012472857140127695,0.0009126268164947559
task_aligned,nDFA_0.01,1304.552688125894,0.012472857140127695,0.0009126268164947559
task_aligned,nDFA_0.01,1326.7928258729887,0.012472857140127695,0.0009126268164947559
task_aligned,nDFA_0.01,1349.412115594175,0.012472857140127695,0.0009126268164947559
task_aligned,nDFA_0.01,1372.417021108207,0.012472857140127695,0.0009126268164947559
task_aligned,nDFA_0.01,1395.814116429633,0.012472857140127695,0.0009126268164947559
task_aligned,nDFA_0.01,1419.610087647423,0.012472857140127695,0.0009126268164947559
task_aligned,nDFA_0.01,1443.811734835622,0.012472857140127695,0.0009126268164947559
task_aligned,nDFA_0.01,1468.4259739965912,0.012472857140127695,0.0009126268164947559
task_aligned,nDFA_0.01,1493.4598390373446,0.012472857140127695,0.0009126268164947559
task_aligned,nDFA_0.01,1518.9204837796128,0.012472857140127695,0.0009126268164947559
task_aligned,nDFA_0.01,1544.815184004156,0.012472857140127695,0.0009126268164947559
task_aligned,nDFA_0.01,1571.1513395299344,0.012472857140127695,0.0009126268164947559
task_aligned,nDFA_0.01,1597.936476328722,0.012472857140127695,0.0009126268164947559
task_aligned,nDFA_0.01,1625.1782486757718,0.012472857140127695,0.0009126268164947559
task_aligned,nDFA_0.01,1652.884441337144,0.012472857140127695,0.0009126268164947559
task_aligned,nDFA_0.01,1681.0629717943361,0.012472857140127695,0.0009126268164947559
task_aligned,nDFA_0.01,1709.7218925068112,0.012472857140127695,0.0009126268164947559
task_aligned,nDFA_0.01,1738.8693932131264,0.012472857140127695,0.0009126268164947559
task_aligned,nDFA_0.01,1768.513803271277,0.012472857140127695,0.0009126268164947559
task_aligned,nDFA_0.01,1798.6635940389426,0.012472857140127695,0.0009126268164947559
task_aligned,nDFA_0.01,1829.32738129431,0.012472857140127695,0.0009126268164947559
task_aligned,nDFA_0.01,1860.5139276981654,0.012472857140127695,0.0009126268164947559
task_aligned,nDFA_0.01,1892.2321452979763,0.012472857140127695,0.0009126268164947559
task_aligned,nDFA_0.01,1924.491098074628,0.012472857140127695,0.0009126268164947559
task_aligned,nDFA_0.01,1957.3000045326144,0.012472857140127695,0.0009126268164947559
task_aligned,nDFA_0.01,1990.6682403343664,0.012472857140127695,0.0009126268164947559
task_aligned,nDFA_0.01,2024.6053409794958,0.012472857140127695,0.0009126268164947559
task_aligned,nDFA_0.01,2059.1210045297153,0.012472857140127695,0.0009126268164947559
task_aligned,nDFA_0.01,2094.225094380206,0.012472857140127695,0.0009126268164947559
task_aligned,nDFA_0.01,2129.9276420782594,0.012472857140127695,0.0009126268164947559
task_aligned,nDFA_0.01,2166.238850189919,0.012472857140127695,0.0009126268164947559
task_aligned,nDFA_0.01,2203.1690952155477,0.012472857140127695,0.0009126268164947559
task_aligned,nDFA_0.01,2240.7289305550667,0.012472857140127695,0.0009126268164947559
task_aligned,nDFA_0.01,2278.9290895237596,0.012472857140127695,0.0009126268164947559
task_aligned,nDFA_0.01,2317.7804884194848,0.012472857140127695,0.0009126268164947559
task_aligned,nDFA_0.01,2357.2942296421747,0.012472857140127695,0.0009126268164947559
task_aligned,nDFA_0.01,2397.4816048665425,0.012472857140127695,0.0009126268164947559
task_aligned,nDFA_0.01,2438.3540982688264,0.012472857140127695,0.0009126268164947559
task_aligned,nDFA_0.01,2479.923389808593,0.012472857140127695,0.0009126268164947559
task_aligned,nDFA_0.01,2522.2013585664654,0.012472857140127695,0.0009126268164947559
task_aligned,nDFA_0.01,2565.200086138758,0.012472857140127695,0.0009126268164947559
task_aligned,nDFA_0.01,2608.9318600899833,0.012472857140127695,0.0009126268164947559
task_aligned,nDFA_0.01,2653.409177464217,0.012472857140127695,0.0009126268164947559
task_aligned,nDFA_0.01,2698.6447483563197,0.012472857140127695,0.0009126268164947559
task_aligned,nDFA_0.01,2744.6514995440693,0.012472857140127695,0.0009126268164947559
task_aligned,nDFA_0.01,2791.4425781821587,0.012472857140127695,0.0009126268164947559
task_aligned,nDFA_0.01,2839.0313555592247,0.012472857140127695,0.0009126268164947559
task_aligned,nDFA_0.01,2887.431430918898,0.012472857140127695,0.0009126268164947559
task_aligned,nDFA_0.01,2936.6566353460034,0.012472857140127695,0.0009126268164947559
task_aligned,nDFA_0.01,2986.7210357190083,0.012472857140127695,0.0009126268164947559
task_aligned,nDFA_0.01,3037.6389387298505,0.012472857140127695,0.0009126268164947559
task_aligned,nDFA_0.01,3089.424894972325,0.012472857140127695,0.0009126268164947559
task_aligned,nDFA_0.01,3142.0937031001095,0.012472857140127695,0.0009126268164947559
task_aligned,nDFA_0.01,3195.6604140557356,0.012472857140127695,0.0009126268164947559
task_aligned,nDFA_0.01,3250.1403353716296,0.012472857140127695,0.0009126268164947559
task_aligned,nDFA_0.01,3305.54903554448,0.012472857140127695,0.0009126268164947559
task_aligned,nDFA_0.01,3361.9023484841796,0.012472857140127695,0.0009126268164947559
task_aligned,nDFA_0.01,3419.2163780386104,0.012472857140127695,0.0009126268164947559
task_aligned,nDFA_0.01,3477.507502595599,0.012472857140127695,0.0009126268164947559
task_aligned,nDFA_0.01,3536.7923797632566,0.012472857140127695,0.0009126268164947559
task_aligned,nDFA_0.01,3597.087951130182,0.012472857140127695,0.0009126268164947559
task_aligned,nDFA_0.01,3658.411447106781,0.012472857140127695,0.0009126268164947559
task_aligned,nDFA_0.01,3720.7803918491268,0.012472857140127695,0.0009126268164947559
task_aligned,nDFA_0.01,3784.2126082667646,0.012472857140127695,0.0009126268164947559
task_aligned,nDFA_0.01,3848.7262231158825,0.012472857140127695,0.0009126268164947559
task_aligned,nDFA_0.01,3914.3396721793456,0.012472857140127695,0.0009126268164947559
task_aligned,nDFA_0.01,3981.0717055349733,0.012472857140127695,0.0009126268164947559
task_aligned,nDFA_0.1,0.0,0.02,7.951493745174844e-18
task_aligned,nDFA_0.1,0.001,0.019964659084891527,9.122674298062854e-07
task_aligned,nDFA_0.1,0.0010170480946837376,0.019964057201507804,9.277997592186486e-07
task_aligned,nDFA_0.1,0.0010343868268998197,0.019963445078186582,9.43596194872552e-07
task_aligned,nDFA_0.1,0.0010520211514644187,0.01996282254107882,9.596612155629562e-07
task_aligned,nDFA_0.1,0.0010699561076638788,0.019962189413396458,9.759993756252247e-07
task_aligned,nDFA_0.1,0.0010881968206947759,0.019961545515363232,9.926153061974678e-07
task_aligned,nDFA_0.1,0.0011067485031285215,0.019960890664164555,1.009513716496774e-06
task_aligned,nDFA_0.1,0.0011256164564009414,0.019960224673896625,1.026699395126149e-06
task_aligned,nDFA_0.1,0.0011448060723272377,0.019959547355514737,1.044177211389786e-06
task_aligned,nDFA_0.1,0.0011643228346427902,0.019958858516780708,1.061952116642518e-06
task_aligned,nDFA_0.1,0.001184172320570217,0.0199581579622094,1.0800291456532354e-06
task_aligned,nDFA_0.1,0.0012043602024131594,0.01995744549301447,1.0984134179961732e-06
task_aligned,nDFA_0.1,0.0012248922491772242,0.019956720907053103,1.1171101394544695e-06
task_aligned,nDFA_0.1,0.0012457743282185726,0.019955983998769966,1.1361246034594874e-06
task_aligned,nDFA_0.1,0.0012670124069206123,0.019955234559140132,1.1554621925450994e-06
task_aligned,nDFA_0.1,0.0012886125543992652,0.019954472375611144,1.17512837982709e-06
task_aligned,nDFA_0.1,0.0013105809432373168,0.01995369723204412,1.1951287305085688e-06
task_aligned,nDFA_0.1,0.0013329238512483272,0.019952908908653873,1.215468903404996e-06
task_aligned,nDFA_0.1,0.001355647663270621,0.019952107181948075,1.2361546525012457e-06
task_aligned,nDFA_0.1,0.001378758872991846,0.01995129182466541,1.257191828525557e-06
task_aligned,nDFA_0.1,0.0014022640848046527,0.019950462605712732,1.2785863805552674e-06
task_aligned,nDFA_0.1,0.0014261700156940071,0.019949619290101226,1.3003443576422703e-06
task_aligned,nDFA_0.1,0.0014504834971566661,0.01994876163888145,1.3224719104719348e-06
task_aligned,nDFA_0.1,0.0014752114771533916,0.01994788940907744,1.344975293042662e-06
task_aligned,nDFA_0.1,0.0015003610220944376,0.019947002353619604,1.367860864372936e-06
task_aligned,nDFA_0.1,0.0015259393188588929,0.019946100221276682,1.3911350902395673e-06
task_aligned,nDFA_0.1,0.0015519536768484371,0.019945182756586466,1.4148045449392475e-06
task_aligned,nDFA_0.1,0.0015784115300761239,0.01994424969978547,1.438875913081344e-06
task_aligned,nDFA_0.1,0.0016053204392907632,0.019943300786737467,1.463355991406264e-06
task_aligned,nDFA_0.1,0.0016326880941375313,0.019942335748860823,1.4882516906368357e-06
task_aligned,nDFA_0.1,0.001660522315355399,0.019941354313054712,1.5135700373557325e-06
task_aligned,nDFA_0.1,0.0016888310570120353,0.019940356201624092,1.539318175911055e-06
task_aligned,nDFA_0.1,0.001717622408776813,0.019939341132203515,1.5655033703603147e-06
task_aligned,nDFA_0.1,0.0017469045982325495,0.01993830881767968,1.5921330064344278e-06
task_aligned,nDFA_0.1,0.0017766859932266746,0.01993725896611275,1.6192145935404394e-06
task_aligned,nDFA_0.1,0.0018069751042624714,0.01993619128065642,1.6467557667945164e-06
task_aligned,nDFA_0.1,0.0018377805869310945,0.01993510545947664,1.6747642890815428e-06
task_aligned,nDFA_0.1,0.0018691112443850306,0.01993400119566916,1.7032480531568519e-06
task_aligned,nDFA_0.1,0.001900976029853745,0.0199328781771756,1.7322150837710667e-06
task_aligned,nDFA_0.1,0.0019333840492022055,0.019931736086698314,1.7616735398359589e-06
task_aligned,nDFA_0.1,0.0019663445635330324,0.0199305746016138,1.791631716617959e-06
task_aligned,nDFA_0.1,0.0019998669918329963,0.019929393393884783,1.8220980479734567e-06
task_aligned,nDFA_0.1,0.0020339609136646444,0.019928192129970858,1.8530811086097303e-06
task_aligned,nDFA_0.1,0.0020686360719038206,0.019926970470737736,1.884589616389569e-06
task_aligned,nDFA_0.1,0.002103902375523832,0.019925728071365063,1.9166324346652213e-06
task_aligned,nDFA_0.1,0.002139769902427103,0.0199244645812527,1.949218574656163e-06
task_aligned,nDFA_0.1,0.0021762489023250896,0.01992317964392567,1.9823571978529756e-06
task_aligned,nDFA_0.1,0.002213349799667308,0.019921872896937358,2.0160576184701696e-06
task_aligned,nDFA_0.1,0.0022510831966202675,0.01992054397177146,2.0503293059277742e-06
task_aligned,nDFA_0.1,0.0022894598760972184,0.019919192493742167,2.085181887377362e-06
task_aligned,nDFA_0.1,0.0023284908048395417,0.01991781808189287,2.120625150261635e-06
task_aligned,nDFA_0.1,0.0023681871365506583,0.019916420348893273,2.1566690449184137e-06
task_aligned,nDFA_0.1,0.0024085602150833835,0.01991499890093483,2.1933236872208366e-06
task_aligned,nDFA_0.1,0.0024496215776816056,0.019913553337624658,2.230599361260264e-06
task_aligned,nDFA_0.1,0.0024913829582772482,0.019912083251877627,2.26850652206817e-06
task_aligned,nDFA_0.1,0.002533856290843409,0.019910588229806882,2.3070557983807738e-06
task_aligned,nDFA_0.1,0.0025770537128046917,0.019909067850612618,2.346257995448197e-06
task_aligned,nDFA_0.1,0.002620987568505661,0.01990752168646911,2.3861240978771343e-06
task_aligned,nDFA_0.1,0.0026656704127384443,0.019905949302410027,2.426665272530555e-06
task_aligned,nDFA_0.1,0.002711115014330447,0.019904350256211872,2.4678928714568826e-06
task_aligned,nDFA_0.1,0.0027573343597932553,0.019902724098275704,2.509818434874825e-06
task_aligned,nDFA_0.1,0.0028043416570337305,0.01990107037150703,2.5524536941953055e-06
task_aligned,nDFA_0.1,0.002852150339128391,0.019899388611193714,2.5958105750919998e-06
task_aligned,nDFA_0.1,0.0029007740681621062,0.01989767834488219,2.6399012006199833e-06
task_aligned,nDFA_0.1,0.0029502267391322613,0.01989593909225162,2.6847378943722057e-06
task_aligned,nDFA_0.1,0.0030005224839194824,0.019894170364986176,2.730333183697295e-06
task_aligned,nDFA_0.1,0.0030516756753260254,0.019892371666645352,2.7766998029472314e-06
task_aligned,nDFA_0.1,0.003103700931183042,0.019890542492532325,2.823850696791177e-06
task_aligned,nDFA_0.1,0.003156613118527852,0.01988868232956022,2.871799023563962e-06
task_aligned,nDFA_0.1,0.0032104273578524426,0.01988679065611645,2.9205581586711865e-06
task_aligned,nDFA_0.1,0.003265159027424373,0.01988486694192489,2.970141698043405e-06
task_aligned,nDFA_0.1,0.0033208237676813604,0.019882910647906,3.0205634616368064e-06
task_aligned,nDFA_0.1,0.0033774374857007982,0.019880921226034874,3.0718374969907025e-06
task_aligned,nDFA_0.1,0.00343501635974543,0.019878898119197054,3.123978082832678e-06
task_aligned,nDFA_0.1,0.003493576843886558,0.019876840761042246,3.176999732738014e-06
task_aligned,nDFA_0.1,0.003553135672706045,0.01987474857583578,3.230917198839256e-06
task_aligned,nDFA_0.1,0.0036137098660785033,0.019872620978307907,3.2857454755919863e-06
task_aligned,nDFA_0.1,0.0036753167340349666,0.01987045737350077,3.3414998035926037e-06
task_aligned,nDFA_0.1,0.0037379738817095156,0.019868257156613146,3.3981956734524196e-06
task_aligned,nDFA_0.1,0.0038016992143702377,0.019866019712842846,3.4558488297245905e-06
task_aligned,nDFA_0.1,0.0038665109425359123,0.019863744417226784,3.514475274889111e-06
task_aligned,nDFA_0.1,0.003932427587179972,0.019861430634478695,3.5740912733910923e-06
task_aligned,nDFA_0.1,0.003999467985023157,0.019859077718824412,3.6347133557390417e-06
task_aligned,nDFA_0.1,0.004067651293916405,0.019856685013834786,3.6963583226571588e-06
task_aligned,nDFA_0.1,0.00413699699831552,0.019854251852256102,3.7590432492985376e-06
task_aligned,nDFA_0.1,0.004207524914849136,0.01985177755583802,3.822785489515121e-06
task_aligned,nDFA_0.1,0.004279255197981669,0.01984926143515902,3.887602680187966e-06
task_aligned,nDFA_0.1,0.0043522083457727375,0.019846702789449326,3.95351274561414e-06
task_aligned,nDFA_0.1,0.004426405205734824,0.01984410090641123,4.020533901955738e-06
task_aligned,nDFA_0.1,0.0045018669807907795,0.019841455062036804,4.088684661752597e-06
task_aligned,nDFA_0.1,0.004578615235332888,0.019838764520423068,4.1579838384877265e-06
task_aligned,nDFA_0.1,0.004656671901385246,0.019836028533584453,4.228450551224021e-06
task_aligned,nDFA_0.1,0.004736059284871162,0.019833246341262552,4.300104229297102e-06
task_aligned,nDFA_0.1,0.0048168000719874355,0.01983041717073322,4.372964617070424e-06
task_aligned,nDFA_0.1,0.004898917335687311,0.019827540236610944,4.447051778758314e-06
task_aligned,nDFA_0.1,0.004982434542273912,0.019824614740650375,4.522386103308391e-06
task_aligned,nDFA_0.1,0.005067375558106122,0.01982163987154516,4.598988309347774e-06
task_aligned,nDFA_0.1,0.005153764656418767,0.019818614804723852,4.676879450196333e-06
task_aligned,nDFA_0.1,0.0052416265242590954,0.019815538702143108,4.756080918947809e-06
task_aligned,nDFA_0.1,0.0053309862695414545,0.01981241071207784,4.836614453603443e-06
task_aligned,nDFA_0.1,0.005421869428222296,0.019809229968908642,4.918502142289867e-06
task_aligned,nDFA_0.1,0.005514301971597493,0.01980599559290614,5.0017664285254254e-06
task_aligned,nDFA_0.1,0.005608310313724007,0.01980270669001247,5.086430116566139e-06
task_aligned,nDFA_0.1,0.0057039213189681555,0.01979936235161976,5.172516376813921e-06
task_aligned,nDFA_0.1,0.005801162309682508,0.01979596165434557,5.2600487512846174e-06
task_aligned,nDFA_0.1,0.005900061074013706,0.019792503659805373,5.349051159160779e-06
task_aligned,nDFA_0.1,0.006000645873843326,0.019788987414381867,5.439547902393541e-06
task_aligned,nDFA_0.1,0.0061029454528641796,0.019785411948991277,5.53156367138582e-06
task_aligned,nDFA_0.1,0.006206989044794294,0.019781776278846613,5.625123550736972e-06
task_aligned,nDFA_0.1,0.006312806381730868,0.01977807940321759,5.720253025057403e-06
task_aligned,nDFA_0.1,0.006420427702646719,0.01977432030518763,5.816977984857099e-06
task_aligned,nDFA_0.1,0.006529883762031532,0.01977049795140753,5.915324732492028e-06
task_aligned,nDFA_0.1,0.006641205838680439,0.019766611291846,6.0153199881912405e-06
task_aligned,nDFA_0.1,0.006754425744632454,0.01976265925953695,6.116990896146198e-06
task_aligned,nDFA_0.1,0.006869575834261216,0.019758640770323542,6.220365030671609e-06
task_aligned,nDFA_0.1,0.006986689013520816,0.01975455472259902,6.325470402434024e-06
task_aligned,nDFA_0.1,0.007105798749349149,0.019750399997044192,6.432335464751779e-06
task_aligned,nDFA_0.1,0.007226939079231637,0.019746175456361648,6.54098911996423e-06
task_aligned,nDFA_0.1,0.007350144620927981,0.01974187994500672,6.651460725865105e-06
task_aligned,nDFA_0.1,0.007475450582364718,0.019737512288914984,6.763780102213254e-06
task_aligned,nDFA_0.1,0.007602892771696472,0.019733071295226546,6.877977537304823e-06
task_aligned,nDFA_0.1,0.007732507607538658,0.01972855575200689,6.994083794619132e-06
task_aligned,nDFA_0.1,0.00786433212937469,0.01972396442796435,7.112130119528236e-06
task_aligned,nDFA_0.1,0.00799840400814063,0.019719296072164293,7.232148246080698e-06
task_aligned,nDFA_0.1,0.008134761556990196,0.019714549413739752,7.354170403845367e-06
task_aligned,nDFA_0.1,0.008273443742243394,0.019709723161598806,7.478229324828727e-06
task_aligned,nDFA_0.1,0.008414490194521727,0.019704816004128455,7.604358250458447e-06
task_aligned,nDFA_0.1,0.008557941220073315,0.019699826608895136,7.732590938628937e-06
task_aligned,nDFA_0.1,0.008703837812290985,0.019694753622341743,7.862961670816009e-06
task_aligned,nDFA_0.1,0.008852221663426809,0.019689595669481325,7.995505259258127e-06
task_aligned,nDFA_0.1,0.009003135176506341,0.01968435135358725,8.13025705419538e-06
task_aligned,nDFA_0.1,0.00915662147744591,0.01967901925588006,8.267252951180554e-06
task_aligned,nDFA_0.1,0.009312724427376552,0.019673597935210792,8.406529398447826e-06
task_aligned,nDFA_0.1,0.009471488635178014,0.019668085927740955,8.548123404340058e-06
task_aligned,nDFA_0.1,0.009632959470226472,0.019662481746619092,8.692072544804669e-06
task_aligned,nDFA_0.1,0.0097971830753595,0.019656783881653896,8.838414970945815e-06
task_aligned,nDFA_0.1,0.00996420638006213,0.019650990798983994,8.987189416628013e-06
task_aligned,nDFA_0.1,0.010134077113877737,0.019645100940744342,9.138435206149667e-06
task_aligned,nDFA_0.1,0.010306843820047417,0.019639112724729176,9.29219226196008e-06
task_aligned,nDFA_0.1,0.010482555869382074,0.019633024544051803,9.448501112440548e-06
task_aligned,nDFA_0.1,0.01066126347437087,0.01962683476680086,9.607402899728975e-06
task_aligned,nDFA_0.1,0.010843017703530211,0.019620541735693463,9.768939387602457e-06
task_aligned,nDFA_0.1,0.011027870495997438,0.019614143767724985,9.933152969407174e-06
task_aligned,nDFA_0.1,0.011215874676373193,0.019607639153815592,1.0100086676031913e-05
task_aligned,nDFA_0.1,0.011407083969816937,0.019601026158453685,1.0269784183931631e-05
task_aligned,nDFA_0.1,0.011601553017399714,0.019594303019336023,1.0442289823192607e-05
task_aligned,nDFA_0.1,0.011799337391718746,0.019587467947004854,1.06176485856352e-05
task_aligned,nDFA_0.1,0.012000493612778126,0.01958051912448189,1.0795906132959047e-05
task_aligned,nDFA_0.1,0.01220507916414035,0.019573454706899286,1.0977108804923875e-05
task_aligned,nDFA_0.1,0.012413152509353128,0.019566272821127616,1.116130362756005e-05
task_aligned,nDFA_0.1,0.012624773108656248,0.01955897156540099,1.1348538321411152e-05
task_aligned,nDFA_0.1,0.012840001435973322,0.019551549008939177,1.1538861309806951e-05
task_aligned,nDFA_0.1,0.013058898996193115,0.019544003191567086,1.1732321727154543e-05
task_aligned,nDFA_0.1,0.013281528342745581,0.01953633212333141,1.1928969427255818e-05
task_aligned,nDFA_0.1,0.013507953095477445,0.019528533784114697,1.2128854991640004e-05
task_aligned,nDFA_0.1,0.01373823795883263,0.01952060612324677,1.2332029737908863e-05
task_aligned,nDFA_0.1,0.01397244874034252,0.019512547059113712,1.2538545728094107e-05
task_aligned,nDFA_0.1,0.014210652369431549,0.01950435447876447,1.274845577702125e-05
task_aligned,nDFA_0.1,0.01445291691654329,0.019496026237515094,1.2961813460669279e-05
task_aligned,nDFA_0.1,0.014699311612592705,0.019487560158550847,1.3178673124536341e-05
task_aligned,nDFA_0.1,0.014949906868749948,0.019478954032526166,1.3399089891992541e-05
task_aligned,nDFA_0.1,0.015204774296561448,0.0194702056171627,1.362311967262042e-05
task_aligned,nDFA_0.1,0.015463986728414087,0.019461312636845456,1.3850819170542537e-05
task_aligned,nDFA_0.1,0.015727618238348142,0.01945227278221721,1.4082245892720924e-05
task_aligned,nDFA_0.1,0.01599574416322518,0.019443083709771367,1.4317458157235227e-05
task_aligned,nDFA_0.1,0.01626844112425668,0.019433743041443338,1.4556515101517056e-05
task_aligned,nDFA_0.1,0.016545787048899814,0.019424248364200605,1.4799476690559239e-05
task_aligned,nDFA_0.1,0.01682786119312641,0.01941459722963167,1.5046403725064393e-05
task_aligned,nDFA_0.1,0.01711474416407161,0.01940478715353402,1.529735784955039e-05
task_aligned,nDFA_0.1,0.01740651794306865,0.01939481561550125,1.5552401560391566e-05
task_aligned,nDFA_0.1,0.017703265909076255,0.019384680058509594,1.5811598213797046e-05
task_aligned,nDFA_0.1,0.018005072862505567,0.019374377888504025,1.6075012033715225e-05
task_aligned,nDFA_0.1,0.01831202504945315,0.01936390647398411,1.6342708119648632e-05
task_aligned,nDFA_0.1,0.0186242101863472,0.019353263145589827,1.6614752454392967e-05
task_aligned,nDFA_0.1,0.018941717485013866,0.01934244519568761,1.68912119116679e-05
task_aligned,nDFA_0.1,0.01926463767817099,0.0193314498779568,1.7172154263642216e-05
task_aligned,nDFA_0.1,0.019593063045356338,0.019320274406976763,1.7457648188349768e-05
task_aligned,nDFA_0.1,0.01992708743929801,0.01930891595781493,1.774776327697149e-05
task_aligned,nDFA_0.1,0.02026680631273427,0.01929737166561602,1.8042570040991828e-05
task_aligned,nDFA_0.1,0.020612316745690726,0.019285638625192735,1.8342139919203487e-05
task_aligned,nDFA_0.1,0.02096371747322245,0.01927371389061814,1.8646545284559948e-05
task_aligned,nDFA_0.1,0.02132110891362906,0.01926159447482015,1.8955859450859524e-05
task_aligned,nDFA_0.1,0.021684593197150888,0.019249277349178334,1.9270156679256426e-05
task_aligned,nDFA_0.1,0.022054274195154235,0.019236759443123412,1.9589512184576952e-05
task_aligned,nDFA_0.1,0.022430257549814335,0.01922403764373974,1.9914002141439156e-05
task_aligned,nDFA_0.1,0.022812650704304178,0.019211108795371207,2.0243703690154194e-05
task_aligned,nDFA_0.1,0.02320156293349819,0.019197969699230818,2.0578694942404595e-05
task_aligned,nDFA_0.1,0.02359710537519915,0.01918461711301443,2.091905498667843e-05
task_aligned,nDFA_0.1,0.023999391061897666,0.019171047750519,2.1264863893452056e-05
task_aligned,nDFA_0.1,0.024408534953072943,0.01915725828126574,2.1616202720100076e-05
task_aligned,nDFA_0.1,0.024824653968044234,0.019143245330128657,2.197315351552544e-05
task_aligned,nDFA_0.1,0.025247867019382475,0.019129005476968858,2.23357993244849e-05
task_aligned,nDFA_0.1,0.025678295046891307,0.019114535256275184,2.2704224191602567e-05
task_aligned,nDFA_0.1,0.026116061052167662,0.01909983115681154,2.3078513165050907e-05
task_aligned,nDFA_0.1,0.026561290133751272,0.019084889621271493,2.345875229987675e-05
task_aligned,nDFA_0.1,0.02701410952287369,0.01906970704594064,2.384502866096928e-05
task_aligned,nDFA_0.1,0.02747464861981648,0.0190542797803673,2.4237430325631704e-05
task_aligned,nDFA_0.1,0.02794303903088952,0.019038604127042065,2.4636046385755902e-05
task_aligned,nDFA_0.1,0.028419414606039497,0.019022676341086748,2.5040966949569308e-05
task_aligned,nDFA_0.1,0.02890391147709964,0.019006492629953464,2.5452283142937772e-05
task_aligned,nDFA_0.1,0.029396668096691603,0.018990049153134327,2.5870087110201988e-05
task_aligned,nDFA_0.1,0.029897825277790394,0.018973342021882462,2.6294472014528174e-05
task_aligned,nDFA_0.1,0.030407526233964005,0.018956367298944975,2.672553203774791e-05
task_aligned,nDFA_0.1,0.03092591662029884,0.018939120998308703,2.7163362379668225e-05
task_aligned,nDFA_0.1,0.03145314457502307,0.018921599084959172,2.76080592568209e-05
task_aligned,nDFA_0.1,0.031989360761839336,0.018903797474653868,2.8059719900637194e-05
task_aligned,nDFA_0.1,0.03253471841297941,0.018885712033710228,2.851844255501027e-05
task_aligned,nDFA_0.1,0.03308937337299261,0.01886733857880947,2.8984326473235845e-05
task_aligned,nDFA_0.1,0.03365348414328091,0.0188486728768168,2.9457471914282587e-05
task_aligned,nDFA_0.1,0.034227211927393225,0.01882971064461903,2.9937980138387266e-05
task_aligned,nDFA_0.1,0.03481072067709176,0.018810447548980425,3.042595340192951e-05
task_aligned,nDFA_0.1,0.03540417713920396,0.018790879206417588,3.092149495156927e-05
task_aligned,nDFA_0.1,0.036007750903272906,0.018771001183094525,3.142470901760499e-05
task_aligned,nDFA_0.1,0.036621614450020344,0.018750808994738626,3.193570080653417e-05
task_aligned,nDFA_0.1,0.0372459432006356,0.018730298106578676,3.245457649277348e-05
task_aligned,nDFA_0.1,0.03788091556690515,0.018709463933305946,3.298144320951801e-05
task_aligned,nDFA_0.1,0.03852671300219639,0.018688301839059313,3.351640903868943e-05
task_aligned,nDFA_0.1,0.039183520053311,0.018666807137435577,3.4059582999960185e-05
task_aligned,nDFA_0.1,0.03985152441322198,0.018644975091526083,3.461107503879786e-05
task_aligned,nDFA_0.1,0.04053091697470985,0.018622800913980865,3.517099601350818e-05
task_aligned,nDFA_0.1,0.0412218918849134,0.018600279767101272,3.573945768123197e-05
task_aligned,nDFA_0.1,0.04192464660081018,0.018577406762962653,3.631657268286025e-05
task_aligned,nDFA_0.1,0.04263938194564303,0.0185541769635681,3.6902454526829735e-05
task_aligned,nDFA_0.1,0.04336630216630838,0.018530585381034626,3.7497217571758e-05
task_aligned,nDFA_0.1,0.04410561499172318,0.018506626977813183,3.8100977007873466e-05
task_aligned,nDFA_0.1,0.04485753169218653,0.018482296666943752,3.871384883720557e-05
task_aligned,nDFA_0.1,0.04562226713975368,0.01845758931234712,3.93359498524872e-05
task_aligned,nDFA_0.1,0.04640003986963895,0.018432499729154596,3.996739761472776e-05
task_aligned,nDFA_0.1,0.04719107214266573,0.018407022684077342,4.0608310429406344e-05
task_aligned,nDFA_0.1,0.04799559000878098,0.01838115289581669,4.125880732125099e-05
task_aligned,nDFA_0.1,0.04881382337165251,0.018354885035517198,4.1919008007542095e-05
task_aligned,nDFA_0.1,0.049646006054367676,0.01832821372726392,4.258903286990751e-05
task_aligned,nDFA_0.1,0.05049237586625192,0.018301133548625607,4.326900292454364e-05
task_aligned,nDFA_0.1,0.05135317467082665,0.018273639031245636,4.3959039790830824e-05
task_aligned,nDFA_0.1,0.05222864845492539,0.018245724661482256,4.465926565827542e-05
task_aligned,nDFA_0.1,0.0531190473989886,0.01821738488110005,4.536980325173923e-05
task_aligned,nDFA_0.1,0.054024625948556476,0.018188614088014497,4.60907757948911e-05
task_aligned,nDFA_0.1,0.05494564288698094,0.018159406637091376,4.682230697184422e-05
task_aligned,nDFA_0.1,0.055882361409377024,0.01812975684100311,4.756452088690321e-05
task_aligned,nDFA_0.1,0.0568350491978349,0.018099658971143896,4.831754202238212e-05
task_aligned,nDFA_0.1,0.05780397849791447,0.01806910725860577,4.9081495194427184e-05
task_aligned,nDFA_0.1,0.05878942619644362,0.01803809589521752,4.985650550679356e-05
task_aligned,nDFA_0.1,0.05979167390064319,0.01800661903464878,5.06426983025081e-05
task_aligned,nDFA_0.1,0.06081100801860048,0.01797467079358126,5.1440199113367825e-05
task_aligned,nDFA_0.1,0.06184771984111511,0.017942245252949508,5.2249133607210216e-05
task_aligned,nDFA_0.1,0.06290210562493968,0.017909336459253265,5.306962753289282e-05
task_aligned,nDFA_0.1,0.06397446667744011,0.017875938425944,5.3901806662925866e-05
task_aligned,nDFA_0.1,0.0650651094426987,0.017842045134887664,5.4745796733683706e-05
task_aligned,nDFA_0.1,0.06617434558908554,0.01780765053790634,5.560172338314965e-05
task_aligned,nDFA_0.1,0.06730249209832263,0.017772748558401087,5.6469712086112654e-05
task_aligned,nDFA_0.1,0.06844987135606631,0.0177373330930585,5.734988808676533e-05
task_aligned,nDFA_0.1,0.06961681124403418,0.017701398013643566,5.824237632862738e-05
task_aligned,nDFA_0.1,0.07080364523370232,0.017664937168881387,5.91473013817387e-05
task_aligned,nDFA_0.1,0.07201071248160025,0.01762794438643038,6.006478736705013e-05
task_aligned,nDFA_0.1,0.07323835792622993,0.017590413474949683,6.099495787794959e-05
task_aligned,nDFA_0.1,0.07448693238663776,0.017552338226263443,6.193793589885618e-05
task_aligned,nDFA_0.1,0.07575679266266629,0.017513712417624772,6.289384372081131e-05
task_aligned,nDFA_0.1,0.07704830163691566,0.01747452981408215,6.386280285401774e-05
task_aligned,nDFA_0.1,0.07836182837844297,0.017434784170951192,6.484493393723184e-05
task_aligned,nDFA_0.1,0.07969774824822941,0.01739446923639455,6.584035664397251e-05
task_aligned,nDFA_0.1,0.0810564430064459,0.01735357875411296,6.684918958546371e-05
task_aligned,nDFA_0.1,0.08243830092154673,0.01731210646615037,6.787155021024905e-05
task_aligned,nDFA_0.1,0.0838437168812237,0.01727004611581609,6.890755470041884e-05
task_aligned,nDFA_0.1,0.08527309250525125,0.017227391450727065,6.995731786437552e-05
task_aligned,nDFA_0.1,0.08672683626025589,0.017184136225973205,7.102095302609091e-05
task_aligned,nDFA_0.1,0.0882053635764417,0.017140274207408983,7.209857191077571e-05
task_aligned,nDFA_0.1,0.08970909696630631,0.017095799175074283,7.319028452691124e-05
task_aligned,nDFA_0.1,0.0912384661453805,0.017050704926747658,7.429619904458621e-05
task_aligned,nDFA_0.1,0.09279390815502589,0.01700498528163516,7.541642167006984e-05
task_aligned,nDFA_0.1,0.09437586748732682,0.016958634084197798,7.65510565165785e-05
task_aligned,nDFA_0.1,0.09598479621211059,0.01691164520812095,7.770020547117571e-05
task_aligned,nDFA_0.1,0.09762115410613391,0.016864012560428666,7.886396805775187e-05
task_aligned,nDFA_0.1,0.09928540878447097,0.01681573008574625,8.00424412960406e-05
task_aligned,nDFA_0.1,0.10097803583414221,0.0167667917707141,8.123571955662593e-05
task_aligned,nDFA_0.1,0.10269951895002051,0.016717191648556125,8.244389441188853e-05
task_aligned,nDFA_0.1,0.10445035007305466,0.016666923803805737,8.366705448286541e-05
task_aligned,nDFA_0.1,0.10623102953084963,0.016615982377192612,8.490528528197063e-05
task_aligned,nDFA_0.1,0.10804206618064248,0.016564361570693353,8.615866905156535e-05
task_aligned,nDFA_0.1,0.10988397755471659,0.016512055652749047,8.74272845983271e-05
task_aligned,nDFA_0.1,0.1117572900082951,0.016459058963652764,8.871120712341789e-05
task_aligned,nDFA_0.1,0.11366253886995442,0.016405365921110096,9.001050804840937e-05
task_aligned,nDFA_0.1,0.11560026859460341,0.016350971025975485,9.132525483698e-05
task_aligned,nDFA_0.1,0.11757103291906959,0.016295868868167408,9.265551081235106e-05
task_aligned,nDFA_0.1,0.11957539502033872,0.01624005413276503,9.400133497048075e-05
task_aligned,nDFA_0.1,0.12161392767649076,0.01618352160628933,9.536278178901295e-05
task_aligned,nDFA_0.1,0.12368721343038079,0.016126266183171048,9.673990103199473e-05
task_aligned,nDFA_0.1,0.12579584475610944,0.016068282872408243,9.813273755039027e-05
task_aligned,nDFA_0.1,0.12794042422833235,0.01600956680441581,9.95413310784129e-05
task_aligned,nDFA_0.1,0.13012156469445452,0.015950113238069337,0.00010096571602571767
task_aligned,nDFA_0.1,0.13233988944976152,0.01588991756794541,0.00010240592126549883
task_aligned,nDFA_0.1,0.13459603241553642,0.015828975331760666,0.00010386196991855792
task_aligned,nDFA_0.1,0.1368906383202119,0.01576728221801125,0.00010533387913339385
task_aligned,nDFA_0.1,0.13922436288361215,0.015704834073814643,0.00010682165986241174
task_aligned,nDFA_0.1,0.14159787300433485,0.015641626912955398,0.00010832531663432629
task_aligned,nDFA_0.1,0.14401184695032862,0.015577656924136088,0.00010984484732287423
task_aligned,nDFA_0.1,0.14646697455271773,0.015512920479434847,0.00011138024291193993
task_aligned,nDFA_0.1,0.1489639574029329,0.015447414142970354,0.000112931487257233
task_aligned,nDFA_0.1,0.15150350905320234,0.01538113467977501,0.00011449855684465631
task_aligned,nDFA_0.1,0.15408635522045983,0.015314079064876926,0.00011608142054552783
task_aligned,nDFA_0.1,0.15671323399373024,0.015246244492590797,0.00011768003936882527
task_aligned,nDFA_0.1,0.15938489604504993,0.015177628386017803,0.000119294366210653
task_aligned,nDFA_0.1,0.1621021048439836,0.015108228406753984,0.00012092434560113646
task_aligned,nDFA_0.1,0.164865636875797,0.01503804246480663,0.0001225699134489709
task_aligned,nDFA_0.1,0.16767628186335026,0.014967068728717541,0.0001242309967838785
task_aligned,nDFA_0.1,0.17053484299277355,0.014895305635891868,0.00012590751349723573
task_aligned,nDFA_0.1,0.1734421371429907,0.014822751903130774,0.00012759937208116535
task_aligned,nDFA_0.1,0.1763989951191542,0.014749406537365853,0.00012930647136639818
task_aligned,nDFA_0.1,0.1794062618900615,0.014675268846592607,0.0001310287002592491
task_aligned,nDFA_0.1,0.1824647968296187,0.014600338451000191,0.0001327659374780597
task_aligned,nDFA_0.1,0.18557547396241897,0.014524615294293797,0.00013451805128949113
task_aligned,nDFA_0.1,0.18873918221350977,0.014448099655205854,0.0001362848992450864
task_aligned,nDFA_0.1,0.19195682566241667,0.01437079215919156,0.00013806632791853177
task_aligned,nDFA_0.1,0.19522932380149927,0.014292693790303693,0.0001398621726440898
task_aligned,nDFA_0.1,0.1985576117987093,0.014213805903241344,0.00014167225725669614
task_aligned,nDFA_0.1,0.20194264076483048,0.014134130235566233,0.00014349639383425406
task_aligned,nDFA_0.1,0.2053853780252731,0.014053668920080031,0.00014533438244267811
task_aligned,nDFA_0.1,0.2088868073965032,0.013972424497355255,0.00014718601088428728
task_aligned,nDFA_0.1,0.21244792946718244,0.013890399928411751,0.0001490510544501675
task_aligned,nDFA_0.1,0.21606976188410273,0.013807598607530027,0.00015092927567716846
task_aligned,nDFA_0.1,0.21975333964299557,0.013724024375192,0.00015282042411023504
task_aligned,nDFA_0.1,0.2234997153842969,0.01363968153113907,0.00015472423607080545
task_aligned,nDFA_0.1,0.2273099596939568,0.01355457484753648,0.0001566404344320538
task_aligned,nDFA_0.1,0.2311851614093757,0.01346870958223236,0.0001585687284017921
task_aligned,nDFA_0.1,0.23512642793055788,0.013382091492098808,0.0001605088133138868
task_aligned,nDFA_0.1,0.23913488553656703,0.01329472684644174,0.00016246037042908843
task_aligned,nDFA_0.1,0.24321167970737892,0.013206622440465119,0.00016442306674621578
task_aligned,nDFA_0.1,0.24735797545122115,0.013117785608774482,0.00016639655482468405
task_aligned,nDFA_0.1,0.2515749576374912,0.01302822423890373,0.00016838047261940277
task_aligned,nDFA_0.1,0.25586383133535245,0.01293794678484804,0.00017037444332912695
task_aligned,nDFA_0.1,0.26022582215810114,0.01284696228058493,0.00017237807525938292
task_aligned,nDFA_0.1,0.26466217661340585,0.012755280353564541,0.00017439096170114552
task_aligned,nDFA_0.1,0.2691741624595153,0.012662911238149027,0.00017641268082648946
task_aligned,nDFA_0.1,0.2737630690675409,0.012569865788980058,0.00017844279560248294
task_aligned,nDFA_0.1,0.2784302077899146,0.012476155494252206,0.000180480853724653
task_aligned,nDFA_0.1,0.2831769123351298,0.01238179248886907,0.0001825263875713934
task_aligned,nDFA_0.1,0.28800453914886753,0.012286789567457924,0.00018457891418074163
task_aligned,nDFA_0.1,0.29291446780162333,0.01219116019721719,0.0001866379352509995
task_aligned,nDFA_0.1,0.297908101382942,0.012094918530570434,0.00018870293716673675
task_aligned,nDFA_0.1,0.3029868669023709,0.011998079417599084,0.00019077339105174498
task_aligned,nDFA_0.1,0.3081522156972515,0.01190065841822494,0.0001928487528505897
task_aligned,nDFA_0.1,0.31340562384746146,0.011802671814112625,0.00019492846344043902
task_aligned,nDFA_0.1,0.3187485925972288,0.011704136620260553,0.00019701194877490673
task_aligned,nDFA_0.1,0.32418264878413444,0.011605070596248369,0.00019909862006170005
task_aligned,nDFA_0.1,0.3297093452754312,0.01150549225710703,0.0002011878739759082
task_aligned,nDFA_0.1,0.33533026141179956,0.01140542088377708,0.00020327909291081565
task_aligned,nDFA_0.1,0.3410470034586704,0.011304876533119148,0.0002053716452681819
task_aligned,nDFA_0.1,0.34686120506523876,0.011203880047439808,0.00020746488578995303
task_aligned,nDFA_0.1,0.3527745277313059,0.011102453063494564,0.0002095581559334396
task_aligned,nDFA_0.1,0.35878866128208003,0.011000618020928898,0.00021165078429201953
task_aligned,nDFA_0.1,0.36490532435106837,0.010898398170117042,0.00021374208706346028
task_aligned,nDFA_0.1,0.37112626487120537,0.010795817579357119,0.00021583136856801025
task_aligned,nDFA_0.1,0.37745326057435113,0.010692901141380376,0.00021791792181841016
task_aligned,nDFA_0.1,0.3838881194993082,0.010589674579131167,0.00022000102914403354
task_aligned,nDFA_0.1,0.39043268050849433,0.010486164450773513,0.0002220799628713574
task_aligned,nDFA_0.1,0.3970888138134286,0.010382398153879036,0.00022415398606300647
task_aligned,nDFA_0.1,0.40385842150917256,0.010278403928750488,0.0002262223533176108
task_aligned,nDFA_0.1,0.4107434381178857,0.010174210860834192,0.00022828431163272357
task_aligned,nDFA_0.1,0.4177458311416433,0.010069848882174033,0.00023033910133304057
task_aligned,nDFA_0.1,0.4248676016246823,0.0099653487718592,0.00023238595706616394
task_aligned,nDFA_0.1,0.43211078472523234,0.009860742155417195,0.00023442410886811198
task_aligned,nDFA_0.1,0.43947745029709223,0.009756061503103423,0.00023645278330076193
task_aligned,nDFA_0.1,0.44696970348112464,0.009651340127038192,0.0002384712046633713
task_aligned,nDFA_0.1,0.4545896853068325,0.009546612177141908,0.0002404785962802592
task_aligned,nDFA_0.1,0.46233957330419384,0.009441912635819099,0.00024247418186667394
task_aligned,nDFA_0.1,0.4702215821259226,0.009337277311342157,0.0002444571869747887
task_aligned,nDFA_0.1,0.4782379641803417,0.009232742829885548,0.00024642684052167104
task_aligned,nDFA_0.1,0.48639101027504605,0.00912834662616194,0.00024838237640096076
task_aligned,nDFA_0.1,0.4946830502715338,0.009024126932612155,0.00025032303517985815
task_aligned,nDFA_0.1,0.503116453751003,0.008920122767101307,0.00025224806588287354
task_aligned,nDFA_0.1,0.5116936306914959,0.00881637391907466,0.00025415672786361824
task_aligned,nDFA_0.1,0.52041703215659,0.008712920934127535,0.00025604829276572213
task_aligned,nDFA_0.1,0.5292891509958252,0.008609805096945066,0.00025792204657373256
task_aligned,nDFA_0.1,0.5383125225570771,0.008507068412568848,0.0002597772917546206
task_aligned,nDFA_0.1,0.5474897254110712,0.008404753585949288,0.0002616133494902147
task_aligned,nDFA_0.1,0.5568233820882527,0.008302903999744371,0.00026342956200060537
task_aligned,nDFA_0.1,0.5663161598282122,0.008201563690327637,0.00026522529495819313
task_aligned,nDFA_0.1,0.5759707713418936,0.008100777321970473,0.0002669999399916878
task_aligned,nDFA_0.1,0.5857899755867956,0.008000590159166527,0.0002687529172789524
task_aligned,nDFA_0.1,0.5957765785553836,0.0079010480370689,0.00027048367822711143
task_aligned,nDFA_0.1,0.6059334340769489,0.0078021973300137284,0.0002721917082378587
task_aligned,nDFA_0.1,0.6162634446331343,0.007704084918107451,0.00027387652955533566
task_aligned,nDFA_0.1,0.6267695621873663,0.007606758151858422,0.0002755377041933668
task_aligned,nDFA_0.1,0.6374547890284212,0.0075102648148377485,0.00027717483693817424
task_aligned,nDFA_0.1,0.6483221786283797,0.007414653084358204,0.00027878757842200676
task_aligned,nDFA_0.1,0.6593748365152027,0.0073199714901647905,0.0002803756282623404
task_aligned,nDFA_0.1,0.6706159211601879,0.007226268871135219,0.0002819387382605035
task_aligned,nDFA_0.1,0.6820486448805486,0.007133594329993739,0.00028347671565268583
task_aligned,nDFA_0.1,0.6936762747573865,0.007041997186047019,0.00028498942640535436
task_aligned,nDFA_0.1,0.7055021335693127,0.006951526925956601,0.0002864767985460872
task_aligned,nDFA_0.1,0.7175296007419812,0.006862233152568327,0.00028793882551975906
task_aligned,nDFA_0.1,0.7297621133138149,0.006774165531825344,0.00028937556955888305
task_aligned,nDFA_0.1,0.7422031669181925,0.0066873737377978705,0.0002907871650556942
task_aligned,nDFA_0.1,0.7548563167823837,0.006601907395869635,0.00029217382192229667
task_aligned,nDFA_0.1,0.7677251787435072,0.006517816024127999,0.0002935358289238717
task_aligned,nDFA_0.1,0.780813430281815,0.006435148973011909,0.0002948735569685465
task_aligned,nDFA_0.1,0.7941248115715934,0.006353955363279426,0.00029618746233607866
task_aligned,nDFA_0.1,0.8076631265499712,0.006274284022364374,0.0002974780898260427
task_aligned,nDFA_0.1,0.8214322440039585,0.006196183419199282,0.00029874607580465884
task_aligned,nDFA_0.1,0.8354360986760122,0.006119701597590191,0.00029999215112786577
task_aligned,nDFA_0.1,0.8496786923884532,0.0060448861082368355,0.00030121714391667675
task_aligned,nDFA_0.1,0.8641640951870458,0.00597178393950036,0.00030242198215929095
task_aligned,nDFA_0.1,0.878896446504081,0.0059004414470288265,0.0003036076961129104
task_aligned,nDFA_0.1,0.8938799563412821,0.005830904282359552,0.000304775420476701
task_aligned,nDFA_0.1,0.9091189064728835,0.005763217320625734,0.0003059263963059359
task_aligned,nDFA_0.1,0.9246176516692093,0.005697424587503365,0.0003070619726360239
task_aligned,nDFA_0.1,0.9403806209411201,0.00563356918554289,0.00030818360778394564
task_aligned,nDFA_0.1,0.9564123188056762,0.005571693220038505,0.0003092928702935956
task_aligned,nDFA_0.1,0.9727173265733684,0.005511837724596251,0.0003103914394907265
task_aligned,nDFA_0.1,0.9893003036573033,0.005454042586570132,0.0003114811056126253
task_aligned,nDFA_0.1,1.0061659889047023,0.005398346472543327,0.00031256376947740326
task_aligned,nDFA_0.1,1.023319201951106,0.005344786754039257,0.00031364144165787095
task_aligned,nDFA_0.1,1.0407648445976552,0.005293399433654393,0.00031471624112545867
task_aligned,nDFA_0.1,1.0585079022118615,0.005244219071811719,0.00031579039333059003
task_aligned,nDFA_0.1,1.0765534451522527,0.0051972787143400884,0.0003168662276873666
task_aligned,nDFA_0.1,1.094906630217312,0.0051526098210907464,0.0003179461744324197
task_aligned,nDFA_0.1,1.1135727021191089,0.005110242195807689,0.00031903276083039073
task_aligned,nDFA_0.1,1.1325569949820598,0.005070203917473291,0.0003201286067017587
task_aligned,nDFA_0.1,1.1518649338672433,0.005032521273354745,0.00032123641925264635
task_aligned,nDFA_0.1,1.1715020363226891,0.004997218693980384,0.00032235898719088857
task_aligned,nDFA_0.1,1.1914739139601096,0.004964318690277304,0.0003234991741179818
task_aligned,nDFA_0.1,1.2117862740585037,0.004933841793103829,0.00032465991119262497
task_aligned,nDFA_0.1,1.2324449211951067,0.0049058064954108395,0.00032584418906832696
task_aligned,nDFA_0.1,1.2534557589041324,0.004880229197266251,0.00032705504911501265
task_aligned,nDFA_0.1,1.2748247913638062,0.004857124153975508,0.0003282955739426148
task_aligned,nDFA_0.1,1.296558125112151,0.004836503427529055,0.0003295688772532476
task_aligned,nDFA_0.1,1.3186619707920322,0.004818376841604343,0.0003308780930575857
task_aligned,nDFA_0.1,1.3411426449259387,0.0048027519403455125,0.0003322263643004247
task_aligned,nDFA_0.1,1.364006571721033,0.004789633951138395,0.0003336168309499193
task_aligned,nDFA_0.1,1.3872602849049733,0.004779025751591549,0.0003350526176145055
task_aligned,nDFA_0.1,1.4109104295930222,0.0047709278409260765,0.0003365368207608456
task_aligned,nDFA_0.1,1.4349637641869968,0.004765338315967554,0.00033807249561506984
task_aligned,nDFA_0.1,1.4594271623065878,0.004762252851922927,0.00033966264283793974
task_aligned,nDFA_0.1,1.484307614753609,0.00476166468811322,0.00034131019507207074
task_aligned,nDFA_0.1,1.5096122315097211,0.004763564618819781,0.0003430180034658548
task_aligned,nDFA_0.1,1.5353482437682255,0.0047679409893874435,0.00034478882428398683
task_aligned,nDFA_0.1,1.5615230060004965,0.004774779697712112,0.0003466253057183272
task_aligned,nDFA_0.1,1.5881439980576275,0.004784064201223564,0.00034852997501510396
task_aligned,nDFA_0.1,1.6152188273079233,0.004795775529456071,0.00035050522603496595
task_aligned,nDFA_0.1,1.6427552308108229,0.004809892302280217,0.0003525533073611449
task_aligned,nDFA_0.1,1.6707610775278907,0.00482639075384912,0.00035467631106783073
task_aligned,nDFA_0.1,1.6992443705714897,0.004845244762290851,0.00035687616225584684
task_aligned,nDFA_0.1,1.7282132494918006,0.004866425885156718,0.0003591546094559027
task_aligned,nDFA_0.1,1.7576759926028247,0.004889903400612095,0.00036151321599113177
task_aligned,nDFA_0.1,1.78764101934805,0.0049156443543327015,0.00036395335238049954
task_aligned,nDFA_0.1,1.8181168927064288,0.004943613612044902,0.000366476189853136
task_aligned,nDFA_0.1,1.8491123216393888,0.004973773917623803,0.00036908269503098314
task_aligned,nDFA_0.1,1.880636163579563,0.005006085956637836,0.0003717736258235522
task_aligned,nDFA_0.1,1.9126974269619283,0.005040508425203012,0.0003745495285643791
task_aligned,nDFA_0.1,1.9453052737981165,0.0050769981039848104,0.0003774107364042703
task_aligned,nDFA_0.1,1.9784690222945986,0.005115509937160286,0.00038035736896187473
task_aligned,nDFA_0.1,2.012198149515519,0.005155997116128003,0.00038338933321784637
task_aligned,nDFA_0.1,2.046502294090901,0.005198411167728833,0.0003865063256251547
task_aligned,nDFA_0.1,2.0813912589710486,0.00524270204671687,0.00038970783539519187
task_aligned,nDFA_0.1,2.1168750142278885,0.005288818232196353,0.00039299314890742964
task_aligned,nDFA_0.1,2.152963699904084,0.005336706827718676,0.00039636135517971314
task_aligned,nDFA_0.1,2.1896676289106987,0.005386313664712364,0.00039981135232697464
task_aligned,nDFA_0.1,2.2269972899742814,0.005437583408899471,0.0004033418549282853
task_aligned,nDFA_0.1,2.26496335063419,0.0054904596693336844,0.00040695140221584143
task_aligned,nDFA_0.1,2.303576660290997,0.005544885109679066,0.00041063836699468633
task_aligned,nDFA_0.1,2.3428482533068857,0.005600801561333843,0.00041440096519870947
task_aligned,nDFA_0.1,2.3827893521588885,0.005658150137991211,0.00041823726598665486
task_aligned,nDFA_0.1,2.4234113706458946,0.0057168713512185795,0.00042214520228145414
task_aligned,nDFA_0.1,2.464725917150312,0.005776905226628784,0.000426122581657081
task_aligned,nDFA_0.1,2.50674479795535,0.005838191420211017,0.00043016709747911236
task_aligned,nDFA_0.1,2.5494800206188595,0.005900669334386049,0.00043427634020824454
task_aligned,nDFA_0.1,2.592943797404667,0.005964278233349614,0.00043844780877990076
task_aligned,nDFA_0.1,2.6371485487724318,0.006028957357269996,0.00044267892197770827
task_aligned,nDFA_0.1,2.6821069069269825,0.006094646034910364,0.00044696702972382756
task_aligned,nDFA_0.1,2.7278317194281803,0.006161283794253837,0.00045130942421479046
task_aligned,nDFA_0.1,2.7743360528622945,0.006228810470719242,0.0004557033508374413
task_aligned,nDFA_0.1,2.8216331965759975,0.006297166312568293,0.0004601460188057621
task_aligned,nDFA_0.1,2.8697366664739996,0.0063662920831200984,0.0004646346114655947
task_aligned,nDFA_0.1,2.9186602088814415,0.006436129159406692,0.00046916629622050047
task_aligned,nDFA_0.1,2.96841780447211,0.006506619626923481,0.00047373823403815395
task_aligned,nDFA_0.1,3.0190236722636397,0.0065777063701509654,0.0004783475885026495
task_aligned,nDFA_0.1,3.070492273680835,0.006649333158548605,0.00048299153438387173
task_aligned,nDFA_0.1,3.1228383166882305,0.00672144472774822,0.00048766726570059386
task_aligned,nDFA_0.1,3.176076759993135,0.006793986855702626,0.0004923720032592072
task_aligned,nDFA_0.1,3.2302228173203136,0.006866906433574946,0.0004971030016549008
task_aligned,nDFA_0.1,3.2852919617595595,0.006940151531185057,0.0005018575557267015
task_aligned,nDFA_0.1,3.3412999301873585,0.007013671456861849,0.0005066330064620301
task_aligned,nDFA_0.1,3.3982627277639583,0.007087416811582861,0.0005114267463504104
task_aligned,nDFA_0.1,3.456196632507091,0.007161339537316164,0.0005162362241894606
task_aligned,nDFA_0.1,3.5151181999436867,0.007235392959513154,0.0005210589493496935
task_aligned,nDFA_0.1,3.575044267840856,0.007309531823734322,0.0005258924955074862
task_aligned,nDFA_0.1,3.6359919610175564,0.007383712326423574,0.0005307345038583247
task_aligned,nDFA_0.1,3.6979786962382923,0.007457892139879003,0.0005355826858247377
task_aligned,nDFA_0.1,3.7610221871902074,0.0075320304314999646,0.0005404348252754176
task_aligned,nDFA_0.1,3.8251404495450636,0.007606087877420896,0.0005452887802739103
task_aligned,nDFA_0.1,3.8903518061074984,0.0076800266706713236,0.0005501424843767254
task_aligned,nDFA_0.1,3.9566748920510686,0.007753810524029296,0.000554993947502193
task_aligned,nDFA_0.1,4.024128660243522,0.007827404667760881,0.0005598412563923737
task_aligned,nDFA_0.1,4.092732386662896,0.007900775842462234,0.0005646825746913687
task_aligned,nDFA_0.1,4.16250567590592,0.007973892287242056,0.0005695161426640173
task_aligned,nDFA_0.1,4.233468466790359,0.008046723723501247,0.0005743402765795278
task_aligned,nDFA_0.1,4.305641038052818,0.008119241334583185,0.0005791533677849866
task_aligned,nDFA_0.1,4.379044014143725,0.008191417741582158,0.0005839538814938498
task_aligned,nDFA_0.1,4.453698371121101,0.008263226975608577,0.0005887403553146163
task_aligned,nDFA_0.1,4.5296254426447815,0.00833464444681869,0.0005935113975447875
task_aligned,nDFA_0.1,4.606846926072856,0.008405646910522254,0.0005982656852550125
task_aligned,nDFA_0.1,4.685384888662027,0.008476212430685382,0.0006030019621879818
task_aligned,nDFA_0.1,4.76526177387369,0.008546320341146583,0.0006077190364961933
task_aligned,nDFA_0.1,4.846500407787484,0.00861595120486256,0.0006124157783421898
task_aligned,nDFA_0.1,4.929124005624213,0.008685086771496445,0.0006170911173841722
task_aligned,nDFA_0.1,5.013156178379978,0.008753709933655231,0.0006217440401692483
task_aligned,nDFA_0.1,5.0986209395733635,0.008821804682074939,0.0006263735874556904
task_aligned,nDFA_0.1,5.185542712107698,0.00888935606004233,0.0006309788514847849
task_aligned,nDFA_0.1,5.27394633525027,0.008956350117330184,0.0006355589732218199
task_aligned,nDFA_0.1,5.363857071730567,0.009022773863910441,0.0006401131395848874
task_aligned,nDFA_0.1,5.455300614959465,0.009088615223694781,0.000644640580679027
task_aligned,nDFA_0.1,5.548303096371546,0.009153862988537409,0.0006491405670522411
task_aligned,nDFA_0.1,5.642891092892556,0.009218506772718191,0.0006536124069887455
task_aligned,nDFA_0.1,5.739091634534208,0.009282536968107947,0.0006580554438537118
task_aligned,nDFA_0.1,5.836932212118393,0.009345944700200266,0.0006624690535026107
task_aligned,nDFA_0.1,5.936440785133139,0.00940872178517703,0.0006668526417670513
task_aligned,nDFA_0.1,6.03764578972249,0.009470860688157449,0.0006712056420278797
task_aligned,nDFA_0.1,6.140576146812549,0.009532354482763026,0.0006755275128851245
task_aligned,nDFA_0.1,6.24526127037611,0.009593196812114242,0.0006798177359331524
task_aligned,nDFA_0.1,6.351731075838154,0.009653381851358047,0.0006840758136483095
task_aligned,nDFA_0.1,6.460015988624681,0.009712904271809496,0.0006883012673951392
task_aligned,nDFA_0.1,6.570146952857214,0.00977175920677552,0.0006924936355561598
task_aligned,nDFA_0.1,6.682155440195594,0.00982994221911453,0.0006966524717890774
task_aligned,nDFA_0.1,6.796073458831493,0.009887449270571771,0.0007007773434143017
task_aligned,nDFA_0.1,6.911933562635288,0.00994427669291749,0.0007048678299345127
task_aligned,nDFA_0.1,7.029768860458798,0.010000421160903349,0.0007089235216871766
task_aligned,nDFA_0.1,7.149613025596682,0.010055879667041202,0.0007129440186298403
task_aligned,nDFA_0.1,7.271500305409138,0.010110649498198527,0.0007169289292572455
task_aligned,nDFA_0.1,7.395465531108579,0.010164728213995385,0.0007208778696484293
task_aligned,nDFA_0.1,7.521544127713236,0.010218113626979655,0.0007247904626411901
task_aligned,nDFA_0.1,7.6497721241703935,0.010270803784549542,0.0007286663371306163
task_aligned,nDFA_0.1,7.7801861636522665,0.01032279695258589,0.0007325051274876942
task_aligned,nDFA_0.1,7.912823514027315,0.010374091600750479,0.0007363064730934146
task_aligned,nDFA_0.1,8.04772207851015,0.010424686389401557,0.0007400700179832927
task_aligned,nDFA_0.1,8.184920406492996,0.010474580158073035,0.0007437954105967558
task_aligned,nDFA_0.1,8.324457704561745,0.01052377191545939,0.0007474823036254062
task_aligned,nDFA_0.1,8.466373847699883,0.010572260830845365,0.0007511303539539678
task_aligned,nDFA_0.1,8.61070939068338,0.010620046226915831,0.0007547392226872957
task_aligned,nDFA_0.1,8.7575055796699,0.01066712757387907,0.0007583085752568201
task_aligned,nDFA_0.1,8.906804363985472,0.01071350448483412,0.0007618380815995343
task_aligned,nDFA_0.1,9.058648408112223,0.010759176712311176,0.0007653274164026695
task_aligned,nDFA_0.1,9.213081103880398,0.01080414414591247,0.0007687762594071468
task_aligned,nDFA_0.1,9.370146582868305,0.010848406810979693,0.0007721842957630063
task_aligned,nDFA_0.1,9.529889729013544,0.010891964868213335,0.0007755512164301172
task_aligned,nDFA_0.1,9.692356191439336,0.01093481861416848,0.0007788767186176375
task_aligned,nDFA_0.1,9.857592397499504,0.010976968482551279,0.0007821605062559512
task_aligned,nDFA_0.1,10.025645566045766,0.01101841504624022,0.0007854022904950308
task_aligned,nDFA_0.1,10.196563720921308,0.01105915901995638,0.0007886017902235536
task_aligned,nDFA_0.1,10.370395704684338,0.01109920126350738,0.0007917587326033556
task_aligned,nDFA_0.1,10.547191192565622,0.011138542785530201,0.0007948728536142788
task_aligned,nDFA_0.1,10.727000706663942,0.01117718474765903,0.000797943898604787
task_aligned,nDFA_0.1,10.909875630383668,0.011215128469045547,0.0008009716228441737
task_aligned,nDFA_0.1,11.09586822311825,0.011252375431160125,0.0008039557920726388
task_aligned,nDFA_0.1,11.285031635184245,0.011288927282804454,0.0008068961830458749
task_aligned,nDFA_0.1,11.47741992300984,0.011324785845267681,0.0008097925840713556
task_aligned,nDFA_0.1,11.673088064582329,0.011359953117560455,0.0008126447955338038
task_aligned,nDFA_0.1,11.872091975158934,0.011394431281663477,0.000815452630407887
task_aligned,nDFA_0.1,12.07448852324546,0.011428222707729755,0.0008182159147564607
task_aligned,nDFA_0.1,12.280335546847452,0.011461329959182755,0.0008209344882131927
task_aligned,nDFA_0.1,12.489691869998175,0.011493755797655048,0.0008236082044486515
task_aligned,nDFA_0.1,12.702617319568612,0.01152550318771588,0.0008262369316193225
task_aligned,nDFA_0.1,12.919172742363902,0.011556575301338834,0.0008288205527993712
task_aligned,nDFA_0.1,13.139420022511283,0.01158697552206432,0.0008313589663950865
task_aligned,nDFA_0.1,13.363422099144453,0.011616707448815263,0.0008338520865423278
task_aligned,nDFA_0.1,13.59124298438939,0.011645774899327896,0.000836299843487391
task_aligned,nDFA_0.1,13.822947781656945,0.011674181913163035,0.0008387021839518446
task_aligned,nDFA_0.1,14.058602704246992,0.011701932754267261,0.000841059071482038
task_aligned,nDFA_0.1,14.298275094270045,0.011729031913056891,0.0008433704867839943
task_aligned,nDFA_0.1,14.542033441891286,0.011755484108001379,0.0008456364280444368
task_aligned,nDFA_0.1,14.789947404902728,0.011781294286686474,0.0008478569112386834
task_aligned,nDFA_0.1,15.042087828629008,0.011806467626341115,0.0008500319704259762
task_aligned,nDFA_0.1,15.298526766172571,0.011831009533815556,0.0008521616580328961
task_aligned,nDFA_0.1,15.559337499003943,0.011854925645001513,0.0008542460451251578
task_aligned,nDFA_0.1,15.824594557903191,0.011878221823688863,0.0008562852216680493
task_aligned,nDFA_0.1,16.094373744258082,0.011900904159856094,0.0008582792967755292
task_aligned,nDFA_0.1,16.368752151725655,0.01192297896739533,0.0008602283989477834
task_aligned,nDFA_0.1,16.647808188262907,0.011944452781275278,0.0008621326762967515
task_aligned,nDFA_0.1,16.931621598533113,0.011965332354148518,0.000863992296758978
task_aligned,nDFA_0.1,17.220273486694122,0.01198562465241192,0.000865807448294767
task_aligned,nDFA_0.1,17.513846339575103,0.012005336851731737,0.0008675783390724209
task_aligned,nDFA_0.1,17.81242405024861,0.012024476332046874,0.0008693051976360756
task_aligned,nDFA_0.1,18.116091942004132,0.012043050672066248,0.0008709882730553661
task_aligned,nDFA_0.1,18.424936792730715,0.012061067643277874,0.0008726278350549179
task_aligned,nDFA_0.1,18.739046859715067,0.012078535203489182,0.0008742241741214745
task_aligned,nDFA_0.1,19.058511904862485,0.012095461489919756,0.000875777601586257
task_aligned,nDFA_0.1,19.38342322034772,0.012111854811868848,0.0008772884496799486
task_aligned,nDFA_0.1,19.713873654703125,0.012127723642981661,0.0008787570715576511
task_aligned,nDFA_0.1,20.049957639351746,0.012143076613139188,0.0008801838412910034
task_aligned,nDFA_0.1,20.39177121559234,0.012157922499997429,0.0008815691538246062
task_aligned,nDFA_0.1,20.739412062044874,0.012172270220202844,0.0008829134248939301
task_aligned,nDFA_0.1,21.092979522563663,0.012186128820311067,0.000884217090901894
task_aligned,nDFA_0.1,21.452574634626465,0.012199507467437084,0.0008854806087513924
task_aligned,nDFA_0.1,21.818300158207524,0.012212415439664661,0.0008867044556311632
task_aligned,nDFA_0.1,22.190260605142807,0.012224862116243927,0.0008878891287526468
task_aligned,nDFA_0.1,22.568562268996093,0.012236856967605392,0.0008890351450355763
task_aligned,nDFA_0.1,22.953313255433766,0.012248409545219243,0.0008901430407404703
task_aligned,nDFA_0.1,23.344623513117888,0.012259529471328306,0.0008912133710463698
task_aligned,nDFA_0.1,23.742604865125728,0.01227022642858312,0.0008922467095725665
task_aligned,nDFA_0.1,24.14737104090496,0.012280510149607172,0.0008932436478434979
task_aligned,nDFA_0.1,24.55903770877365,0.012290390406519965,0.0008942047946962956
task_aligned,nDFA_0.1,24.977722508974306,0.012299877000445143,0.0008951307756309647
task_aligned,nDFA_0.1,25.40354508729137,0.012308979751030442,0.0008960222321036212
task_aligned,nDFA_0.1,25.83662712924211,0.012317708486005509,0.0008968798207636787
task_aligned,nDFA_0.1,26.277092394849852,0.012326073030803119,0.0008977042126362872
task_aligned,nDFA_0.1,26.725066754010573,0.01233408319826846,0.0008984960922519181
task_aligned,nDFA_0.1,27.180678222462152,0.01234174877848059,0.0008992561567252825
task_aligned,nDFA_0.1,27.644056998366892,0.012349079528709119,0.0008999851147864059
task_aligned,nDFA_0.1,28.115335499517688,0.012356085163528542,0.0009006836857669523
task_aligned,nDFA_0.1,28.594648401178453,0.012362775345111782,0.0009013525985454111
task_aligned,nDFA_0.1,29.08213267456993,0.01236915967372341,0.000901992590455094
task_aligned,nDFA_0.1,29.577927626011018,0.01237524767843223,0.0009026044061592276
task_aligned,nDFA_0.1,30.08217493672799,0.012381048808062189,0.0009031887964977897
task_aligned,nDFA_0.1,30.595018703342085,0.012386572422399154,0.0009037465173109383
task_aligned,nDFA_0.1,31.116605479047383,0.012391827783670569,0.0009042783282441543
task_aligned,nDFA_0.1,31.64708431549069,0.012396824048313885,0.0009047849915404033
task_aligned,nDFA_0.1,32.18660680536534,0.01240157025904868,0.0009052672708246944
task_aligned,nDFA_0.1,32.73532712573144,0.012406075337266408,0.0009057259298866011
task_aligned,nDFA_0.1,33.29340208207403,0.012410348075750696,0.0009061617314662028
task_aligned,nDFA_0.1,33.86099115311297,0.012414397131740503,0.0009065754360490494
task_aligned,nDFA_0.1,34.43825653637644,0.012418231020346683,0.0009069678006755033
task_aligned,nDFA_0.1,35.02536319455143,0.012421858108332363,0.0009073395777699269
task_aligned,nDFA_0.1,35.622478902624444,0.01242528660826593,0.0009076915139947697
task_aligned,nDFA_0.1,36.22977429582575,0.012428524573054872,0.000908024349134655
task_aligned,nDFA_0.1,36.84742291839143,0.012431579890867236,0.0009083388150151672
task_aligned,nDFA_0.1,37.47560127315589,0.01243446028044683,0.000908635634460807
task_aligned,nDFA_0.1,38.114488871990645,0.012437173286827056,0.0009089155202963322
task_aligned,nDFA_0.1,38.7642682871026,0.01243972627744739,0.000909179174395311
task_aligned,nDFA_0.1,39.42512520320694,0.012442126438675104,0.0009094272867793546
task_aligned,nDFA_0.1,40.09724847058942,0.012444380772734178,0.0009096605347711559
task_aligned,nDFA_0.1,40.780830159073375,0.012446496095042009,0.0009098795822040659
task_aligned,nDFA_0.1,41.476065612906595,0.012448479031953473,0.0009100850786904867
task_aligned,nDFA_0.1,42.18315350658434,0.01245033601891073,0.0009102776589509984
task_aligned,nDFA_0.1,42.902295901623226,0.012452073298996169,0.0009104579422057172
task_aligned,nDFA_0.1,43.63369830430383,0.012453696921884649,0.0009106265316289492
task_aligned,nDFA_0.1,44.37756972439723,0.012455212743190032,0.0009107840138677742
task_aligned,nDFA_0.1,45.13412273489293,0.01245662642420002,0.0009109309586248884
task_aligned,nDFA_0.1,45.90357353274481,0.012457943431992,0.0009110679183054969
task_aligned,nDFA_0.1,46.68614200065286,0.012459169039921633,0.0009111954277278155
task_aligned,nDFA_0.1,47.482051769898405,0.012460308328474732,0.0009113140038962874
task_aligned,nDFA_0.1,48.29153028424977,0.0124613661864719,0.0009114241458363048
task_aligned,nDFA_0.1,49.114808864958235,0.012462347312614534,0.0009115263344889397
task_aligned,nDFA_0.1,49.952122776861714,0.012463256217359404,0.0009116210326638338
task_aligned,nDFA_0.1,50.80371129561534,0.012464097225108633,0.0009117086850482042
task_aligned,nDFA_0.1,51.66981777606826,0.01246487447670039,0.0009117897182695606
task_aligned,nDFA_0.1,52.55068972180602,0.012465591932185289,0.0009118645410096894
task_aligned,nDFA_0.1,53.44657885587909,0.012466253373872343,0.0009119335441670447
task_aligned,nDFA_0.1,54.357741192735965,0.01246686240962791,0.0009119971010647675
task_aligned,nDFA_0.1,55.28443711138383,0.012467422476410223,0.0009120555677011951
task_aligned,nDFA_0.1,56.22693142979583,0.012467936844021745,0.0009121092830398072
task_aligned,nDFA_0.1,57.18549348058701,0.01246840861906108,0.0009121585693353294
task_aligned,nDFA_0.1,58.160397187980315,0.012468840749055852,0.0009122037324927817
task_aligned,nDFA_0.1,59.15192114608467,0.012469236026757664,0.0009122450624561407
task_aligned,nDFA_0.1,60.1603486985081,0.012469597094580336,0.0009122828336233502
task_aligned,nDFA_0.1,61.185968019326936,0.012469926449162196,0.0009123173052844204
task_aligned,nDFA_0.1,62.22907219543656,0.012470226446033768,0.0009123487220793912
task_aligned,nDFA_0.1,63.2899593103055,0.012470499304371814,0.0009123773144730065
task_aligned,nDFA_0.1,64.36893252915749,0.01247074711182149,0.0009124032992430621
task_aligned,nDFA_0.1,65.46630018560568,0.012470971829368314,0.0009124268799794656
task_aligned,nDFA_0.1,66.58237586976387,0.012471175296242315,0.0009124482475911524
task_aligned,nDFA_0.1,67.71747851785967,0.012471359234837272,0.0009124675808182184
task_aligned,nDFA_0.1,68.8719325033761,0.01247152525562833,0.0009124850467466408
task_aligned,nDFA_0.1,70.04606772974564,0.012471674862072384,0.0009125008013232691
task_aligned,nDFA_0.1,71.24021972462585,0.012471809455475855,0.0009125149898687816
task_aligned,nDFA_0.1,72.45472973578153,0.012471930339815748,0.0009125277475865997
task_aligned,nDFA_0.1,73.68994482860175,0.01247203872650041,0.0009125392000658315
task_aligned,nDFA_0.1,74.94621798527915,0.012472135739057482,0.0009125494637765314
task_aligned,nDFA_0.1,76.22390820568008,0.012472222417737365,0.0009125586465557223
task_aligned,nDFA_0.1,77.52338060993503,0.012472299724021536,0.0009125668480828334
task_aligned,nDFA_0.1,78.84500654277662,0.012472368545025914,0.0009125741603432795
task_aligned,nDFA_0.1,80.18916367965778,0.012472429697790593,0.0009125806680792104
task_aligned,nDFA_0.1,81.55623613467833,0.012472483933448093,0.0009125864492264649
task_aligned,nDFA_0.1,82.94661457035157,0.012472531941263304,0.0009125915753370441
task_aligned,nDFA_0.1,84.36069630924241,0.01247257435253928,0.0009125961119864706
task_aligned,nDFA_0.1,85.79888544750824,0.012472611744383945,0.0009126001191655772
task_aligned,nDFA_0.1,87.26159297037651,0.012472644643333645,0.0009126036516563725
task_aligned,nDFA_0.1,88.74923686958925,0.012472673528830483,0.0009126067593917801
task_aligned,nDFA_0.1,90.26224226285147,0.012472698836551058,0.0009126094877990893
task_aligned,nDFA_0.1,91.80104151531502,0.012472720961585256,0.000912611878127126
task_aligned,nDFA_0.1,93.36607436313383,0.012472740261464265,0.0009126139677571983
task_aligned,nDFA_0.1,94.95778803912542,0.012472757059038008,0.0009126157904979227
task_aligned,nDFA_0.1,96.57663740057471,0.012472771645202618,0.0009126173768642085
task_aligned,nDFA_0.1,98.2230850592165,0.012472784281479313,0.0009126187543405838
task_aligned,nDFA_0.1,99.89760151343484,0.012472795202446835,0.0009126199476292762
task_aligned,nDFA_0.1,101.60066528271416,0.012472804618029739,0.0009126209788833389
task_aligned,nDFA_0.1,103.33276304438459,0.012472812715645746,0.0009126218679252923
task_aligned,nDFA_0.1,105.09438977269748,0.012472819662215535,0.0009126226324516958
task_aligned,nDFA_0.1,106.88604888027204,0.012472825606038983,0.0009126232882241203
task_aligned,nDFA_0.1,108.70825236195353,0.012472830678541894,0.0009126238492470262
task_aligned,nDFA_0.1,110.56152094112352,0.012472834995898035,0.0009126243279330538
task_aligned,nDFA_0.1,112.44638421850583,0.012472838660531064,0.0009126247352562573
task_aligned,nDFA_0.1,114.36338082350686,0.012472841762501486,0.0009126250808937985
task_aligned,nDFA_0.1,116.31305856813833,0.0124728443807838,0.0009126253733566743
task_aligned,nDFA_0.1,118.29597460356307,0.012472846584439215,0.0009126256201099856
task_aligned,nDFA_0.1,120.31269557930963,0.01247284843368926,0.0009126258276833327
task_aligned,nDFA_0.1,122.36379780520139,0.01247284998089578,0.0009126260017718364
task_aligned,nDFA_0.1,124.44986741604593,0.012472851271452817,0.0009126261473283627
task_aligned,nDFA_0.1,126.57150053913327,0.012472852344595721,0.0009126262686474576
task_aligned,nDFA_0.1,128.72930346458716,0.012472853234132945,0.0009126263694415192
task_aligned,nDFA_0.1,130.92389281862302,0.012472853969105786,0.0009126264529097261
task_aligned,nDFA_0.1,133.15589573975842,0.012472854574381203,0.0009126265218002159
task_aligned,nDFA_0.1,135.4259500580277,0.012472855071182714,0.0009126265784659822
task_aligned,nDFA_0.1,137.73470447725208,0.012472855477564358,0.0009126266249149977
task_aligned,nDFA_0.1,140.0828187604166,0.012472855808832218,0.0009126266628549735
task_aligned,nDFA_0.1,142.47096391820904,0.012472856077918067,0.0009126266937332112
task_aligned,nDFA_0.1,144.89982240077,0.012472856295709454,0.0009126267187719615
task_aligned,nDFA_0.1,147.3700882927151,0.012472856471340086,0.0009126267389996775
task_aligned,nDFA_0.1,149.88246751148006,0.012472856612444495,0.0009126267552785395
task_aligned,nDFA_0.1,152.437678009048,0.012472856725380467,0.0009126267683286092
task_aligned,nDFA_0.1,155.03644997711535,0.012472856815422527,0.0009126267787489331
task_aligned,nDFA_0.1,157.67952605575576,0.01247285688692973,0.0009126267870359284
task_aligned,nDFA_0.1,160.36766154564083,0.012472856943490408,0.0009126267935993071
task_aligned,nDFA_0.1,163.1016246238805,0.012472856988046652,0.0009126267987758443
task_aligned,nDFA_0.1,165.88219656353982,0.012472857023000907,0.0009126268028412046
task_aligned,nDFA_0.1,168.7101719569014,0.012472857050306834,0.0009126268060200709
task_aligned,nDFA_0.1,171.5863589425323,0.012472857071546429,0.0009126268084947826
task_aligned,nDFA_0.1,174.51157943622238,0.012472857087995271,0.0009126268104126595
task_aligned,nDFA_0.1,177.48666936585968,0.012472857100677335,0.0009126268118921944
task_aligned,nDFA_0.1,180.51247891030974,0.012472857110411,0.0009126268130282558
task_aligned,nDFA_0.1,183.58987274236887,0.012472857117847352,0.0009126268138964436
task_aligned,nDFA_0.1,186.7197302758561,0.012472857123501995,0.0009126268145567155
task_aligned,nDFA_0.1,189.90294591692083,0.012472857127781336,0.0009126268150563973
task_aligned,nDFA_0.1,193.1404293196332,0.012472857131004165,0.0009126268154326548
task_aligned,nDFA_0.1,196.43310564593202,0.012472857133419363,0.0009126268157145317
task_aligned,nDFA_0.1,199.7819158300045,0.012472857135220231,0.0009126268159246072
task_aligned,nDFA_0.1,203.18781684717248,0.012472857136556178,0.0009126268160803453
task_aligned,nDFA_0.1,206.651781987365,0.012472857137542091,0.0009126268161951802
task_aligned,nDFA_0.1,210.1748011332487,0.012472857138265837,0.000912626816279393
task_aligned,nDFA_0.1,213.75788104310405,0.012472857138794273,0.0009126268163408045
task_aligned,nDFA_0.1,217.402045638522,0.012472857139178001,0.0009126268163853351
task_aligned,nDFA_0.1,221.10833629700576,0.0124728571394551,0.0009126268164174391
task_aligned,nDFA_0.1,224.87781214956078,0.012472857139654063,0.0009126268164404482
task_aligned,nDFA_0.1,228.71155038335777,0.012472857139796107,0.0009126268164568404
task_aligned,nDFA_0.1,232.61064654955769,0.012472857139896924,0.0009126268164684478
task_aligned,nDFA_0.1,236.57621487637996,0.012472857139968053,0.0009126268164766169
task_aligned,nDFA_0.1,240.60938858751274,0.012472857140017928,0.0009126268164823287
task_aligned,nDFA_0.1,244.71132022594884,0.01247285714005269,0.0009126268164862972
task_aligned,nDFA_0.1,248.88318198334326,0.012472857140076767,0.0009126268164890364
task_aligned,nDFA_0.1,253.12616603498518,0.012472857140093337,0.0009126268164909144
task_aligned,nDFA_0.1,257.4414848804811,0.01247285714010467,0.0009126268164921937
task_aligned,nDFA_0.1,261.830371690245,0.012472857140112363,0.0009126268164930591
task_aligned,nDFA_0.1,266.29408065789846,0.012472857140117552,0.0009126268164936397
task_aligned,nDFA_0.1,270.83388735867317,0.012472857140121033,0.0009126268164940278
task_aligned,nDFA_0.1,275.45108911392856,0.01247285714012335,0.0009126268164942838
task_aligned,nDFA_0.1,280.14700536188144,0.01247285714012488,0.0009126268164944526
task_aligned,nDFA_0.1,284.92297803465635,0.012472857140125885,0.0009126268164945621
task_aligned,nDFA_0.1,289.78037194176363,0.01247285714012654,0.0009126268164946331
task_aligned,nDFA_0.1,294.7205751601149,0.012472857140126963,0.0009126268164946787
task_aligned,nDFA_0.1,299.74499943069014,0.012472857140127233,0.0009126268164947078
task_aligned,nDFA_0.1,304.8550805619614,0.012472857140127408,0.0009126268164947263
task_aligned,nDFA_0.1,310.0522788402002,0.012472857140127516,0.0009126268164947376
task_aligned,nDFA_0.1,315.3380794467765,0.012472857140127584,0.0009126268164947447
task_aligned,nDFA_0.1,320.7139928825731,0.012472857140127625,0.0009126268164947491
task_aligned,nDFA_0.1,326.18155539963476,0.012472857140127653,0.0009126268164947518
task_aligned,nDFA_0.1,331.7423294401758,0.012472857140127667,0.0009126268164947531
task_aligned,nDFA_0.1,337.3979040830756,0.012472857140127677,0.0009126268164947543
task_aligned,nDFA_0.1,343.1498954979785,0.012472857140127686,0.0009126268164947549
task_aligned,nDFA_0.1,348.9999474071427,0.012472857140127688,0.0009126268164947553
task_aligned,nDFA_0.1,354.9497315551591,0.012472857140127691,0.0009126268164947557
task_aligned,nDFA_0.1,361.00094818667867,0.012472857140127695,0.0009126268164947559
task_aligned,nDFA_0.1,367.1553265322842,0.012472857140127695,0.0009126268164947559
task_aligned,nDFA_0.1,373.4146253026444,0.012472857140127695,0.0009126268164947559
task_aligned,nDFA_0.1,379.7806331910963,0.012472857140127695,0.0009126268164947559
task_aligned,nDFA_0.1,386.2551693847879,0.012472857140127695,0.0009126268164947559
task_aligned,nDFA_0.1,392.84008408454287,0.012472857140127695,0.0009126268164947559
task_aligned,nDFA_0.1,399.53725903358355,0.012472857140127695,0.0009126268164947559
task_aligned,nDFA_0.1,406.3486080552691,0.012472857140127695,0.0009126268164947559
task_aligned,nDFA_0.1,413.27607760000024,0.012472857140127695,0.0009126268164947559
task_aligned,nDFA_0.1,420.32164730144876,0.012472857140127695,0.0009126268164947559
task_aligned,nDFA_0.1,427.4873305422675,0.012472857140127695,0.0009126268164947559
task_aligned,nDFA_0.1,434.77517502945034,0.012472857140127695,0.0009126268164947559
task_aligned,nDFA_0.1,442.18726337949096,0.012472857140127695,0.0009126268164947559
task_aligned,nDFA_0.1,449.72571371352734,0.012472857140127695,0.0009126268164947559
task_aligned,nDFA_0.1,457.392680262627,0.012472857140127695,0.0009126268164947559
task_aligned,nDFA_0.1,465.19035398339275,0.012472857140127695,0.0009126268164947559
task_aligned,nDFA_0.1,473.12096318406304,0.012472857140127695,0.0009126268164947559
task_aligned,nDFA_0.1,481.1867741612851,0.012472857140127695,0.0009126268164947559
task_aligned,nDFA_0.1,489.3900918477489,0.012472857140127695,0.0009126268164947559
task_aligned,nDFA_0.1,497.7332604708523,0.012472857140127695,0.0009126268164947559
task_aligned,nDFA_0.1,506.21866422260484,0.012472857140127695,0.0009126268164947559
task_aligned,nDFA_0.1,514.848727940947,0.012472857140127695,0.0009126268164947559
task_aligned,nDFA_0.1,523.6259178026861,0.012472857140127695,0.0009126268164947559
task_aligned,nDFA_0.1,532.5527420282452,0.012472857140127695,0.0009126268164947559
task_aligned,nDFA_0.1,541.6317515984257,0.012472857140127695,0.0009126268164947559
task_aligned,nDFA_0.1,550.8655409833943,0.012472857140127695,0.0009126268164947559
task_aligned,nDFA_0.1,560.2567488840875,0.012472857140127695,0.0009126268164947559
task_aligned,nDFA_0.1,569.8080589862665,0.012472857140127695,0.0009126268164947559
task_aligned,nDFA_0.1,579.522200727421,0.012472857140127695,0.0009126268164947559
task_aligned,nDFA_0.1,589.40195007675,0.012472857140127695,0.0009126268164947559
task_aligned,nDFA_0.1,599.450130328438,0.012472857140127695,0.0009126268164947559
task_aligned,nDFA_0.1,609.6696129084548,0.012472857140127695,0.0009126268164947559
task_aligned,nDFA_0.1,620.0633181951158,0.012472857140127695,0.0009126268164947559
task_aligned,nDFA_0.1,630.6342163536186,0.012472857140127695,0.0009126268164947559
task_aligned,nDFA_0.1,641.3853281848199,0.012472857140127695,0.0009126268164947559
task_aligned,nDFA_0.1,652.3197259884747,0.012472857140127695,0.0009126268164947559
task_aligned,nDFA_0.1,663.440534441196,0.012472857140127695,0.0009126268164947559
task_aligned,nDFA_0.1,674.7509314893789,0.012472857140127695,0.0009126268164947559
task_aligned,nDFA_0.1,686.25414925735,0.012472857140127695,0.0009126268164947559
task_aligned,nDFA_0.1,697.9534749709957,0.012472857140127695,0.0009126268164947559
task_aligned,nDFA_0.1,709.8522518971448,0.012472857140127695,0.0009126268164947559
task_aligned,nDFA_0.1,721.9538802989517,0.012472857140127695,0.0009126268164947559
task_aligned,nDFA_0.1,734.26181840758,0.012472857140127695,0.0009126268164947559
task_aligned,nDFA_0.1,746.7795834104456,0.012472857140127695,0.0009126268164947559
task_aligned,nDFA_0.1,759.5107524563091,0.012472857140127695,0.0009126268164947559
task_aligned,nDFA_0.1,772.458963677501,0.012472857140127695,0.0009126268164947559
task_aligned,nDFA_0.1,785.6279172295752,0.012472857140127695,0.0009126268164947559
task_aligned,nDFA_0.1,799.0213763486926,0.012472857140127695,0.0009126268164947559
task_aligned,nDFA_0.1,812.6431684270153,0.012472857140127695,0.0009126268164947559
task_aligned,nDFA_0.1,826.4971861064516,0.012472857140127695,0.0009126268164947559
task_aligned,nDFA_0.1,840.587388391037,0.012472857140127695,0.0009126268164947559
task_aligned,nDFA_0.1,854.9178017782832,0.012472857140127695,0.0009126268164947559
task_aligned,nDFA_0.1,869.4925214098122,0.012472857140127695,0.0009126268164947559
task_aligned,nDFA_0.1,884.3157122416065,0.012472857140127695,0.0009126268164947559
task_aligned,nDFA_0.1,899.3916102342182,0.012472857140127695,0.0009126268164947559
task_aligned,nDFA_0.1,914.7245235632504,0.012472857140127695,0.0009126268164947559
task_aligned,nDFA_0.1,930.3188338504934,0.012472857140127695,0.0009126268164947559
task_aligned,nDFA_0.1,946.1789974160409,0.012472857140127695,0.0009126268164947559
task_aligned,nDFA_0.1,962.3095465517534,0.012472857140127695,0.0009126268164947559
task_aligned,nDFA_0.1,978.7150908164324,0.012472857140127695,0.0009126268164947559
task_aligned,nDFA_0.1,995.4003183530737,0.012472857140127695,0.0009126268164947559
task_aligned,nDFA_0.1,1012.3699972285774,0.012472857140127695,0.0009126268164947559
task_aligned,nDFA_0.1,1029.6289767963053,0.012472857140127695,0.0009126268164947559
task_aligned,nDFA_0.1,1047.1821890818485,0.012472857140127695,0.0009126268164947559
task_aligned,nDFA_0.1,1065.0346501924394,0.012472857140127695,0.0009126268164947559
task_aligned,nDFA_0.1,1083.1914617503814,0.012472857140127695,0.0009126268164947559
task_aligned,nDFA_0.1,1101.657812350918,0.012472857140127695,0.0009126268164947559
task_aligned,nDFA_0.1,1120.4389790449557,0.012472857140127695,0.0009126268164947559
task_aligned,nDFA_0.1,1139.540328847062,0.012472857140127695,0.0009126268164947559
task_aligned,nDFA_0.1,1158.9673202691843,0.012472857140127695,0.0009126268164947559
task_aligned,nDFA_0.1,1178.725504880491,0.012472857140127695,0.0009126268164947559
task_aligned,nDFA_0.1,1198.8205288938298,0.012472857140127695,0.0009126268164947559
task_aligned,nDFA_0.1,1219.2581347792202,0.012472857140127695,0.0009126268164947559
task_aligned,nDFA_0.1,1240.0441629048537,0.012472857140127695,0.0009126268164947559
task_aligned,nDFA_0.1,1261.1845532060715,0.012472857140127695,0.0009126268164947559
task_aligned,nDFA_0.1,1282.6853468827933,0.012472857140127695,0.0009126268164947559
task_aligned,nDFA_0.1,1304.552688125894,0.012472857140127695,0.0009126268164947559
task_aligned,nDFA_0.1,1326.7928258729887,0.012472857140127695,0.0009126268164947559
task_aligned,nDFA_0.1,1349.412115594175,0.012472857140127695,0.0009126268164947559
task_aligned,nDFA_0.1,1372.417021108207,0.012472857140127695,0.0009126268164947559
task_aligned,nDFA_0.1,1395.814116429633,0.012472857140127695,0.0009126268164947559
task_aligned,nDFA_0.1,1419.610087647423,0.012472857140127695,0.0009126268164947559
task_aligned,nDFA_0.1,1443.811734835622,0.012472857140127695,0.0009126268164947559
task_aligned,nDFA_0.1,1468.4259739965912,0.012472857140127695,0.0009126268164947559
task_aligned,nDFA_0.1,1493.4598390373446,0.012472857140127695,0.0009126268164947559
task_aligned,nDFA_0.1,1518.9204837796128,0.012472857140127695,0.0009126268164947559
task_aligned,nDFA_0.1,1544.815184004156,0.012472857140127695,0.0009126268164947559
task_aligned,nDFA_0.1,1571.1513395299344,0.012472857140127695,0.0009126268164947559
task_aligned,nDFA_0.1,1597.936476328722,0.012472857140127695,0.0009126268164947559
task_aligned,nDFA_0.1,1625.1782486757718,0.012472857140127695,0.0009126268164947559
task_aligned,nDFA_0.1,1652.884441337144,0.012472857140127695,0.0009126268164947559
task_aligned,nDFA_0.1,1681.0629717943361,0.012472857140127695,0.0009126268164947559
task_aligned,nDFA_0.1,1709.7218925068112,0.012472857140127695,0.0009126268164947559
task_aligned,nDFA_0.1,1738.8693932131264,0.012472857140127695,0.0009126268164947559
task_aligned,nDFA_0.1,1768.513803271277,0.012472857140127695,0.0009126268164947559
task_aligned,nDFA_0.1,1798.6635940389426,0.012472857140127695,0.0009126268164947559
task_aligned,nDFA_0.1,1829.32738129431,0.012472857140127695,0.0009126268164947559
task_aligned,nDFA_0.1,1860.5139276981654,0.012472857140127695,0.0009126268164947559
task_aligned,nDFA_0.1,1892.2321452979763,0.012472857140127695,0.0009126268164947559
task_aligned,nDFA_0.1,1924.491098074628,0.012472857140127695,0.0009126268164947559
task_aligned,nDFA_0.1,1957.3000045326144,0.012472857140127695,0.0009126268164947559
task_aligned,nDFA_0.1,1990.6682403343664,0.012472857140127695,0.0009126268164947559
task_aligned,nDFA_0.1,2024.6053409794958,0.012472857140127695,0.0009126268164947559
task_aligned,nDFA_0.1,2059.1210045297153,0.012472857140127695,0.0009126268164947559
task_aligned,nDFA_0.1,2094.225094380206,0.012472857140127695,0.0009126268164947559
task_aligned,nDFA_0.1,2129.9276420782594,0.012472857140127695,0.0009126268164947559
task_aligned,nDFA_0.1,2166.238850189919,0.012472857140127695,0.0009126268164947559
task_aligned,nDFA_0.1,2203.1690952155477,0.012472857140127695,0.0009126268164947559
task_aligned,nDFA_0.1,2240.7289305550667,0.012472857140127695,0.0009126268164947559
task_aligned,nDFA_0.1,2278.9290895237596,0.012472857140127695,0.0009126268164947559
task_aligned,nDFA_0.1,2317.7804884194848,0.012472857140127695,0.0009126268164947559
task_aligned,nDFA_0.1,2357.2942296421747,0.012472857140127695,0.0009126268164947559
task_aligned,nDFA_0.1,2397.4816048665425,0.012472857140127695,0.0009126268164947559
task_aligned,nDFA_0.1,2438.3540982688264,0.012472857140127695,0.0009126268164947559
task_aligned,nDFA_0.1,2479.923389808593,0.012472857140127695,0.0009126268164947559
task_aligned,nDFA_0.1,2522.2013585664654,0.012472857140127695,0.0009126268164947559
task_aligned,nDFA_0.1,2565.200086138758,0.012472857140127695,0.0009126268164947559
task_aligned,nDFA_0.1,2608.9318600899833,0.012472857140127695,0.0009126268164947559
task_aligned,nDFA_0.1,2653.409177464217,0.012472857140127695,0.0009126268164947559
task_aligned,nDFA_0.1,2698.6447483563197,0.012472857140127695,0.0009126268164947559
task_aligned,nDFA_0.1,2744.6514995440693,0.012472857140127695,0.0009126268164947559
task_aligned,nDFA_0.1,2791.4425781821587,0.012472857140127695,0.0009126268164947559
task_aligned,nDFA_0.1,2839.0313555592247,0.012472857140127695,0.0009126268164947559
task_aligned,nDFA_0.1,2887.431430918898,0.012472857140127695,0.0009126268164947559
task_aligned,nDFA_0.1,2936.6566353460034,0.012472857140127695,0.0009126268164947559
task_aligned,nDFA_0.1,2986.7210357190083,0.012472857140127695,0.0009126268164947559
task_aligned,nDFA_0.1,3037.6389387298505,0.012472857140127695,0.0009126268164947559
task_aligned,nDFA_0.1,3089.424894972325,0.012472857140127695,0.0009126268164947559
task_aligned,nDFA_0.1,3142.0937031001095,0.012472857140127695,0.0009126268164947559
task_aligned,nDFA_0.1,3195.6604140557356,0.012472857140127695,0.0009126268164947559
task_aligned,nDFA_0.1,3250.1403353716296,0.012472857140127695,0.0009126268164947559
task_aligned,nDFA_0.1,3305.54903554448,0.012472857140127695,0.0009126268164947559
task_aligned,nDFA_0.1,3361.9023484841796,0.012472857140127695,0.0009126268164947559
task_aligned,nDFA_0.1,3419.2163780386104,0.012472857140127695,0.0009126268164947559
task_aligned,nDFA_0.1,3477.507502595599,0.012472857140127695,0.0009126268164947559
task_aligned,nDFA_0.1,3536.7923797632566,0.012472857140127695,0.0009126268164947559
task_aligned,nDFA_0.1,3597.087951130182,0.012472857140127695,0.0009126268164947559
task_aligned,nDFA_0.1,3658.411447106781,0.012472857140127695,0.0009126268164947559
task_aligned,nDFA_0.1,3720.7803918491268,0.012472857140127695,0.0009126268164947559
task_aligned,nDFA_0.1,3784.2126082667646,0.012472857140127695,0.0009126268164947559
task_aligned,nDFA_0.1,3848.7262231158825,0.012472857140127695,0.0009126268164947559
task_aligned,nDFA_0.1,3914.3396721793456,0.012472857140127695,0.0009126268164947559
task_aligned,nDFA_0.1,3981.0717055349733,0.012472857140127695,0.0009126268164947559
task_aligned,nDFA_1.0,0.0,0.02,7.951493745174844e-18
task_aligned,nDFA_1.0,0.001,0.019980921885508436,5.656036497883994e-07
task_aligned,nDFA_1.0,0.0010170480946837376,0.019980596810569254,5.752384122387256e-07
task_aligned,nDFA_1.0,0.0010343868268998197,0.019980266199584824,5.850371643012904e-07
task_aligned,nDFA_1.0,0.0010520211514644187,0.019979929958377628,5.950026925894718e-07
task_aligned,nDFA_1.0,0.0010699561076638788,0.01997958799117152,6.051378309107878e-07
task_aligned,nDFA_1.0,0.0010881968206947759,0.019979240200564734,6.15445461061109e-07
task_aligned,nDFA_1.0,0.0011067485031285215,0.019978886487502377,6.259285136297378e-07
task_aligned,nDFA_1.0,0.0011256164564009414,0.01997852675124852,6.36589968822969e-07
task_aligned,nDFA_1.0,0.0011448060723272377,0.019978160889357825,6.474328572944837e-07
task_aligned,nDFA_1.0,0.0011643228346427902,0.019977788797646633,6.584602609962054e-07
task_aligned,nDFA_1.0,0.001184172320570217,0.019977410370163637,6.696753140368137e-07
task_aligned,nDFA_1.0,0.0012043602024131594,0.019977025499160035,6.81081203563052e-07
task_aligned,nDFA_1.0,0.0012248922491772242,0.01997663407505918,6.926811706453691e-07
task_aligned,nDFA_1.0,0.0012457743282185726,0.019976235986425735,7.044785111835784e-07
task_aligned,nDFA_1.0,0.0012670124069206123,0.019975831119934315,7.164765768303386e-07
task_aligned,nDFA_1.0,0.0012886125543992652,0.019975419360337573,7.286787759233245e-07
task_aligned,nDFA_1.0,0.0013105809432373168,0.019975000590433816,7.410885744393332e-07
task_aligned,nDFA_1.0,0.0013329238512483272,0.019974574691034013,7.537094969561769e-07
task_aligned,nDFA_1.0,0.001355647663270621,0.01997414154092831,7.66545127639989e-07
task_aligned,nDFA_1.0,0.001378758872991846,0.019973701016851916,7.795991112394855e-07
task_aligned,nDFA_1.0,0.0014022640848046527,0.019973252993450527,7.928751541063892e-07
task_aligned,nDFA_1.0,0.0014261700156940071,0.01997279734324506,8.063770252210167e-07
task_aligned,nDFA_1.0,0.0014504834971566661,0.019972333936595858,8.201085572442206e-07
task_aligned,nDFA_1.0,0.0014752114771533916,0.019971862641666355,8.340736475857326e-07
task_aligned,nDFA_1.0,0.0015003610220944376,0.01997138332438596,8.482762594828288e-07
task_aligned,nDFA_1.0,0.0015259393188588929,0.019970895848412544,8.627204231032085e-07
task_aligned,nDFA_1.0,0.0015519536768484371,0.01997040007509414,8.77410236666581e-07
task_aligned,nDFA_1.0,0.0015784115300761239,0.019969895863430086,8.923498675788945e-07
task_aligned,nDFA_1.0,0.0016053204392907632,0.0199693830700315,9.075435535908621e-07
task_aligned,nDFA_1.0,0.0016326880941375313,0.01996886154908108,9.229956039718043e-07
task_aligned,nDFA_1.0,0.001660522315355399,0.019968331152292292,9.38710400705704e-07
task_aligned,nDFA_1.0,0.0016888310570120353,0.019967791728867805,9.546923997025395e-07
task_aligned,nDFA_1.0,0.001717622408776813,0.0199672431254573,9.70946132033161e-07
task_aligned,nDFA_1.0,0.0017469045982325495,0.019966685186114577,9.874762051857008e-07
task_aligned,nDFA_1.0,0.0017766859932266746,0.019966117752253886,1.0042873043335478e-06
task_aligned,nDFA_1.0,0.0018069751042624714,0.01996554066260563,1.02138419363638e-06
task_aligned,nDFA_1.0,0.0018377805869310945,0.01996495375317125,1.038771717554148e-06
task_aligned,nDFA_1.0,0.0018691112443850306,0.019964356857177415,1.0564548021827703e-06
task_aligned,nDFA_1.0,0.001900976029853745,0.019963749805029456,1.0744384566151257e-06
task_aligned,nDFA_1.0,0.0019333840492022055,0.019963132424264,1.0927277743233695e-06
task_aligned,nDFA_1.0,0.0019663445635330324,0.019962504539500815,1.1113279345578006e-06
task_aligned,nDFA_1.0,0.0019998669918329963,0.019961865972393945,1.1302442037800089e-06
task_aligned,nDFA_1.0,0.0020339609136646444,0.019961216541581932,1.1494819371054513e-06
task_aligned,nDFA_1.0,0.0020686360719038206,0.01996055606263726,1.1690465797820094e-06
task_aligned,nDFA_1.0,0.002103902375523832,0.019959884348015003,1.1889436686821268e-06
task_aligned,nDFA_1.0,0.002139769902427103,0.019959201207000565,1.2091788338259202e-06
task_aligned,nDFA_1.0,0.0021762489023250896,0.019958506445656613,1.229757799926749e-06
task_aligned,nDFA_1.0,0.002213349799667308,0.019957799866769106,1.2506863879604799e-06
task_aligned,nDFA_1.0,0.0022510831966202675,0.019957081269792433,1.2719705167598278e-06
task_aligned,nDFA_1.0,0.0022894598760972184,0.019956350450793706,1.2936162046389255e-06
task_aligned,nDFA_1.0,0.0023284908048395417,0.019955607202396048,1.3156295710341729e-06
task_aligned,nDFA_1.0,0.0023681871365506583,0.01995485131372103,1.33801683818735e-06
task_aligned,nDFA_1.0,0.0024085602150833835,0.019954082570330135,1.360784332834752e-06
task_aligned,nDFA_1.0,0.0024496215776816056,0.01995330075416525,1.383938487942898e-06
task_aligned,nDFA_1.0,0.0024913829582772482,0.019952505643488223,1.407485844461192e-06
task_aligned,nDFA_1.0,0.002533856290843409,0.019951697012819392,1.4314330531028968e-06
task_aligned,nDFA_1.0,0.0025770537128046917,0.019950874632875114,1.4557868761600538e-06
task_aligned,nDFA_1.0,0.002620987568505661,0.019950038270504327,1.4805541893409073e-06
task_aligned,nDFA_1.0,0.0026656704127384443,0.019949187688623995,1.5057419836409964e-06
task_aligned,nDFA_1.0,0.002711115014330447,0.01994832264615357,1.5313573672432995e-06
task_aligned,nDFA_1.0,0.0027573343597932553,0.01994744289794835,1.5574075674454224e-06
task_aligned,nDFA_1.0,0.0028043416570337305,0.01994654819473177,1.58389993262073e-06
task_aligned,nDFA_1.0,0.002852150339128391,0.019945638283026576,1.6108419342107526e-06
task_aligned,nDFA_1.0,0.0029007740681621062,0.0199447129050849,1.6382411687452805e-06
task_aligned,nDFA_1.0,0.0029502267391322613,0.019943771798817192,1.6661053598958082e-06
task_aligned,nDFA_1.0,0.0030005224839194824,0.019942814697719986,1.6944423605676713e-06
task_aligned,nDFA_1.0,0.0030516756753260254,0.01994184133080252,1.7232601550127854e-06
task_aligned,nDFA_1.0,0.003103700931183042,0.01994085142251218,1.75256686098664e-06
task_aligned,nDFA_1.0,0.003156613118527852,0.019939844692658647,1.7823707319331778e-06
task_aligned,nDFA_1.0,0.0032104273578524426,0.019938820856336983,1.8126801592061563e-06
task_aligned,nDFA_1.0,0.003265159027424373,0.019937779623849315,1.8435036743248202e-06
task_aligned,nDFA_1.0,0.0033208237676813604,0.019936720700625323,1.874849951262456e-06
task_aligned,nDFA_1.0,0.0033774374857007982,0.019935643787141497,1.9067278087745284e-06
task_aligned,nDFA_1.0,0.00343501635974543,0.01993454857883899,1.9391462127627177e-06
task_aligned,nDFA_1.0,0.003493576843886558,0.019933434766040255,1.972114278669858e-06
task_aligned,nDFA_1.0,0.003553135672706045,0.019932302033864265,2.0056412739194297e-06
task_aligned,nDFA_1.0,0.0036137098660785033,0.01993115006214039,2.0397366203874443e-06
task_aligned,nDFA_1.0,0.0036753167340349666,0.019929978525320975,2.0744098969170113e-06
task_aligned,nDFA_1.0,0.0037379738817095156,0.019928787092392385,2.109670841866832e-06
task_aligned,nDFA_1.0,0.0038016992143702377,0.019927575426784704,2.1455293557016875e-06
task_aligned,nDFA_1.0,0.0038665109425359123,0.01992634318628005,2.1819955036247015e-06
task_aligned,nDFA_1.0,0.003932427587179972,0.01992509002291928,2.2190795182419665e-06
task_aligned,nDFA_1.0,0.003999467985023157,0.01992381558290737,2.2567918022797443e-06
task_aligned,nDFA_1.0,0.004067651293916405,0.019922519506517137,2.2951429313327334e-06
task_aligned,nDFA_1.0,0.00413699699831552,0.019921201427991583,2.3341436566592764e-06
task_aligned,nDFA_1.0,0.004207524914849136,0.01991986097544458,2.373804908016866e-06
task_aligned,nDFA_1.0,0.004279255197981669,0.019918497770760022,2.4141377965434273e-06
task_aligned,nDFA_1.0,0.0043522083457727375,0.01991711142948939,2.4551536176784454e-06
task_aligned,nDFA_1.0,0.004426405205734824,0.019915701560747658,2.4968638541311878e-06
task_aligned,nDFA_1.0,0.0045018669807907795,0.01991426776710764,2.5392801788920077e-06
task_aligned,nDFA_1.0,0.004578615235332888,0.01991280964449258,2.582414458288884e-06
task_aligned,nDFA_1.0,0.004656671901385246,0.019911326782067102,2.6262787550915404e-06
task_aligned,nDFA_1.0,0.004736059284871162,0.019909818762126438,2.6708853316568766e-06
task_aligned,nDFA_1.0,0.0048168000719874355,0.019908285159983947,2.716246653128963e-06
task_aligned,nDFA_1.0,0.004898917335687311,0.019906725543856814,2.7623753906793042e-06
task_aligned,nDFA_1.0,0.004982434542273912,0.019905139474749985,2.809284424800625e-06
task_aligned,nDFA_1.0,0.005067375558106122,0.01990352650633837,2.856986848640949e-06
task_aligned,nDFA_1.0,0.005153764656418767,0.019901886184847065,2.9054959714030922e-06
task_aligned,nDFA_1.0,0.0052416265242590954,0.01990021804892985,2.954825321771665e-06
task_aligned,nDFA_1.0,0.0053309862695414545,0.019898521629545675,3.0049886514102274e-06
task_aligned,nDFA_1.0,0.005421869428222296,0.019896796449833387,3.055999938498122e-06
task_aligned,nDFA_1.0,0.005514301971597493,0.019895042024984353,3.1078733913211518e-06
task_aligned,nDFA_1.0,0.005608310313724007,0.019893257862113226,3.1606234519180777e-06
task_aligned,nDFA_1.0,0.0057039213189681555,0.019891443460126695,3.2142647997743632e-06
task_aligned,nDFA_1.0,0.005801162309682508,0.019889598309590195,3.26881235556987e-06
task_aligned,nDFA_1.0,0.005900061074013706,0.019887721892592598,3.32428128498611e-06
task_aligned,nDFA_1.0,0.006000645873843326,0.019885813682608798,3.380687002562328e-06
task_aligned,nDFA_1.0,0.0061029454528641796,0.019883873144360256,3.4380451756041094e-06
task_aligned,nDFA_1.0,0.006206989044794294,0.019881899733673353,3.4963717281556745e-06
task_aligned,nDFA_1.0,0.006312806381730868,0.0198798928973356,3.555682845022824e-06
task_aligned,nDFA_1.0,0.006420427702646719,0.019877852072949703,3.615994975851843e-06
task_aligned,nDFA_1.0,0.006529883762031532,0.01987577668878539,3.677324839269023e-06
task_aligned,nDFA_1.0,0.006641205838680439,0.019873666163628984,3.73968942707483e-06
task_aligned,nDFA_1.0,0.006754425744632454,0.019871519906630743,3.8031060084987574e-06
task_aligned,nDFA_1.0,0.006869575834261216,0.01986933731714987,3.867592134511762e-06
task_aligned,nDFA_1.0,0.006986689013520816,0.01986711778459719,3.933165642196325e-06
task_aligned,nDFA_1.0,0.007105798749349149,0.019864860688275553,3.999844659182887e-06
task_aligned,nDFA_1.0,0.007226939079231637,0.019862565397217705,4.067647608137717e-06
task_aligned,nDFA_1.0,0.007350144620927981,0.019860231270021934,4.136593211318839e-06
task_aligned,nDFA_1.0,0.007475450582364718,0.019857857654685077,4.206700495190775e-06
task_aligned,nDFA_1.0,0.007602892771696472,0.019855443888433206,4.277988795101051e-06
task_aligned,nDFA_1.0,0.007732507607538658,0.019852989297549743,4.350477760020123e-06
task_aligned,nDFA_1.0,0.00786433212937469,0.019850493197201054,4.424187357342952e-06
task_aligned,nDFA_1.0,0.00799840400814063,0.019847954891259487,4.499137877758134e-06
task_aligned,nDFA_1.0,0.008134761556990196,0.01984537367212381,4.575349940172726e-06
task_aligned,nDFA_1.0,0.008273443742243394,0.019842748820537055,4.652844496712622e-06
task_aligned,nDFA_1.0,0.008414490194521727,0.019840079605401677,4.731642837775931e-06
task_aligned,nDFA_1.0,0.008557941220073315,0.019837365283592034,4.811766597162704e-06
task_aligned,nDFA_1.0,0.008703837812290985,0.01983460509976421,4.8932377572623274e-06
task_aligned,nDFA_1.0,0.008852221663426809,0.01983179828616302,4.976078654309831e-06
task_aligned,nDFA_1.0,0.009003135176506341,0.019828944062426305,5.060311983710597e-06
task_aligned,nDFA_1.0,0.00915662147744591,0.019826041635386392,5.145960805427154e-06
task_aligned,nDFA_1.0,0.009312724427376552,0.019823090198868767,5.233048549440052e-06
task_aligned,nDFA_1.0,0.009471488635178014,0.01982008893348782,5.32159902126745e-06
task_aligned,nDFA_1.0,0.009632959470226472,0.019817037006439803,5.411636407561402e-06
task_aligned,nDFA_1.0,0.0097971830753595,0.019813933571292706,5.503185281765278e-06
task_aligned,nDFA_1.0,0.00996420638006213,0.01981077776777341,5.596270609844348e-06
task_aligned,nDFA_1.0,0.010134077113877737,0.01980756872155169,5.69091775608168e-06
task_aligned,nDFA_1.0,0.010306843820047417,0.019804305544021246,5.787152488942938e-06
task_aligned,nDFA_1.0,0.010482555869382074,0.01980098733207774,5.885000987016027e-06
task_aligned,nDFA_1.0,0.01066126347437087,0.019797613167893788,5.984489845007902e-06
task_aligned,nDFA_1.0,0.010843017703530211,0.019794182118690797,6.0856460798233e-06
task_aligned,nDFA_1.0,0.011027870495997438,0.0197906932365077,6.1884971367048414e-06
task_aligned,nDFA_1.0,0.011215874676373193,0.019787145557966603,6.293070895445803e-06
task_aligned,nDFA_1.0,0.011407083969816937,0.019783538104035193,6.399395676669177e-06
task_aligned,nDFA_1.0,0.011601553017399714,0.01977986987978598,6.507500248181073e-06
task_aligned,nDFA_1.0,0.011799337391718746,0.019776139874152332,6.617413831386769e-06
task_aligned,nDFA_1.0,0.012000493612778126,0.019772347059681207,6.729166107783347e-06
task_aligned,nDFA_1.0,0.01220507916414035,0.01976849039228267,6.842787225513436e-06
task_aligned,nDFA_1.0,0.012413152509353128,0.019764568810976057,6.958307805996055e-06
task_aligned,nDFA_1.0,0.012624773108656248,0.019760581237632864,7.075758950618199e-06
task_aligned,nDFA_1.0,0.012840001435973322,0.01975652657671627,7.195172247499089e-06
task_aligned,nDFA_1.0,0.013058898996193115,0.019752403715017255,7.316579778322701e-06
task_aligned,nDFA_1.0,0.013281528342745581,0.019748211521387414,7.440014125235331e-06
task_aligned,nDFA_1.0,0.013507953095477445,0.019743948846468247,7.565508377811341e-06
task_aligned,nDFA_1.0,0.01373823795883263,0.019739614522417136,7.693096140087538e-06
task_aligned,nDFA_1.0,0.01397244874034252,0.019735207362629768,7.822811537657845e-06
task_aligned,nDFA_1.0,0.014210652369431549,0.019730726161459135,7.954689224839743e-06
task_aligned,nDFA_1.0,0.01445291691654329,0.019726169693931088,8.08876439190244e-06
task_aligned,nDFA_1.0,0.014699311612592705,0.01972153671545629,8.225072772357767e-06
task_aligned,nDFA_1.0,0.014949906868749948,0.019716825961538724,8.363650650315482e-06
task_aligned,nDFA_1.0,0.015204774296561448,0.019712036147480672,8.504534867902546e-06
task_aligned,nDFA_1.0,0.015463986728414087,0.019707165968084105,8.647762832736342e-06
task_aligned,nDFA_1.0,0.015727618238348142,0.01970221409734853,8.793372525469477e-06
task_aligned,nDFA_1.0,0.01599574416322518,0.019697179188165312,8.94140250738051e-06
task_aligned,nDFA_1.0,0.01626844112425668,0.01969205987200835,9.091891928033265e-06
task_aligned,nDFA_1.0,0.016545787048899814,0.019686854758621253,9.244880532984917e-06
task_aligned,nDFA_1.0,0.01682786119312641,0.019681562435700857,9.40040867154877e-06
task_aligned,nDFA_1.0,0.01711474416407161,0.019676181468577168,9.558517304619858e-06
task_aligned,nDFA_1.0,0.01740651794306865,0.019670710399889782,9.719248012539314e-06
task_aligned,nDFA_1.0,0.017703265909076255,0.019665147749260592,9.882643003014084e-06
task_aligned,nDFA_1.0,0.018005072862505567,0.01965949201296301,1.0048745119087785e-05
task_aligned,nDFA_1.0,0.01831202504945315,0.01965374166358754,1.0217597847152755e-05
task_aligned,nDFA_1.0,0.0186242101863472,0.0196478951497038,1.0389245325004355e-05
task_aligned,nDFA_1.0,0.018941717485013866,0.019641950895518942,1.0563732349944028e-05
task_aligned,nDFA_1.0,0.01926463767817099,0.019635907300532583,1.0741104386916031e-05
task_aligned,nDFA_1.0,0.019593063045356338,0.019629762739188053,1.0921407576678815e-05
task_aligned,nDFA_1.0,0.01992708743929801,0.019623515560520284,1.1104688744016527e-05
task_aligned,nDFA_1.0,0.02026680631273427,0.019617164087800034,1.129099540597915e-05
task_aligned,nDFA_1.0,0.020612316745690726,0.01961070661817469,1.148037578014834e-05
task_aligned,nDFA_1.0,0.02096371747322245,0.01960414142230561,1.1672878792929771e-05
task_aligned,nDFA_1.0,0.02132110891362906,0.019597466744001982,1.1868554087871585e-05
task_aligned,nDFA_1.0,0.021684593197150888,0.019590680799851316,1.2067452033993056e-05
task_aligned,nDFA_1.0,0.022054274195154235,0.01958378177884652,1.2269623734137775e-05
task_aligned,nDFA_1.0,0.022430257549814335,0.019576767842009655,1.2475121033326775e-05
task_aligned,nDFA_1.0,0.022812650704304178,0.019569637122012415,1.2683996527131754e-05
task_aligned,nDFA_1.0,0.02320156293349819,0.01956238772279329,1.2896303570038454e-05
task_aligned,nDFA_1.0,0.02359710537519915,0.01955501771917159,1.3112096283817117e-05
task_aligned,nDFA_1.0,0.023999391061897666,0.019547525156458283,1.333142956588377e-05
task_aligned,nDFA_1.0,0.024408534953072943,0.01953990805006371,1.3554359097651692e-05
task_aligned,nDFA_1.0,0.024824653968044234,0.01953216438510233,1.378094135286493e-05
task_aligned,nDFA_1.0,0.025247867019382475,0.019524292115994442,1.4011233605914195e-05
task_aligned,nDFA_1.0,0.025678295046891307,0.01951628916606501,1.424529394012322e-05
task_aligned,nDFA_1.0,0.026116061052167662,0.019508153427139723,1.4483181256004833e-05
task_aligned,nDFA_1.0,0.026561290133751272,0.019499882759138214,1.4724955279478074e-05
task_aligned,nDFA_1.0,0.02701410952287369,0.019491474989664703,1.49706765700391e-05
task_aligned,nDFA_1.0,0.02747464861981648,0.019482927913596043,1.522040652888743e-05
task_aligned,nDFA_1.0,0.02794303903088952,0.019474239292667284,1.5474207406984858e-05
task_aligned,nDFA_1.0,0.028419414606039497,0.0194654068550549,1.5732142313060084e-05
task_aligned,nDFA_1.0,0.02890391147709964,0.01945642829495776,1.5994275221531163e-05
task_aligned,nDFA_1.0,0.029396668096691603,0.0194473012721759,1.6260670980355953e-05
task_aligned,nDFA_1.0,0.029897825277790394,0.019438023411687346,1.653139531879356e-05
task_aligned,nDFA_1.0,0.030407526233964005,0.01942859230322303,1.680651485506392e-05
task_aligned,nDFA_1.0,0.03092591662029884,0.019419005500839914,1.7086097103910686e-05
task_aligned,nDFA_1.0,0.03145314457502307,0.019409260522492554,1.7370210484046735e-05
task_aligned,nDFA_1.0,0.031989360761839336,0.019399354849603184,1.7658924325474003e-05
task_aligned,nDFA_1.0,0.03253471841297941,0.019389285926630494,1.7952308876677795e-05
task_aligned,nDFA_1.0,0.03308937337299261,0.019379051160637272,1.8250435311669984e-05
task_aligned,nDFA_1.0,0.03365348414328091,0.019368647920857143,1.8553375736886944e-05
task_aligned,nDFA_1.0,0.034227211927393225,0.01935807353826043,1.8861203197917935e-05
task_aligned,nDFA_1.0,0.03481072067709176,0.019347325305119574,1.9173991686057895e-05
task_aligned,nDFA_1.0,0.03540417713920396,0.019336400474574057,1.949181614468171e-05
task_aligned,nDFA_1.0,0.036007750903272906,0.019325296260195246,1.9814752475404984e-05
task_aligned,nDFA_1.0,0.036621614450020344,0.019314009835551246,2.014287754404544e-05
task_aligned,nDFA_1.0,0.0372459432006356,0.01930253833377207,2.0476269186356035e-05
task_aligned,nDFA_1.0,0.03788091556690515,0.01929087884711538,2.081500621351546e-05
task_aligned,nDFA_1.0,0.03852671300219639,0.019279028426532938,2.1159168417372993e-05
task_aligned,nDFA_1.0,0.039183520053311,0.019266984081238198,2.1508836575419122e-05
task_aligned,nDFA_1.0,0.03985152441322198,0.019254742778275224,2.186409245548382e-05
task_aligned,nDFA_1.0,0.04053091697470985,0.019242301442089167,2.2225018820127726e-05
task_aligned,nDFA_1.0,0.0412218918849134,0.019229656954098763,2.2591699430724016e-05
task_aligned,nDFA_1.0,0.04192464660081018,0.01921680615227104,2.2964219051214365e-05
task_aligned,nDFA_1.0,0.04263938194564303,0.019203745830698588,2.334266345150812e-05
task_aligned,nDFA_1.0,0.04336630216630838,0.019190472739179766,2.3727119410524954e-05
task_aligned,nDFA_1.0,0.04410561499172318,0.019176983582802197,2.4117674718850384e-05
task_aligned,nDFA_1.0,0.04485753169218653,0.01916327502152989,2.4514418180984845e-05
task_aligned,nDFA_1.0,0.04562226713975368,0.019149343669794407,2.4917439617180074e-05
task_aligned,nDFA_1.0,0.04640003986963895,0.01913518609609046,2.532682986482191e-05
task_aligned,nDFA_1.0,0.04719107214266573,0.01912079882257641,2.5742680779356636e-05
task_aligned,nDFA_1.0,0.04799559000878098,0.019106178324679986,2.6165085234731543e-05
task_aligned,nDFA_1.0,0.04881382337165251,0.019091321030709783,2.6594137123322838e-05
task_aligned,nDFA_1.0,0.049646006054367676,0.01907622332147304,2.7029931355339295e-05
task_aligned,nDFA_1.0,0.05049237586625192,0.01906088152989997,2.7472563857666213e-05
task_aligned,nDFA_1.0,0.05135317467082665,0.019045291940675446,2.7922131572134225e-05
task_aligned,nDFA_1.0,0.05222864845492539,0.01902945078987834,2.8378732453179633e-05
task_aligned,nDFA_1.0,0.0531190473989886,0.01901335426462916,2.8842465464880133e-05
task_aligned,nDFA_1.0,0.054024625948556476,0.018996998502746505,2.9313430577325377e-05
task_aligned,nDFA_1.0,0.05494564288698094,0.018980379592413027,2.9791728762310907e-05
task_aligned,nDFA_1.0,0.055882361409377024,0.018963493571851293,3.0277461988312076e-05
task_aligned,nDFA_1.0,0.0568350491978349,0.018946336429010457,3.077073321471816e-05
task_aligned,nDFA_1.0,0.05780397849791447,0.018928904101264108,3.1271646385292106e-05
task_aligned,nDFA_1.0,0.05878942619644362,0.01891119247512022,3.178030642082781e-05
task_aligned,nDFA_1.0,0.05979167390064319,0.01889319738594371,3.2296819210969545e-05
task_aligned,nDFA_1.0,0.06081100801860048,0.018874914617692404,3.28212916051612e-05
task_aligned,nDFA_1.0,0.06184771984111511,0.01885633990266724,3.335383140269756e-05
task_aligned,nDFA_1.0,0.06290210562493968,0.01883746892127723,3.3894547341831124e-05
task_aligned,nDFA_1.0,0.06397446667744011,0.018818297301820323,3.4443549087911283e-05
task_aligned,nDFA_1.0,0.0650651094426987,0.018798820620280668,3.5000947220508976e-05
task_aligned,nDFA_1.0,0.06617434558908554,0.018779034400143363,3.556685321949744e-05
task_aligned,nDFA_1.0,0.06730249209832263,0.018758934112227392,3.614137945004208e-05
task_aligned,nDFA_1.0,0.06844987135606631,0.018738515174537843,3.6724639146472336e-05
task_aligned,nDFA_1.0,0.06961681124403418,0.01871777295213816,3.731674639497269e-05
task_aligned,nDFA_1.0,0.07080364523370232,0.018696702757043496,3.7917816115081835e-05
task_aligned,nDFA_1.0,0.07201071248160025,0.018675299848136186,3.852796403992592e-05
task_aligned,nDFA_1.0,0.07323835792622993,0.018653559431104295,3.914730669516866e-05
task_aligned,nDFA_1.0,0.07448693238663776,0.018631476658404304,3.977596137660968e-05
task_aligned,nDFA_1.0,0.07575679266266629,0.018609046629249157,4.041404612640638e-05
task_aligned,nDFA_1.0,0.07704830163691566,0.018586264389622555,4.1061679707856384e-05
task_aligned,nDFA_1.0,0.07836182837844297,0.018563124932320915,4.171898157870376e-05
task_aligned,nDFA_1.0,0.07969774824822941,0.01853962319702402,4.238607186290816e-05
task_aligned,nDFA_1.0,0.0810564430064459,0.01851575407039562,4.306307132083885e-05
task_aligned,nDFA_1.0,0.08243830092154673,0.01849151238621529,4.375010131783207e-05
task_aligned,nDFA_1.0,0.0838437168812237,0.018466892925542835,4.444728379106523e-05
task_aligned,nDFA_1.0,0.08527309250525125,0.01844189041691651,4.5154741214692815e-05
task_aligned,nDFA_1.0,0.08672683626025589,0.018416499536586542,4.587259656318626e-05
task_aligned,nDFA_1.0,0.0882053635764417,0.018390714908785293,4.660097327282595e-05
task_aligned,nDFA_1.0,0.08970909696630631,0.018364531106035514,4.733999520128493e-05
task_aligned,nDFA_1.0,0.0912384661453805,0.01833794264949822,4.808978658525128e-05
task_aligned,nDFA_1.0,0.09279390815502589,0.018310944009361736,4.8850471996022814e-05
task_aligned,nDFA_1.0,0.09437586748732682,0.018283529605273345,4.962217629301942e-05
task_aligned,nDFA_1.0,0.09598479621211059,0.018255693806815375,5.040502457514887e-05
task_aligned,nDFA_1.0,0.09762115410613391,0.018227430934027157,5.119914212996646e-05
task_aligned,nDFA_1.0,0.09928540878447097,0.01819873525797474,5.20046543805619e-05
task_aligned,nDFA_1.0,0.10097803583414221,0.018169601001369908,5.282168683011214e-05
task_aligned,nDFA_1.0,0.10269951895002051,0.018140022339240502,5.365036500402974e-05
task_aligned,nDFA_1.0,0.10445035007305466,0.018109993399653638,5.449081438965012e-05
task_aligned,nDFA_1.0,0.10623102953084963,0.018079508264493893,5.534316037337893e-05
task_aligned,nDFA_1.0,0.10804206618064248,0.0180485609702982,5.620752817524062e-05
task_aligned,nDFA_1.0,0.10988397755471659,0.01801714550914955,5.708404278075155e-05
task_aligned,nDFA_1.0,0.1117572900082951,0.017985255829631386,5.797282887006069e-05
task_aligned,nDFA_1.0,0.11366253886995442,0.0179528858378448,5.8874010744267745e-05
task_aligned,nDFA_1.0,0.11560026859460341,0.017920029398490574,5.978771224886881e-05
task_aligned,nDFA_1.0,0.11757103291906959,0.017886680336018257,6.071405669424387e-05
task_aligned,nDFA_1.0,0.11957539502033872,0.017852832435844367,6.165316677311827e-05
task_aligned,nDFA_1.0,0.12161392767649076,0.017818479445642015,6.260516447492676e-05
task_aligned,nDFA_1.0,0.12368721343038079,0.017783615076704163,6.357017099700428e-05
task_aligned,nDFA_1.0,0.12579584475610944,0.017748233005382866,6.454830665253397e-05
task_aligned,nDFA_1.0,0.12794042422833235,0.017712326874606728,6.55396907751743e-05
task_aligned,nDFA_1.0,0.13012156469445452,0.017675890295479193,6.65444416202943e-05
task_aligned,nDFA_1.0,0.13233988944976152,0.01763891684895986,6.75626762627423e-05
task_aligned,nDFA_1.0,0.13459603241553642,0.017601400087631405,6.859451049107759e-05
task_aligned,nDFA_1.0,0.1368906383202119,0.01756333353755468,6.964005869818206e-05
task_aligned,nDFA_1.0,0.13922436288361215,0.017524710700214396,7.069943376819173e-05
task_aligned,nDFA_1.0,0.14159787300433485,0.017485525054558172,7.177274695966765e-05
task_aligned,nDFA_1.0,0.14401184695032862,0.01744577005913133,7.286010778493155e-05
task_aligned,nDFA_1.0,0.14646697455271773,0.017405439154310403,7.39616238855002e-05
task_aligned,nDFA_1.0,0.1489639574029329,0.0173645257646378,7.507740090355166e-05
task_aligned,nDFA_1.0,0.15150350905320234,0.017323023301260475,7.620754234933914e-05
task_aligned,nDFA_1.0,0.15408635522045983,0.01728092516447536,7.735214946450126e-05
task_aligned,nDFA_1.0,0.15671323399373024,0.01723822474638438,7.851132108119154e-05
task_aligned,nDFA_1.0,0.15938489604504993,0.017194915433661775,7.968515347696613e-05
task_aligned,nDFA_1.0,0.1621021048439836,0.017150990610436654,8.087374022536502e-05
task_aligned,nDFA_1.0,0.164865636875797,0.017106443661293696,8.207717204212514e-05
task_aligned,nDFA_1.0,0.16767628186335026,0.017061267974394716,8.329553662697056e-05
task_aligned,nDFA_1.0,0.17053484299277355,0.01701545694472421,8.452891850091586e-05
task_aligned,nDFA_1.0,0.1734421371429907,0.016969003977461608,8.577739883903987e-05
task_aligned,nDFA_1.0,0.1763989951191542,0.016921902491483364,8.704105529866587e-05
task_aligned,nDFA_1.0,0.1794062618900615,0.016874145922997554,8.831996184291776e-05
task_aligned,nDFA_1.0,0.1824647968296187,0.01682572772931426,8.961418855959295e-05
task_aligned,nDFA_1.0,0.18557547396241897,0.01677664139275432,9.092380147532371e-05
task_aligned,nDFA_1.0,0.18873918221350977,0.01672688042469969,9.224886236498811e-05
task_aligned,nDFA_1.0,0.19195682566241667,0.01667643836978813,9.358942855633762e-05
task_aligned,nDFA_1.0,0.19522932380149927,0.016625308810255184,9.494555272982702e-05
task_aligned,nDFA_1.0,0.1985576117987093,0.016573485370426442,9.631728271360827e-05
task_aligned,nDFA_1.0,0.20194264076483048,0.01652096172136274,9.770466127369638e-05
task_aligned,nDFA_1.0,0.2053853780252731,0.01646773158566135,9.910772589927972e-05
task_aligned,nDFA_1.0,0.2088868073965032,0.016413788742415742,0.00010052650858319046
task_aligned,nDFA_1.0,0.21244792946718244,0.01635912703233692,0.00010196103559752742
task_aligned,nDFA_1.0,0.21606976188410273,0.0163037403630387,0.00010341132726445611
task_aligned,nDFA_1.0,0.21975333964299557,0.01624762271448989,0.00010487739772219996
task_aligned,nDFA_1.0,0.2234997153842969,0.016190768144635735,0.00010635925468625679
task_aligned,nDFA_1.0,0.2273099596939568,0.016133170795191196,0.00010785689920588219
task_aligned,nDFA_1.0,0.2311851614093757,0.016074824897608454,0.00010937032541588069
task_aligned,nDFA_1.0,0.23512642793055788,0.016015724779221023,0.00011089952028377367
task_aligned,nDFA_1.0,0.23913488553656703,0.015955864869566558,0.00011244446335240646
task_aligned,nDFA_1.0,0.24321167970737892,0.015895239706890635,0.00011400512647808303
task_aligned,nDFA_1.0,0.24735797545122115,0.015833843944833306,0.00011558147356431071
task_aligned,nDFA_1.0,0.2515749576374912,0.01577167235930049,0.0001171734602912741
task_aligned,nDFA_1.0,0.25586383133535245,0.015708719855521698,0.0001187810338411468
task_aligned,nDFA_1.0,0.26022582215810114,0.015644981475295798,0.0001204041326193776
task_aligned,nDFA_1.0,0.26466217661340585,0.015580452404426121,0.00012204268597210057
task_aligned,nDFA_1.0,0.2691741624595153,0.015515127980346186,0.0001236966138998236
task_aligned,nDFA_1.0,0.2737630690675409,0.015449003699936997,0.00012536582676758913
task_aligned,nDFA_1.0,0.2784302077899146,0.015382075227536762,0.00012705022501178476
task_aligned,nDFA_1.0,0.2831769123351298,0.015314338403143552,0.00012874969884383027
task_aligned,nDFA_1.0,0.28800453914886753,0.015245789250811364,0.0001304641279509634
task_aligned,nDFA_1.0,0.29291446780162333,0.015176423987239581,0.00013219338119438073
task_aligned,nDFA_1.0,0.297908101382942,0.015106239030555699,0.00013393731630499865
task_aligned,nDFA_1.0,0.3029868669023709,0.015035231009290901,0.0001356957795771276
task_aligned,nDFA_1.0,0.3081522156972515,0.014963396771547668,0.00013746860556036934
task_aligned,nDFA_1.0,0.31340562384746146,0.014890733394358424,0.00013925561675007445
task_aligned,nDFA_1.0,0.3187485925972288,0.014817238193233741,0.00014105662327671342
task_aligned,nDFA_1.0,0.32418264878413444,0.014742908731898435,0.00014287142259454438
task_aligned,nDFA_1.0,0.3297093452754312,0.014667742832213337,0.00014469979916998378
task_aligned,nDFA_1.0,0.33533026141179956,0.01459173858428032,0.00014654152417010958
task_aligned,nDFA_1.0,0.3410470034586704,0.014514894356727492,0.0001483963551517546
task_aligned,nDFA_1.0,0.34686120506523876,0.014437208807171465,0.0001502640357516773
task_aligned,nDFA_1.0,0.3527745277313059,0.014358680892852554,0.00015214429537832065
task_aligned,nDFA_1.0,0.35878866128208003,0.014279309881438907,0.00015403684890570284
task_aligned,nDFA_1.0,0.36490532435106837,0.014199095361994657,0.00015594139637000883
task_aligned,nDFA_1.0,0.37112626487120537,0.014118037256106794,0.00015785762266948823
task_aligned,nDFA_1.0,0.37745326057435113,0.014036135829164978,0.00015978519726829183
task_aligned,nDFA_1.0,0.3838881194993082,0.013953391701787879,0.0001617237739049106
task_aligned,nDFA_1.0,0.39043268050849433,0.013869805861389094,0.00016367299030591893
task_aligned,nDFA_1.0,0.3970888138134286,0.013785379673875017,0.00016563246790575183
task_aligned,nDFA_1.0,0.40385842150917256,0.013700114895466516,0.000167601811573281
task_aligned,nDFA_1.0,0.4107434381178857,0.01361401368463552,0.0001695806093459967
task_aligned,nDFA_1.0,0.4177458311416433,0.013527078614147004,0.0001715684321726237
task_aligned,nDFA_1.0,0.4248676016246823,0.013439312683196165,0.00017356483366504896
task_aligned,nDFA_1.0,0.43211078472523234,0.013350719329629796,0.00017556934986047147
task_aligned,nDFA_1.0,0.43947745029709223,0.013261302442240237,0.00017758149899471266
task_aligned,nDFA_1.0,0.44696970348112464,0.013171066373119378,0.00017960078128767814
task_aligned,nDFA_1.0,0.4545896853068325,0.013080015950059596,0.0001816266787419876
task_aligned,nDFA_1.0,0.46233957330419384,0.012988156488987388,0.00018365865495583074
task_aligned,nDFA_1.0,0.4702215821259226,0.012895493806415073,0.00018569615495114624
task_aligned,nDFA_1.0,0.4782379641803417,0.01280203423189465,0.00018773860501825764
task_aligned,nDFA_1.0,0.48639101027504605,0.012707784620457272,0.00018978541257813847
task_aligned,nDFA_1.0,0.4946830502715338,0.012612752365020916,0.00019183596606351131
task_aligned,nDFA_1.0,0.503116453751003,0.012516945408747851,0.00019388963482003756
task_aligned,nDFA_1.0,0.5116936306914959,0.012420372257332503,0.0001959457690288662
task_aligned,nDFA_1.0,0.52041703215659,0.012323041991199612,0.0001980036996518772
task_aligned,nDFA_1.0,0.5292891509958252,0.012224964277591437,0.00020006273840096072
task_aligned,nDFA_1.0,0.5383125225570771,0.01212614938252185,0.00020212217773273234
task_aligned,nDFA_1.0,0.5474897254110712,0.012026608182574176,0.00020418129087009947
task_aligned,nDFA_1.0,0.5568233820882527,0.011926352176518742,0.00020623933185214192
task_aligned,nDFA_1.0,0.5663161598282122,0.011825393496724988,0.00020829553561378688
task_aligned,nDFA_1.0,0.5759707713418936,0.011723744920342078,0.00021034911809679892
task_aligned,nDFA_1.0,0.5857899755867956,0.01162141988022089,0.00021239927639362456
task_aligned,nDFA_1.0,0.5957765785553836,0.011518432475549437,0.00021444518892566725
task_aligned,nDFA_1.0,0.6059334340769489,0.01141479748217249,0.00021648601565757642
task_aligned,nDFA_1.0,0.6162634446331343,0.011310530362565546,0.0002185208983491726
task_aligned,nDFA_1.0,0.6267695621873663,0.011205647275431909,0.00022054896084663437
task_aligned,nDFA_1.0,0.6374547890284212,0.011100165084891258,0.00022256930941459788
task_aligned,nDFA_1.0,0.6483221786283797,0.010994101369226381,0.00022458103311082434
task_aligned,nDFA_1.0,0.6593748365152027,0.010887474429154633,0.0002265832042051064
task_aligned,nDFA_1.0,0.6706159211601879,0.010780303295589114,0.00022857487864408522
task_aligned,nDFA_1.0,0.6820486448805486,0.010672607736854231,0.0002305550965636453
task_aligned,nDFA_1.0,0.6936762747573865,0.010564408265319073,0.00023252288285056512
task_aligned,nDFA_1.0,0.7055021335693127,0.010455726143411464,0.00023447724775507923
task_aligned,nDFA_1.0,0.7175296007419812,0.010346583388974822,0.00023641718755599414
task_aligned,nDFA_1.0,0.7297621133138149,0.010237002779929175,0.00023834168527999924
task_aligned,nDFA_1.0,0.7422031669181925,0.010127007858197,0.000240249711476762
task_aligned,nDFA_1.0,0.7548563167823837,0.010016622932854208,0.0002421402250513939
task_aligned,nDFA_1.0,0.7677251787435072,0.00990587308246587,0.00024401217415581184
task_aligned,nDFA_1.0,0.780813430281815,0.009794784156565902,0.00024586449714049895
task_aligned,nDFA_1.0,0.7941248115715934,0.009683382776239653,0.0002476961235681009
task_aligned,nDFA_1.0,0.8076631265499712,0.009571696333768046,0.00024950597529024274
task_aligned,nDFA_1.0,0.8214322440039585,0.009459752991291669,0.0002512929675888893
task_aligned,nDFA_1.0,0.8354360986760122,0.009347581678453277,0.0002530560103834905
task_aligned,nDFA_1.0,0.8496786923884532,0.009235212088977124,0.00025479400950507487
task_aligned,nDFA_1.0,0.8641640951870458,0.009122674676143775,0.0002565058680383638
task_aligned,nDFA_1.0,0.878896446504081,0.009010000647119234,0.0002581904877328782
task_aligned,nDFA_1.0,0.8938799563412821,0.0088972219560977,0.00025984677048389765
task_aligned,nDFA_1.0,0.9091189064728835,0.008784371296217827,0.0002614736198840116
task_aligned,nDFA_1.0,0.9246176516692093,0.008671482090213099,0.00026306994284587803
task_aligned,nDFA_1.0,0.9403806209411201,0.008558588479757611,0.00026463465129665477
task_aligned,nDFA_1.0,0.9564123188056762,0.00844572531346972,0.00026616666394442534
task_aligned,nDFA_1.0,0.9727173265733684,0.008332928133537278,0.00026766490811677327
task_aligned,nDFA_1.0,0.9893003036573033,0.008220233160929253,0.0002691283216714821
task_aligned,nDFA_1.0,1.0061659889047023,0.008107677279160326,0.0002705558549791611
task_aligned,nDFA_1.0,1.023319201951106,0.007995298016576698,0.00027194647297738443
task_aligned,nDFA_1.0,1.0407648445976552,0.007883133527133247,0.0002732991572957309
task_aligned,nDFA_1.0,1.0585079022118615,0.007771222569634359,0.0002746129084508791
task_aligned,nDFA_1.0,1.0765534451522527,0.007659604485412995,0.0002758867481106829
task_aligned,nDFA_1.0,1.094906630217312,0.0075483191744252585,0.00027711972142589145
task_aligned,nDFA_1.0,1.1135727021191089,0.007437407069740344,0.00027831089942791863
task_aligned,nDFA_1.0,1.1325569949820598,0.007326909110408869,0.00027945938149079205
task_aligned,nDFA_1.0,1.1518649338672433,0.0072168667126956704,0.00028056429785510773
task_aligned,nDFA_1.0,1.1715020363226891,0.007107321739666782,0.0002816248122115117
task_aligned,nDFA_1.0,1.1914739139601096,0.006998316469123775,0.0002826401243409212
task_aligned,nDFA_1.0,1.2117862740585037,0.006889893559882711,0.00028360947280833305
task_aligned,nDFA_1.0,1.2324449211951067,0.006782096016399031,0.0002845321377067392
task_aligned,nDFA_1.0,1.2534557589041324,0.006674967151744139,0.0002854074434472845
task_aligned,nDFA_1.0,1.2748247913638062,0.006568550548943901,0.0002862347615914223
task_aligned,nDFA_1.0,1.296558125112151,0.006462890020694287,0.0002870135137204231
task_aligned,nDFA_1.0,1.3186619707920322,0.006358029567474275,0.0002877431743371677
task_aligned,nDFA_1.0,1.3411426449259387,0.006254013334081596,0.0002884232737947274
task_aligned,nDFA_1.0,1.364006571721033,0.006150885564622038,0.0002890534012457787
task_aligned,nDFA_1.0,1.3872602849049733,0.00604869055598911,0.00028963320760642887
task_aligned,nDFA_1.0,1.4109104295930222,0.005947472609876395,0.0002901624085275419
task_aligned,nDFA_1.0,1.4349637641869968,0.005847275983371104,0.0002906407873661505
task_aligned,nDFA_1.0,1.4594271623065878,0.005748144838183493,0.00029106819814901056
task_aligned,nDFA_1.0,1.484307614753609,0.005650123188573169,0.00029144456851981203
task_aligned,nDFA_1.0,1.5096122315097211,0.005553254848039763,0.00029176990266100393
task_aligned,nDFA_1.0,1.5353482437682255,0.005457583374851997,0.0002920442841805949
task_aligned,nDFA_1.0,1.5615230060004965,0.005363152016495835,0.0002922678789537087
task_aligned,nDFA_1.0,1.5881439980576275,0.005270003653129227,0.000292440937908033
task_aligned,nDFA_1.0,1.6152188273079233,0.00517818074013751,0.0002925637997416763
task_aligned,nDFA_1.0,1.6427552308108229,0.005087725249890525,0.00029263689356128257
task_aligned,nDFA_1.0,1.6707610775278907,0.0049986786128090495,0.0002926607414275758
task_aligned,nDFA_1.0,1.6992443705714897,0.0049110816578550555,0.00029263596079482024
task_aligned,nDFA_1.0,1.7282132494918006,0.004824974552566691,0.00029256326682996836
task_aligned,nDFA_1.0,1.7576759926028247,0.004740396742765527,0.00029244347459655295
task_aligned,nDFA_1.0,1.78764101934805,0.0046573868920699,0.00029227750108764996
task_aligned,nDFA_1.0,1.8181168927064288,0.004575982821354344,0.00029206636709150103
task_aligned,nDFA_1.0,1.8491123216393888,0.004496221448300935,0.0002918111988726483
task_aligned,nDFA_1.0,1.880636163579563,0.004418138727194074,0.00029151322965070695
task_aligned,nDFA_1.0,1.9126974269619283,0.0043417695891155746,0.0002911738008581754
task_aligned,nDFA_1.0,1.9453052737981165,0.004267147882701739,0.0002907943631579906
task_aligned,nDFA_1.0,1.9784690222945986,0.004194306315628779,0.000290376477200866
task_aligned,nDFA_1.0,2.012198149515519,0.004123276396996951,0.0002899218141018333
task_aligned,nDFA_1.0,2.046502294090901,0.004054088380787461,0.000289432155614843
task_aligned,nDFA_1.0,2.0813912589710486,0.003986771210569073,0.0002889093939838017
task_aligned,nDFA_1.0,2.1168750142278885,0.003921352465634029,0.0002883555314480307
task_aligned,nDFA_1.0,2.152963699904084,0.003857858308744585,0.000287772679379874
task_aligned,nDFA_1.0,2.1896676289106987,0.00379631343567269,0.00028716305703205904
task_aligned,nDFA_1.0,2.2269972899742814,0.003736741026715755,0.00028652898987247135
task_aligned,nDFA_1.0,2.26496335063419,0.0036791627003711315,0.0002858729074842751
task_aligned,nDFA_1.0,2.303576660290997,0.0036235984693509353,0.00028519734100981224
task_aligned,nDFA_1.0,2.3428482533068857,0.0035700666991166975,0.0002845049201175018
task_aligned,nDFA_1.0,2.3827893521588885,0.003518584069110779,0.0002837983694720718
task_aligned,nDFA_1.0,2.4234113706458946,0.0034691655368575837,0.0002830805046899155
task_aligned,nDFA_1.0,2.464725917150312,0.0034218243051031853,0.00028235422776324063
task_aligned,nDFA_1.0,2.50674479795535,0.0033765717921562842,0.0002816225219389798
task_aligned,nDFA_1.0,2.5494800206188595,0.0033334176055870137,0.0002808884460412334
task_aligned,nDFA_1.0,2.592943797404667,0.003292369519432669,0.000280155128229319
task_aligned,nDFA_1.0,2.6371485487724318,0.0032534334550509076,0.00027942575918735684
task_aligned,nDFA_1.0,2.6821069069269825,0.003216613465751688,0.0002787035847457504
task_aligned,nDFA_1.0,2.7278317194281803,0.0031819117253287744,0.0002779918979399224
task_aligned,nDFA_1.0,2.7743360528622945,0.0031493285206003877,0.0002772940305172625
task_aligned,nDFA_1.0,2.8216331965759975,0.003118862248056283,0.00027661334390938365
task_aligned,nDFA_1.0,2.8697366664739996,0.0030905094146954906,0.00027595321969348737
task_aligned,nDFA_1.0,2.9186602088814415,0.0030642646431248742,0.0002753170495737905
task_aligned,nDFA_1.0,2.96841780447211,0.003040120680973939,0.0002747082249215454
task_aligned,nDFA_1.0,3.0190236722636397,0.0030180684146656482,0.0002741301259200521
task_aligned,nDFA_1.0,3.070492273680835,0.0029980968875668087,0.0002735861103691304
task_aligned,nDFA_1.0,3.1228383166882305,0.002980193322524616,0.0002730795022115948
task_aligned,nDFA_1.0,3.176076759993135,0.0029643431487784587,0.00027261357985224136
task_aligned,nDFA_1.0,3.2302228173203136,0.0029505300332181403,0.00027219156434746814
task_aligned,nDFA_1.0,3.2852919617595595,0.0029387359159412786,0.00027181660755074526
task_aligned,nDFA_1.0,3.3412999301873585,0.002928941050044048,0.0002714917803054693
task_aligned,nDFA_1.0,3.3982627277639583,0.002921124045560528,0.00027122006078208615
task_aligned,nDFA_1.0,3.456196632507091,0.0029152619174470395,0.0002710043230604982
task_aligned,nDFA_1.0,3.5151181999436867,0.0029113301374889674,0.0002708473260614976
task_aligned,nDFA_1.0,3.575044267840856,0.0029093026899888598,0.0002707517029320732
task_aligned,nDFA_1.0,3.6359919610175564,0.002909152131076112,0.00027071995098879124
task_aligned,nDFA_1.0,3.6979786962382923,0.0029108496514605826,0.0002707544223209103
task_aligned,nDFA_1.0,3.7610221871902074,0.0029143651424349626,0.0002708573151503968
task_aligned,nDFA_1.0,3.8251404495450636,0.0029196672649139154,0.0002710306660395447
task_aligned,nDFA_1.0,3.8903518061074984,0.002926723521282001,0.00027127634302851747
task_aligned,nDFA_1.0,3.9566748920510686,0.002935500329807351,0.0002715960397749343
task_aligned,nDFA_1.0,4.024128660243522,0.0029459631013639604,0.00027199127075576836
task_aligned,nDFA_1.0,4.092732386662896,0.002958076318192745,0.0002724633675785858
task_aligned,nDFA_1.0,4.16250567590592,0.00297180361441986,0.00027301347643476085
task_aligned,nDFA_1.0,4.233468466790359,0.0029871078580407484,0.0002736425567121432
task_aligned,nDFA_1.0,4.305641038052818,0.00300395123406971,0.0002743513807690197
task_aligned,nDFA_1.0,4.379044014143725,0.003022295328547808,0.0002751405348555616
task_aligned,nDFA_1.0,4.453698371121101,0.0030421012130966356,0.00027601042115359207
task_aligned,nDFA_1.0,4.5296254426447815,0.0030633295297018666,0.0002769612608908638
task_aligned,nDFA_1.0,4.606846926072856,0.0030859405754088626,0.0002779930984724458
task_aligned,nDFA_1.0,4.685384888662027,0.0031098943866127034,0.0002791058065595648
task_aligned,nDFA_1.0,4.76526177387369,0.0031351508226270643,0.00028029909201562127
task_aligned,nDFA_1.0,4.846500407787484,0.00316166964822034,0.0002815725026303042
task_aligned,nDFA_1.0,4.929124005624213,0.0031894106148132872,0.00028292543452585904
task_aligned,nDFA_1.0,5.013156178379978,0.003218333540040213,0.00028435714014477334
task_aligned,nDFA_1.0,5.0986209395733635,0.003248398385385375,0.0002858667367153553
task_aligned,nDFA_1.0,5.185542712107698,0.0032795653316177098,0.00028745321509092794
task_aligned,nDFA_1.0,5.27394633525027,0.0033117948517601475,0.00028911544885945454
task_aligned,nDFA_1.0,5.363857071730567,0.003345047781344667,0.0002908522036232986
task_aligned,nDFA_1.0,5.455300614959465,0.0033792853857205186,0.0002926621463531898
task_aligned,nDFA_1.0,5.548303096371546,0.0034144694242009685,0.0002945438547262354
task_aligned,nDFA_1.0,5.642891092892556,0.0034505622108529366,0.0002964958263646256
task_aligned,nDFA_1.0,5.739091634534208,0.0034875266717542012,0.0002985164878993764
task_aligned,nDFA_1.0,5.836932212118393,0.003525326398564061,0.00030060420379175116
task_aligned,nDFA_1.0,5.936440785133139,0.003563925698275454,0.0003027572848536679
task_aligned,nDFA_1.0,6.03764578972249,0.003603289639039238,0.00030497399641724965
task_aligned,nDFA_1.0,6.140576146812549,0.0036433840919744475,0.00030725256611245964
task_aligned,nDFA_1.0,6.24526127037611,0.0036841757689018892,0.0003095911912203717
task_aligned,nDFA_1.0,6.351731075838154,0.0037256322559618576,0.0003119880455778509
task_aligned,nDFA_1.0,6.460015988624681,0.003767722043100183,0.00031444128601719647
task_aligned,nDFA_1.0,6.570146952857214,0.003810414549429877,0.00031694905833148533
task_aligned,nDFA_1.0,6.682155440195594,0.003853680144498236,0.0003195095027629265
task_aligned,nDFA_1.0,6.796073458831493,0.0038974901655111187,0.0003221207590174282
task_aligned,nDFA_1.0,6.911933562635288,0.0039418169305871446,0.0003247809708137612
task_aligned,nDFA_1.0,7.029768860458798,0.0039866337481345064,0.0003274882899802044
task_aligned,nDFA_1.0,7.149613025596682,0.004031914922461973,0.0003302408801153524
task_aligned,nDFA_1.0,7.271500305409138,0.004077635755753097,0.00033303691983291935
task_aligned,nDFA_1.0,7.395465531108579,0.0041237725465486045,0.00033587460561286823
task_aligned,nDFA_1.0,7.521544127713236,0.00417030258489662,0.0003387521542831513
task_aligned,nDFA_1.0,7.6497721241703935,0.004217204144343041,0.00034166780515771994
task_aligned,nDFA_1.0,7.7801861636522665,0.004264456470945652,0.0003446198218574023
task_aligned,nDFA_1.0,7.912823514027315,0.00431203976950483,0.00034760649384069065
task_aligned,nDFA_1.0,8.04772207851015,0.004359935187211502,0.0003506261376716273
task_aligned,nDFA_1.0,8.184920406492996,0.004408124794918556,0.0003536770980517049
task_aligned,nDFA_1.0,8.324457704561745,0.004456591566246195,0.00035675774864221655
task_aligned,nDFA_1.0,8.466373847699883,0.004505319354733814,0.0003598664927027254
task_aligned,nDFA_1.0,8.61070939068338,0.004554292869251679,0.0003630017635703936
task_aligned,nDFA_1.0,8.7575055796699,0.00460349764788457,0.0003661620250037936
task_aligned,nDFA_1.0,8.906804363985472,0.004652920030496914,0.00036934577141360447
task_aligned,nDFA_1.0,9.058648408112223,0.004702547130184989,0.0003725515280012762
task_aligned,nDFA_1.0,9.213081103880398,0.004752366803816178,0.00037577785082534143
task_aligned,nDFA_1.0,9.370146582868305,0.004802367621848826,0.0003790233268136283
task_aligned,nDFA_1.0,9.529889729013544,0.004852538837618292,0.00038228657373813097
task_aligned,nDFA_1.0,9.692356191439336,0.004902870356266289,0.00038556624016785896
task_aligned,nDFA_1.0,9.857592397499504,0.004953352703480952,0.00038886100541345056
task_aligned,nDFA_1.0,10.025645566045766,0.005003976994204895,0.0003921695794759063
task_aligned,nDFA_1.0,10.196563720921308,0.005054734901457831,0.00039549070301032625
task_aligned,nDFA_1.0,10.370395704684338,0.005105618625409067,0.00039882314731412344
task_aligned,nDFA_1.0,10.547191192565622,0.005156620862823924,0.0004021657143477844
task_aligned,nDFA_1.0,10.727000706663942,0.005207734776996485,0.0004055172367949044
task_aligned,nDFA_1.0,10.909875630383668,0.005258953968269553,0.00040887657816690424
task_aligned,nDFA_1.0,11.09586822311825,0.005310272445231237,0.0004122426329565646
task_aligned,nDFA_1.0,11.285031635184245,0.005361684596666452,0.00041561432684330104
task_aligned,nDFA_1.0,11.47741992300984,0.00541318516433055,0.00041899061695190433
task_aligned,nDFA_1.0,11.673088064582329,0.005464769216601853,0.00042237049216536845
task_aligned,nDFA_1.0,11.872091975158934,0.0055164321230597385,0.0004257529734913191
task_aligned,nDFA_1.0,12.07448852324546,0.005568169530025416,0.00042913711448055184
task_aligned,nDFA_1.0,12.280335546847452,0.005619977337093526,0.00043252200169521755
task_aligned,nDFA_1.0,12.489691869998175,0.005671851674674219,0.0004359067552232391
task_aligned,nDFA_1.0,12.702617319568612,0.005723788882557853,0.0004392905292347336
task_aligned,nDFA_1.0,12.919172742363902,0.005775785489507062,0.0004426725125753585
task_aligned,nDFA_1.0,13.139420022511283,0.005827838193874691,0.00044605192939080064
task_aligned,nDFA_1.0,13.363422099144453,0.005879943845240191,0.00044942803977590244
task_aligned,nDFA_1.0,13.59124298438939,0.00593209942705194,0.00045280014044135847
task_aligned,nDFA_1.0,13.822947781656945,0.005984302040258337,0.0004561675653902954
task_aligned,nDFA_1.0,14.058602704246992,0.006036548887906611,0.00045952968659664664
task_aligned,nDFA_1.0,14.298275094270045,0.006088837260684843,0.0004628859146767637
task_aligned,nDFA_1.0,14.542033441891286,0.006141164523379797,0.0004662356995453973
task_aligned,nDFA_1.0,14.789947404902728,0.006193528102220881,0.0004695785310469383
task_aligned,nDFA_1.0,15.042087828629008,0.006245925473078402,0.00047291393955258064
task_aligned,nDFA_1.0,15.298526766172571,0.006298354150483057,0.00047624149651402935
task_aligned,nDFA_1.0,15.559337499003943,0.006350811677432204,0.0004795608149642968
task_aligned,nDFA_1.0,15.824594557903191,0.006403295615947833,0.000482871549956226
task_aligned,nDFA_1.0,16.094373744258082,0.006455803538350522,0.0004861733989295002
task_aligned,nDFA_1.0,16.368752151725655,0.00650833301921361,0.0004894661019971294
task_aligned,nDFA_1.0,16.647808188262907,0.006560881627961644,0.0004927494421426971
task_aligned,nDFA_1.0,16.931621598533113,0.0066134469220775465,0.0004960232453200325
task_aligned,nDFA_1.0,17.220273486694122,0.006666026440883162,0.0004992873804474156
task_aligned,nDFA_1.0,17.513846339575103,0.006718617699858586,0.0005025417592889748
task_aligned,nDFA_1.0,17.81242405024861,0.006771218185466235,0.0005057863362165105
task_aligned,nDFA_1.0,18.116091942004132,0.006823825350446358,0.0005090211078456564
task_aligned,nDFA_1.0,18.424936792730715,0.006876436609551792,0.0005122461125410112
task_aligned,nDFA_1.0,18.739046859715067,0.00692904933569045,0.0005154614297856674
task_aligned,nDFA_1.0,19.058511904862485,0.006981660856445314,0.0005186671794113894
task_aligned,nDFA_1.0,19.38342322034772,0.007034268450942555,0.0005218635206865834
task_aligned,nDFA_1.0,19.713873654703125,0.007086869347039769,0.0005250506512601139
task_aligned,nDFA_1.0,20.049957639351746,0.007139460718807342,0.000528228805960001
task_aligned,nDFA_1.0,20.39177121559234,0.00719203968427713,0.0005313982554469698
task_aligned,nDFA_1.0,20.739412062044874,0.007244603303434063,0.000534559304723866
task_aligned,nDFA_1.0,21.092979522563663,0.007297148576427319,0.0005377122915029192
task_aligned,nDFA_1.0,21.452574634626465,0.0073496724419792065,0.0005408575844338958
task_aligned,nDFA_1.0,21.818300158207524,0.007402171775970917,0.0005439955811971064
task_aligned,nDFA_1.0,22.190260605142807,0.007454643390185936,0.0005471267064663298
task_aligned,nDFA_1.0,22.568562268996093,0.007507084031192925,0.0005502514097475616
task_aligned,nDFA_1.0,22.953313255433766,0.007559490379351381,0.0005533701631005555
task_aligned,nDFA_1.0,23.344623513117888,0.007611859047924631,0.0005564834587509157
task_aligned,nDFA_1.0,23.742604865125728,0.007664186582286079,0.000559591806601429
task_aligned,nDFA_1.0,24.14737104090496,0.007716469459205758,0.0005626957316520946
task_aligned,nDFA_1.0,24.55903770877365,0.007768704086205921,0.0005657957713390585
task_aligned,nDFA_1.0,24.977722508974306,0.00782088680097517,0.0005688924728033328
task_aligned,nDFA_1.0,25.40354508729137,0.007873013870832357,0.0005719863901007963
task_aligned,nDFA_1.0,25.83662712924211,0.007925081492232403,0.000575078081365517
task_aligned,nDFA_1.0,26.277092394849852,0.007977085790307571,0.0005781681059388495
task_aligned,nDFA_1.0,26.725066754010573,0.008029022818438819,0.0005812570214771669
task_aligned,nDFA_1.0,27.180678222462152,0.008080888557853085,0.0005843453810513704
task_aligned,nDFA_1.0,27.644056998366892,0.008132678917243268,0.0005874337302514686
task_aligned,nDFA_1.0,28.115335499517688,0.008184389732409042,0.0005905226043096903
task_aligned,nDFA_1.0,28.594648401178453,0.008236016765917321,0.0005936125252555566
task_aligned,nDFA_1.0,29.08213267456993,0.00828755570678244,0.0005967039991162785
task_aligned,nDFA_1.0,29.577927626011018,0.008339002170166698,0.0005997975131756978
task_aligned,nDFA_1.0,30.08217493672799,0.00839035169710329,0.0006028935333047213
task_aligned,nDFA_1.0,30.595018703342085,0.008441599754243873,0.0006059925013758685
task_aligned,nDFA_1.0,31.116605479047383,0.00849274173363424,0.0006090948327741518
task_aligned,nDFA_1.0,31.64708431549069,0.008543772952522058,0.0006122009140159902
task_aligned,nDFA_1.0,32.18660680536534,0.008594688653201326,0.0006153111004873299
task_aligned,nDFA_1.0,32.73532712573144,0.00864548400289896,0.0006184257143114807
task_aligned,nDFA_1.0,33.29340208207403,0.008696154093709193,0.0006215450423565168
task_aligned,nDFA_1.0,33.86099115311297,0.008746693942582354,0.0006246693343913105
task_aligned,nDFA_1.0,34.43825653637644,0.00879709849137484,0.000627798801398507
task_aligned,nDFA_1.0,35.02536319455143,0.008847362606967559,0.0006309336140518691
task_aligned,nDFA_1.0,35.622478902624444,0.008897481081460655,0.0006340739013645734
task_aligned,nDFA_1.0,36.22977429582575,0.0089474486324525,0.0006372197495141093
task_aligned,nDFA_1.0,36.84742291839143,0.008997259903411454,0.0006403712008485033
task_aligned,nDFA_1.0,37.47560127315589,0.009046909464149105,0.0006435282530776482
task_aligned,nDFA_1.0,38.114488871990645,0.00909639181140379,0.0006466908586525217
task_aligned,nDFA_1.0,38.7642682871026,0.009145701369543869,0.0006498589243341307
task_aligned,nDFA_1.0,39.42512520320694,0.009194832491399837,0.0006530323109530465
task_aligned,nDFA_1.0,40.09724847058942,0.009243779459234932,0.0006562108333593731
task_aligned,nDFA_1.0,40.780830159073375,0.009292536485863851,0.0006593942605620995
task_aligned,nDFA_1.0,41.476065612906595,0.009341097715929161,0.0006625823160557724
task_aligned,nDFA_1.0,42.18315350658434,0.009389457227345209,0.0006657746783315416
task_aligned,nDFA_1.0,42.902295901623226,0.00943760903291904,0.0006689709815686607
task_aligned,nDFA_1.0,43.63369830430383,0.009485547082157975,0.000672170816501708
task_aligned,nDFA_1.0,44.37756972439723,0.00953326526327328,0.0006753737314578802
task_aligned,nDFA_1.0,45.13412273489293,0.009580757405388924,0.0006785792335579095
task_aligned,nDFA_1.0,45.90357353274481,0.009628017280964617,0.0006817867900733736
task_aligned,nDFA_1.0,46.68614200065286,0.009675038608441348,0.000684995829932398
task_aligned,nDFA_1.0,47.482051769898405,0.009721815055117836,0.0006882057453650744
task_aligned,nDFA_1.0,48.29153028424977,0.009768340240265246,0.0006914158936792243
task_aligned,nDFA_1.0,49.114808864958235,0.009814607738487316,0.0006946255991565601
task_aligned,nDFA_1.0,49.952122776861714,0.009860611083332207,0.0006978341550587188
task_aligned,nDFA_1.0,50.80371129561534,0.009906343771161468,0.0007010408257321354
task_aligned,nDFA_1.0,51.66981777606826,0.009951799265281015,0.0007042448488003075
task_aligned,nDFA_1.0,52.55068972180602,0.009996971000337659,0.0007074454374315629
task_aligned,nDFA_1.0,53.44657885587909,0.01004185238698405,0.0007106417826701984
task_aligned,nDFA_1.0,54.357741192735965,0.010086436816813347,0.0007138330558185149
task_aligned,nDFA_1.0,55.28443711138383,0.010130717667564364,0.0007170184108571774
task_aligned,nDFA_1.0,56.22693142979583,0.01017468830859586,0.0007201969868911292
task_aligned,nDFA_1.0,57.18549348058701,0.01021834210662805,0.0007233679106083393
task_aligned,nDFA_1.0,58.160397187980315,0.01026167243174742,0.0007265302987386006
task_aligned,nDFA_1.0,59.15192114608467,0.01030467266366982,0.0007296832604997991
task_aligned,nDFA_1.0,60.1603486985081,0.010347336198255194,0.0007328259000192016
task_aligned,nDFA_1.0,61.185968019326936,0.010389656454265638,0.0007359573187176177
task_aligned,nDFA_1.0,62.22907219543656,0.010431626880357021,0.0007390766176446021
task_aligned,nDFA_1.0,63.2899593103055,0.010473240962293023,0.0007421828997533634
task_aligned,nDFA_1.0,64.36893252915749,0.010514492230368279,0.0007452752721044411
task_aligned,nDFA_1.0,65.46630018560568,0.0105553742670265,0.0007483528479879121
task_aligned,nDFA_1.0,66.58237586976387,0.010595880714657304,0.0007514147489544544
task_aligned,nDFA_1.0,67.71747851785967,0.010636005283554325,0.0007544601067463717
task_aligned,nDFA_1.0,68.8719325033761,0.010675741760015683,0.0007574880651204612
task_aligned,nDFA_1.0,70.04606772974564,0.010715084014566395,0.0007604977815554322
task_aligned,nDFA_1.0,71.24021972462585,0.010754026010281331,0.0007634884288375751
task_aligned,nDFA_1.0,72.45472973578153,0.010792561811185767,0.0007664591965192219
task_aligned,nDFA_1.0,73.68994482860175,0.010830685590709831,0.0007694092922456586
task_aligned,nDFA_1.0,74.94621798527915,0.01086839164017213,0.0007723379429471258
task_aligned,nDFA_1.0,76.22390820568008,0.010905674377266843,0.0007752443958935954
task_aligned,nDFA_1.0,77.52338060993503,0.010942528354528249,0.0007781279196111861
task_aligned,nDFA_1.0,78.84500654277662,0.010978948267745807,0.0007809878046600509
task_aligned,nDFA_1.0,80.18916367965778,0.011014928964302851,0.0007838233642747808
task_aligned,nDFA_1.0,81.55623613467833,0.011050465451411457,0.0007866339348693765
task_aligned,nDFA_1.0,82.94661457035157,0.011085552904216468,0.0007894188764099227
task_aligned,nDFA_1.0,84.36069630924241,0.011120186673741282,0.0007921775726591864
task_aligned,nDFA_1.0,85.79888544750824,0.011154362294648779,0.0007949094312982408
task_aligned,nDFA_1.0,87.26159297037651,0.011188075492791123,0.0007976138839313146
task_aligned,nDFA_1.0,88.74923686958925,0.011221322192522648,0.0008002903859807586
task_aligned,nDFA_1.0,90.26224226285147,0.011254098523751237,0.0008029384164800574
task_aligned,nDFA_1.0,91.80104151531502,0.011286400828704229,0.0008055574777733327
task_aligned,nDFA_1.0,93.36607436313383,0.011318225668386321,0.0008081470951305988
task_aligned,nDFA_1.0,94.95778803912542,0.01134956982870804,0.000810706816288488
task_aligned,nDFA_1.0,96.57663740057471,0.011380430326264753,0.0008132362109266808
task_aligned,nDFA_1.0,98.2230850592165,0.011410804413747895,0.000815734870090587
task_aligned,nDFA_1.0,99.89760151343484,0.011440689584971504,0.0008182024055710741
task_aligned,nDFA_1.0,101.60066528271416,0.01147008357949896,0.0008206384492522096
task_aligned,nDFA_1.0,103.33276304438459,0.011498984386856797,0.0008230426524379312
task_aligned,nDFA_1.0,105.09438977269748,0.011527390250323842,0.0008254146851685147
task_aligned,nDFA_1.0,106.88604888027204,0.011555299670286373,0.0008277542355374812
task_aligned,nDFA_1.0,108.70825236195353,0.011582711407151546,0.0008300610090192359
task_aligned,nDFA_1.0,110.56152094112352,0.01160962448381327,0.0008323347278173362
task_aligned,nDFA_1.0,112.44638421850583,0.011636038187666876,0.0008345751302427287
task_aligned,nDFA_1.0,114.36338082350686,0.011661952072170424,0.0008367819701306251
task_aligned,nDFA_1.0,116.31305856813833,0.011687365957952665,0.0008389550163040417
task_aligned,nDFA_1.0,118.29597460356307,0.011712279933469285,0.0008410940520911293
task_aligned,nDFA_1.0,120.31269557930963,0.011736694355210613,0.0008431988749025679
task_aligned,nDFA_1.0,122.36379780520139,0.01176060984746603,0.0008452692958744013
task_aligned,nDFA_1.0,124.44986741604593,0.011784027301651245,0.0008473051395805833
task_aligned,nDFA_1.0,126.57150053913327,0.0118069478752065,0.0008493062438185974
task_aligned,nDFA_1.0,128.72930346458716,0.01182937299007472,0.0008512724594702803
task_aligned,nDFA_1.0,130.92389281862302,0.01185130433076992,0.0008532036504390986
task_aligned,nDFA_1.0,133.15589573975842,0.011872743842047295,0.0008550996936638422
task_aligned,nDFA_1.0,135.4259500580277,0.011893693726186944,0.0008569604792077664
task_aligned,nDFA_1.0,137.73470447725208,0.011914156439904395,0.0008587859104210884
task_aligned,nDFA_1.0,140.0828187604166,0.011934134690901415,0.000860575904173756
task_aligned,nDFA_1.0,142.47096391820904,0.01195363143407104,0.0008623303911544331
task_aligned,nDFA_1.0,144.89982240077,0.011972649867371362,0.0008640493162307302
task_aligned,nDFA_1.0,147.3700882927151,0.011991193427382519,0.00086573263886487
task_aligned,nDFA_1.0,149.88246751148006,0.012009265784561681,0.0008673803335782486
task_aligned,nDFA_1.0,152.437678009048,0.012026870838210763,0.0008689923904576263
task_aligned,nDFA_1.0,155.03644997711535,0.012044012711171257,0.0008705688156951338
task_aligned,nDFA_1.0,157.67952605575576,0.012060695744260806,0.0008721096321538242
task_aligned,nDFA_1.0,160.36766154564083,0.01207692449046549,0.0008736148799501123
task_aligned,nDFA_1.0,163.1016246238805,0.01209270370890171,0.0008750846170441383
task_aligned,nDFA_1.0,165.88219656353982,0.012108038358560908,0.0008765189198290549
task_aligned,nDFA_1.0,168.7101719569014,0.01212293359185021,0.0008779178837100545
task_aligned,nDFA_1.0,171.5863589425323,0.012137394747941552,0.0008792816236641873
task_aligned,nDFA_1.0,174.51157943622238,0.01215142734594113,0.0008806102747720272
task_aligned,nDFA_1.0,177.48666936585968,0.012165037077890928,0.0008819039927126809
task_aligned,nDFA_1.0,180.51247891030974,0.0121782298016134,0.0008831629542139235
task_aligned,nDFA_1.0,183.58987274236887,0.012191011533409953,0.0008843873574497367
task_aligned,nDFA_1.0,186.7197302758561,0.012203388440623544,0.0008855774223781176
task_aligned,nDFA_1.0,189.90294591692083,0.012215366834075357,0.0008867333910126089
task_aligned,nDFA_1.0,193.1404293196332,0.012226953160385145,0.0008878555276217419
task_aligned,nDFA_1.0,196.43310564593202,0.01223815399418459,0.0008889441188513219
task_aligned,nDFA_1.0,199.7819158300045,0.012248976030233,0.0008899994737652884
task_aligned,nDFA_1.0,203.18781684717248,0.012259426075444172,0.000891021923801717
task_aligned,nDFA_1.0,206.651781987365,0.01226951104083366,0.0008920118226414085
task_aligned,nDFA_1.0,210.1748011332487,0.012279237933395346,0.0008929695459873729
task_aligned,nDFA_1.0,213.75788104310405,0.012288613847916375,0.0008938954912543419
task_aligned,nDFA_1.0,217.402045638522,0.012297645958739816,0.0008947900771684402
task_aligned,nDFA_1.0,221.10833629700576,0.012306341511484365,0.0008956537432778197
task_aligned,nDFA_1.0,224.87781214956078,0.012314707814730872,0.0008964869493760267
task_aligned,nDFA_1.0,228.71155038335777,0.012322752231685755,0.0008972901748405645
task_aligned,nDFA_1.0,232.61064654955769,0.012330482171831471,0.0008980639178898743
task_aligned,nDFA_1.0,236.57621487637996,0.012337905082575224,0.0008988086947626658
task_aligned,nDFA_1.0,240.60938858751274,0.012345028440906637,0.0008995250388240738
task_aligned,nDFA_1.0,244.71132022594884,0.012351859745076459,0.0009002134996037928
task_aligned,nDFA_1.0,248.88318198334326,0.012358406506308223,0.0009008746417717056
task_aligned,nDFA_1.0,253.12616603498518,0.012364676240555381,0.0009015090440570364
task_aligned,nDFA_1.0,257.4414848804811,0.012370676460317191,0.0009021172981173903
task_aligned,nDFA_1.0,261.830371690245,0.012376414666526527,0.0009027000073642272
task_aligned,nDFA_1.0,266.29408065789846,0.012381898340523775,0.0009032577857516913
task_aligned,nDFA_1.0,270.83388735867317,0.012387134936130842,0.0009037912565356533
task_aligned,nDFA_1.0,275.45108911392856,0.012392131871839988,0.0009043010510100311
task_aligned,nDFA_1.0,280.14700536188144,0.01239689652313231,0.000904787807227379
task_aligned,nDFA_1.0,284.92297803465635,0.012401436214940872,0.0009052521687106657
task_aligned,nDFA_1.0,289.78037194176363,0.012405758214273825,0.00090569478316307
task_aligned,nDFA_1.0,294.7205751601149,0.012409869723012614,0.0009061163011823847
task_aligned,nDFA_1.0,299.74499943069014,0.012413777870900599,0.0009065173749864498
task_aligned,nDFA_1.0,304.8550805619614,0.012417489708737295,0.0009068986571557165
task_aligned,nDFA_1.0,310.0522788402002,0.012421012201792944,0.0009072607993987212
task_aligned,nDFA_1.0,315.3380794467765,0.012424352223458359,0.0009076044513459653
task_aligned,nDFA_1.0,320.7139928825731,0.012427516549143914,0.0009079302593772259
task_aligned,nDFA_1.0,326.18155539963476,0.01243051185044183,0.0009082388654870328
task_aligned,nDFA_1.0,331.7423294401758,0.012433344689564491,0.0009085309061925351
task_aligned,nDFA_1.0,337.3979040830756,0.012436021514071558,0.0009088070114876186
task_aligned,nDFA_1.0,343.1498954979785,0.012438548651897353,0.0009090678038467012
task_aligned,nDFA_1.0,348.9999474071427,0.012440932306689374,0.0009093138972811463
task_aligned,nDFA_1.0,354.9497315551591,0.01244317855346766,0.000909545896450867
task_aligned,nDFA_1.0,361.00094818667867,0.012445293334613857,0.0009097643958332238
task_aligned,nDFA_1.0,367.1553265322842,0.012447282456197464,0.0009099699789509124
task_aligned,nDFA_1.0,373.4146253026444,0.012449151584645685,0.0009101632176601026
task_aligned,nDFA_1.0,379.7806331910963,0.012450906243762093,0.0009103446714997501
task_aligned,nDFA_1.0,386.2551693847879,0.01245255181209778,0.0009105148871025435
task_aligned,nDFA_1.0,392.84008408454287,0.012454093520677532,0.0009106743976676458
task_aligned,nDFA_1.0,399.53725903358355,0.012455536451082053,0.0009108237224950114
task_aligned,nDFA_1.0,406.3486080552691,0.012456885533885804,0.0009109633665807189
task_aligned,nDFA_1.0,413.27607760000024,0.012458145547448824,0.0009110938202725197
task_aligned,nDFA_1.0,420.32164730144876,0.012459321117059129,0.0009112155589843966
task_aligned,nDFA_1.0,427.4873305422675,0.01246041671442128,0.0009113290429687978
task_aligned,nDFA_1.0,434.77517502945034,0.012461436657484979,0.0009114347171448503
task_aligned,nDFA_1.0,442.18726337949096,0.012462385110606494,0.0009115330109807137
task_aligned,nDFA_1.0,449.72571371352734,0.012463266085034255,0.0009116243384280099
task_aligned,nDFA_1.0,457.392680262627,0.012464083439708808,0.0009117090979060577
task_aligned,nDFA_1.0,465.19035398339275,0.01246484088236621,0.0009117876723335605
task_aligned,nDFA_1.0,473.12096318406304,0.012465541970932728,0.0009118604292051891
task_aligned,nDFA_1.0,481.1867741612851,0.012466190115197968,0.0009119277207104322
task_aligned,nDFA_1.0,489.3900918477489,0.012466788578752358,0.0009119898838919822
task_aligned,nDFA_1.0,497.7332604708523,0.01246734048117448,0.0009120472408408986
task_aligned,nDFA_1.0,506.21866422260484,0.012467848800452739,0.0009121000989256848
task_aligned,nDFA_1.0,514.848727940947,0.012468316375625494,0.0009121487510524154
task_aligned,nDFA_1.0,523.6259178026861,0.012468745909623307,0.0009121934759530888
task_aligned,nDFA_1.0,532.5527420282452,0.012469139972296515,0.0009122345384993333
task_aligned,nDFA_1.0,541.6317515984257,0.012469501003611095,0.0009122721900386387
task_aligned,nDFA_1.0,550.8655409833943,0.012469831316995894,0.0009123066687503834
task_aligned,nDFA_1.0,560.2567488840875,0.012470133102823931,0.000912338200018932
task_aligned,nDFA_1.0,569.8080589862665,0.012470408432010785,0.0009123669968211913
task_aligned,nDFA_1.0,579.522200727421,0.012470659259713237,0.0009123932601261016
task_aligned,nDFA_1.0,589.40195007675,0.012470887429111533,0.0009124171793036422
task_aligned,nDFA_1.0,599.450130328438,0.012471094675258932,0.0009124389325410293
task_aligned,nDFA_1.0,609.6696129084548,0.012471282628982902,0.0009124586872639468
task_aligned,nDFA_1.0,620.0633181951158,0.012471452820822444,0.0009124766005607391
task_aligned,nDFA_1.0,630.6342163536186,0.012471606684986807,0.0009124928196076479
task_aligned,nDFA_1.0,641.3853281848199,0.012471745563321559,0.0009125074820933088
task_aligned,nDFA_1.0,652.3197259884747,0.01247187070926833,0.0009125207166408895
task_aligned,nDFA_1.0,663.440534441196,0.0124719832918055,0.0009125326432263344
task_aligned,nDFA_1.0,674.7509314893789,0.012472084399357793,0.0009125433735913777
task_aligned,nDFA_1.0,686.25414925735,0.012472175043663342,0.0009125530116500962
task_aligned,nDFA_1.0,697.9534749709957,0.012472256163587752,0.000912561653887903
task_aligned,nDFA_1.0,709.8522518971448,0.012472328628875332,0.0009125693897520349
task_aligned,nDFA_1.0,721.9538802989517,0.012472393243828563,0.0009125763020326689
task_aligned,nDFA_1.0,734.26181840758,0.012472450750907542,0.0009125824672339846
task_aligned,nDFA_1.0,746.7795834104456,0.012472501834242018,0.0009125879559345099
task_aligned,nDFA_1.0,759.5107524563091,0.01247254712304945,0.0009125928331362998
task_aligned,nDFA_1.0,772.458963677501,0.012472587194953099,0.0009125971586024762
task_aligned,nDFA_1.0,785.6279172295752,0.012472622579195151,0.000912600987182848
task_aligned,nDFA_1.0,799.0213763486926,0.0124726537597405,0.0009126043691273545
task_aligned,nDFA_1.0,812.6431684270153,0.012472681178267475,0.0009126073503871545
task_aligned,nDFA_1.0,826.4971861064516,0.012472705237042574,0.0009126099729032614
task_aligned,nDFA_1.0,840.587388391037,0.012472726301677011,0.0009126122748827016
task_aligned,nDFA_1.0,854.9178017782832,0.012472744703763299,0.0009126142910621796
task_aligned,nDFA_1.0,869.4925214098122,0.012472760743390952,0.000912616052959323
task_aligned,nDFA_1.0,884.3157122416065,0.012472774691540898,0.0009126175891116358
task_aligned,nDFA_1.0,899.3916102342182,0.012472786792358612,0.0009126189253032533
task_aligned,nDFA_1.0,914.7245235632504,0.012472797265306847,0.0009126200847797355
task_aligned,nDFA_1.0,930.3188338504934,0.012472806307198932,0.0009126210884510598
task_aligned,nDFA_1.0,946.1789974160409,0.012472814094114406,0.0009126219550830908
task_aligned,nDFA_1.0,962.3095465517534,0.012472820783199032,0.0009126227014777642
task_aligned,nDFA_1.0,978.7150908164324,0.012472826514351639,0.0009126233426422771
task_aligned,nDFA_1.0,995.4003183530737,0.012472831411800668,0.0009126238919476086
task_aligned,nDFA_1.0,1012.3699972285774,0.012472835585573553,0.0009126243612766653
task_aligned,nDFA_1.0,1029.6289767963053,0.012472839132862398,0.0009126247611624177
task_aligned,nDFA_1.0,1047.1821890818485,0.012472842139289692,0.0009126251009163672
task_aligned,nDFA_1.0,1065.0346501924394,0.012472844680077965,0.0009126253887477188
task_aligned,nDFA_1.0,1083.1914617503814,0.01247284682112747,0.0009126256318736419
task_aligned,nDFA_1.0,1101.657812350918,0.012472848620006196,0.0009126258366209796
task_aligned,nDFA_1.0,1120.4389790449557,0.012472850126856547,0.0009126260085198446
task_aligned,nDFA_1.0,1139.540328847062,0.0124728513852231,0.0009126261523894635
task_aligned,nDFA_1.0,1158.9673202691843,0.012472852432805964,0.000912626272416689
task_aligned,nDFA_1.0,1178.725504880491,0.012472853302144187,0.0009126263722275827
task_aligned,nDFA_1.0,1198.8205288938298,0.012472854021233683,0.0009126264549524719
task_aligned,nDFA_1.0,1219.2581347792202,0.01247285461408409,0.0009126265232848823
task_aligned,nDFA_1.0,1240.0441629048537,0.012472855101218856,0.0009126265795347426
task_aligned,nDFA_1.0,1261.1845532060715,0.012472855500122865,0.0009126266256762544
task_aligned,nDFA_1.0,1282.6853468827933,0.012472855825641584,0.0009126266633908097
task_aligned,nDFA_1.0,1304.552688125894,0.012472856090335799,0.0009126266941053279
task_aligned,nDFA_1.0,1326.7928258729887,0.012472856304795672,0.000912626719026379
task_aligned,nDFA_1.0,1349.412115594175,0.012472856477917791,0.0009126267391704322
task_aligned,nDFA_1.0,1372.417021108207,0.012472856617148599,0.0009126267553905803
task_aligned,nDFA_1.0,1395.814116429633,0.012472856728697503,0.000912626768400042
task_aligned,nDFA_1.0,1419.610087647423,0.012472856817722698,0.0009126267787927585
task_aligned,nDFA_1.0,1443.811734835622,0.012472856888492562,0.0009126267870613671
task_aligned,nDFA_1.0,1468.4259739965912,0.012472856944525195,0.0009126267936128104
task_aligned,nDFA_1.0,1493.4598390373446,0.012472856988708703,0.0009126267987818537
task_aligned,nDFA_1.0,1518.9204837796128,0.012472857023404312,0.0009126268028427207
task_aligned,nDFA_1.0,1544.815184004156,0.012472857050534452,0.0009126268060190772
task_aligned,nDFA_1.0,1571.1513395299344,0.012472857071657706,0.0009126268084925495
task_aligned,nDFA_1.0,1597.936476328722,0.012472857088032195,0.000912626810409971
task_aligned,nDFA_1.0,1625.1782486757718,0.012472857100669078,0.0009126268118895086
task_aligned,nDFA_1.0,1652.884441337144,0.012472857110377376,0.0009126268130258146
task_aligned,nDFA_1.0,1681.0629717943361,0.012472857117801477,0.0009126268138943551
task_aligned,nDFA_1.0,1709.7218925068112,0.012472857123452233,0.000912626814555007
task_aligned,nDFA_1.0,1738.8693932131264,0.01247285712773275,0.0009126268150550473
task_aligned,nDFA_1.0,1768.513803271277,0.012472857130959593,0.0009126268154316209
task_aligned,nDFA_1.0,1798.6635940389426,0.012472857133380144,0.0009126268157137625
task_aligned,nDFA_1.0,1829.32738129431,0.01247285713518677,0.0009126268159240511
task_aligned,nDFA_1.0,1860.5139276981654,0.012472857136528312,0.0009126268160799556
task_aligned,nDFA_1.0,1892.2321452979763,0.012472857137519333,0.0009126268161949171
task_aligned,nDFA_1.0,1924.491098074628,0.01247285713824756,0.0009126268162792219
task_aligned,nDFA_1.0,1957.3000045326144,0.012472857138779811,0.0009126268163407
task_aligned,nDFA_1.0,1990.6682403343664,0.0124728571391667,0.0009126268163852767
task_aligned,nDFA_1.0,2024.6053409794958,0.012472857139446372,0.0009126268164174111
task_aligned,nDFA_1.0,2059.1210045297153,0.012472857139647403,0.0009126268164404404
task_aligned,nDFA_1.0,2094.225094380206,0.012472857139791075,0.0009126268164568451
task_aligned,nDFA_1.0,2129.9276420782594,0.012472857139893156,0.0009126268164684585
task_aligned,nDFA_1.0,2166.238850189919,0.012472857139965253,0.0009126268164766297
task_aligned,nDFA_1.0,2203.1690952155477,0.012472857140015878,0.0009126268164823425
task_aligned,nDFA_1.0,2240.7289305550667,0.012472857140051193,0.0009126268164863098
task_aligned,nDFA_1.0,2278.9290895237596,0.012472857140075684,0.000912626816489048
task_aligned,nDFA_1.0,2317.7804884194848,0.012472857140092561,0.0009126268164909246
task_aligned,nDFA_1.0,2357.2942296421747,0.012472857140104116,0.0009126268164922018
task_aligned,nDFA_1.0,2397.4816048665425,0.012472857140111974,0.0009126268164930656
task_aligned,nDFA_1.0,2438.3540982688264,0.01247285714011728,0.0009126268164936453
task_aligned,nDFA_1.0,2479.923389808593,0.012472857140120846,0.0009126268164940315
task_aligned,nDFA_1.0,2522.2013585664654,0.01247285714012322,0.0009126268164942872
task_aligned,nDFA_1.0,2565.200086138758,0.012472857140124794,0.0009126268164944544
task_aligned,nDFA_1.0,2608.9318600899833,0.012472857140125826,0.0009126268164945641
task_aligned,nDFA_1.0,2653.409177464217,0.012472857140126501,0.0009126268164946343
task_aligned,nDFA_1.0,2698.6447483563197,0.012472857140126936,0.0009126268164946796
task_aligned,nDFA_1.0,2744.6514995440693,0.012472857140127216,0.0009126268164947084
task_aligned,nDFA_1.0,2791.4425781821587,0.012472857140127396,0.0009126268164947268
task_aligned,nDFA_1.0,2839.0313555592247,0.012472857140127509,0.0009126268164947383
task_aligned,nDFA_1.0,2887.431430918898,0.012472857140127577,0.000912626816494745
task_aligned,nDFA_1.0,2936.6566353460034,0.012472857140127623,0.0009126268164947493
task_aligned,nDFA_1.0,2986.7210357190083,0.01247285714012765,0.0009126268164947518
task_aligned,nDFA_1.0,3037.6389387298505,0.012472857140127667,0.0009126268164947534
task_aligned,nDFA_1.0,3089.424894972325,0.01247285714012768,0.0009126268164947548
task_aligned,nDFA_1.0,3142.0937031001095,0.012472857140127682,0.0009126268164947551
task_aligned,nDFA_1.0,3195.6604140557356,0.012472857140127688,0.0009126268164947553
task_aligned,nDFA_1.0,3250.1403353716296,0.012472857140127691,0.0009126268164947555
task_aligned,nDFA_1.0,3305.54903554448,0.012472857140127695,0.0009126268164947559
task_aligned,nDFA_1.0,3361.9023484841796,0.012472857140127695,0.0009126268164947559
task_aligned,nDFA_1.0,3419.2163780386104,0.012472857140127695,0.0009126268164947559
task_aligned,nDFA_1.0,3477.507502595599,0.012472857140127695,0.0009126268164947559
task_aligned,nDFA_1.0,3536.7923797632566,0.012472857140127695,0.0009126268164947559
task_aligned,nDFA_1.0,3597.087951130182,0.012472857140127695,0.0009126268164947559
task_aligned,nDFA_1.0,3658.411447106781,0.012472857140127695,0.0009126268164947559
task_aligned,nDFA_1.0,3720.7803918491268,0.012472857140127695,0.0009126268164947559
task_aligned,nDFA_1.0,3784.2126082667646,0.012472857140127695,0.0009126268164947559
task_aligned,nDFA_1.0,3848.7262231158825,0.012472857140127695,0.0009126268164947559
task_aligned,nDFA_1.0,3914.3396721793456,0.012472857140127695,0.0009126268164947559
task_aligned,nDFA_1.0,3981.0717055349733,0.012472857140127695,0.0009126268164947559
