condition,method,seed,feedback_seed,feedback_rank,epoch,n_train,input_noise,train_label_noise,test_acc
nuisance_dominant,dfa_random,1.0,1.0,0.0,14.0,512.0,0.15,0.2,0.194580078125
nuisance_dominant,dfa_random,2.0,1.0,0.0,14.0,512.0,0.15,0.2,0.227294921875
nuisance_dominant,dfa_random,2.0,0.0,0.0,14.0,512.0,0.15,0.2,0.245849609375
nuisance_dominant,dfa_random,3.0,0.0,0.0,14.0,512.0,0.15,0.2,0.23779296875
nuisance_dominant,dfa_random,2.0,2.0,0.0,14.0,512.0,0.15,0.2,0.228271484375
nuisance_dominant,dfa_random,4.0,2.0,0.0,14.0,512.0,0.15,0.2,0.226318359375
nuisance_dominant,dfa_random,4.0,1.0,0.0,14.0,512.0,0.15,0.2,0.23486328125
nuisance_dominant,dfa_random,1.0,0.0,0.0,14.0,512.0,0.15,0.2,0.18603515625
nuisance_dominant,dfa_random,1.0,2.0,0.0,14.0,512.0,0.15,0.2,0.181884765625
low_sample_noisy,dfa_random,2.0,2.0,0.0,14.0,1024.0,0.05,0.0,0.848388671875
low_sample_noisy,dfa_random,3.0,2.0,0.0,14.0,1024.0,0.05,0.0,0.863037109375
low_sample_noisy,dfa_random,3.0,1.0,0.0,14.0,1024.0,0.05,0.0,0.880615234375
low_sample_noisy,dfa_random,4.0,0.0,0.0,14.0,1024.0,0.05,0.0,0.850341796875
nuisance_dominant,dfa_random,0.0,2.0,0.0,14.0,512.0,0.15,0.2,0.22412109375
task_aligned,dfa_random,3.0,0.0,0.0,14.0,512.0,0.15,0.4,0.699951171875
task_aligned,dfa_random,2.0,2.0,0.0,14.0,512.0,0.15,0.4,0.703125
low_sample_noisy,dfa_random,3.0,0.0,0.0,14.0,1024.0,0.05,0.0,0.8671875
nuisance_dominant,dfa_random,3.0,2.0,0.0,14.0,512.0,0.15,0.2,0.258056640625
task_aligned,dfa_random,4.0,0.0,0.0,14.0,512.0,0.15,0.4,0.7451171875
low_sample_noisy,dfa_random,0.0,1.0,0.0,14.0,1024.0,0.05,0.0,0.863037109375
task_aligned,dfa_random,4.0,2.0,0.0,14.0,512.0,0.15,0.4,0.7685546875
task_aligned,dfa_random,4.0,1.0,0.0,14.0,512.0,0.15,0.4,0.704833984375
nuisance_dominant,dfa_random,3.0,1.0,0.0,14.0,512.0,0.15,0.2,0.2607421875
low_sample_noisy,dfa_random,0.0,0.0,0.0,14.0,1024.0,0.05,0.0,0.854248046875
nuisance_dominant,dfa_random,4.0,0.0,0.0,14.0,512.0,0.15,0.2,0.231201171875
low_sample_noisy,dfa_random,1.0,1.0,0.0,14.0,1024.0,0.05,0.0,0.812255859375
low_sample_noisy,dfa_random,2.0,1.0,0.0,14.0,1024.0,0.05,0.0,0.85888671875
low_sample_noisy,dfa_random,2.0,0.0,0.0,14.0,1024.0,0.05,0.0,0.856689453125
low_sample_noisy,dfa_random,1.0,2.0,0.0,14.0,1024.0,0.05,0.0,0.834716796875
low_sample_noisy,dfa_random,1.0,0.0,0.0,14.0,1024.0,0.05,0.0,0.818359375
low_sample_noisy,dfa_random,0.0,2.0,0.0,14.0,1024.0,0.05,0.0,0.857666015625
task_aligned,dfa_random,3.0,2.0,0.0,14.0,512.0,0.15,0.4,0.701904296875
task_aligned,dfa_random,3.0,1.0,0.0,14.0,512.0,0.15,0.4,0.663818359375
task_aligned,dfa_random,1.0,1.0,0.0,14.0,1024.0,0.05,0.4,0.778564453125
nuisance_dominant,dfa_random,1.0,2.0,0.0,14.0,1024.0,0.05,0.4,0.18701171875
nuisance_dominant,dfa_random,1.0,1.0,0.0,14.0,1024.0,0.05,0.4,0.208251953125
nuisance_dominant,dfa_random,2.0,1.0,0.0,14.0,1024.0,0.05,0.4,0.27099609375
task_aligned,dfa_random,1.0,0.0,0.0,14.0,1024.0,0.05,0.4,0.774169921875
nuisance_dominant,dfa_random,1.0,0.0,0.0,14.0,1024.0,0.05,0.4,0.1962890625
task_aligned,dfa_random,1.0,2.0,0.0,14.0,1024.0,0.05,0.4,0.7373046875
low_sample_noisy,dfa_random,3.0,2.0,0.0,14.0,4096.0,0.15,0.4,0.59375
low_sample_noisy,dfa_random,4.0,2.0,0.0,14.0,4096.0,0.15,0.4,0.6015625
low_sample_noisy,dfa_random,4.0,1.0,0.0,14.0,4096.0,0.15,0.4,0.5986328125
low_sample_noisy,dfa_random,4.0,0.0,0.0,14.0,4096.0,0.15,0.4,0.6044921875
low_sample_noisy,dfa_random,3.0,1.0,0.0,14.0,4096.0,0.15,0.4,0.61181640625
low_sample_noisy,dfa_random,3.0,0.0,0.0,14.0,4096.0,0.15,0.4,0.61181640625
task_aligned,dfa_random,1.0,0.0,0.0,14.0,4096.0,0.15,0.4,0.7470703125
task_aligned,dfa_random,0.0,2.0,0.0,14.0,4096.0,0.15,0.4,0.790283203125
nuisance_dominant,dfa_random,4.0,0.0,0.0,14.0,1024.0,0.15,0.2,0.41162109375
nuisance_dominant,dfa_random,0.0,0.0,0.0,14.0,1024.0,0.05,0.4,0.2724609375
nuisance_dominant,dfa_random,4.0,2.0,0.0,14.0,1024.0,0.15,0.2,0.376220703125
nuisance_dominant,dfa_random,0.0,2.0,0.0,14.0,1024.0,0.05,0.4,0.281005859375
nuisance_dominant,dfa_random,0.0,1.0,0.0,14.0,1024.0,0.05,0.4,0.27197265625
task_aligned,dfa_random,2.0,1.0,0.0,14.0,1024.0,0.05,0.4,0.716796875
task_aligned,dfa_random,2.0,0.0,0.0,14.0,1024.0,0.05,0.4,0.724853515625
nuisance_dominant,dfa_random,3.0,2.0,0.0,14.0,1024.0,0.15,0.2,0.42333984375
nuisance_dominant,dfa_random,4.0,1.0,0.0,14.0,1024.0,0.15,0.2,0.375732421875
low_sample_noisy,dfa_random,0.0,0.0,0.0,14.0,512.0,0.05,0.0,0.685791015625
low_sample_noisy,dfa_random,1.0,0.0,0.0,14.0,512.0,0.05,0.0,0.591064453125
low_sample_noisy,dfa_random,0.0,2.0,0.0,14.0,512.0,0.05,0.0,0.685791015625
low_sample_noisy,dfa_random,1.0,1.0,0.0,14.0,512.0,0.05,0.0,0.63671875
nuisance_dominant,dfa_random,3.0,1.0,0.0,14.0,1024.0,0.15,0.2,0.4365234375
task_aligned,dfa_random,0.0,1.0,0.0,14.0,4096.0,0.15,0.4,0.82373046875
task_aligned,dfa_random,0.0,0.0,0.0,14.0,4096.0,0.15,0.4,0.822021484375
low_sample_noisy,dfa_random,0.0,1.0,0.0,14.0,512.0,0.05,0.0,0.693603515625
task_aligned,dfa_random,0.0,1.0,0.0,14.0,1024.0,0.05,0.4,0.81591796875
nuisance_dominant,dfa_random,3.0,1.0,0.0,14.0,1024.0,0.05,0.4,0.296875
nuisance_dominant,dfa_random,4.0,1.0,0.0,14.0,1024.0,0.05,0.4,0.2890625
nuisance_dominant,dfa_random,4.0,0.0,0.0,14.0,1024.0,0.05,0.4,0.271484375
low_sample_noisy,dfa_random,2.0,1.0,0.0,14.0,4096.0,0.15,0.4,0.55908203125
nuisance_dominant,dfa_random,3.0,0.0,0.0,14.0,1024.0,0.05,0.4,0.292724609375
nuisance_dominant,dfa_random,2.0,2.0,0.0,14.0,1024.0,0.05,0.4,0.273193359375
task_aligned,dfa_random,0.0,2.0,0.0,14.0,1024.0,0.05,0.4,0.810791015625
task_aligned,dfa_random,2.0,0.0,0.0,14.0,4096.0,0.15,0.4,0.814208984375
task_aligned,dfa_random,1.0,2.0,0.0,14.0,4096.0,0.15,0.4,0.791748046875
low_sample_noisy,dfa_random,2.0,0.0,0.0,14.0,4096.0,0.15,0.4,0.595458984375
low_sample_noisy,dfa_random,1.0,2.0,0.0,14.0,4096.0,0.15,0.4,0.572265625
low_sample_noisy,dfa_random,2.0,2.0,0.0,14.0,4096.0,0.15,0.4,0.5869140625
nuisance_dominant,dfa_random,2.0,0.0,0.0,14.0,1024.0,0.05,0.4,0.281494140625
task_aligned,dfa_random,1.0,1.0,0.0,14.0,4096.0,0.15,0.4,0.814453125
low_sample_noisy,dfa_random,1.0,1.0,0.0,14.0,4096.0,0.15,0.4,0.562744140625
nuisance_dominant,dfa_random,2.0,1.0,0.0,14.0,1024.0,0.15,0.2,0.36376953125
nuisance_dominant,dfa_random,2.0,0.0,0.0,14.0,1024.0,0.15,0.2,0.36962890625
nuisance_dominant,dfa_random,3.0,0.0,0.0,14.0,1024.0,0.15,0.2,0.40966796875
nuisance_dominant,dfa_random,2.0,2.0,0.0,14.0,1024.0,0.15,0.2,0.371826171875
low_sample_noisy,dfa_random,3.0,2.0,0.0,14.0,512.0,0.05,0.0,0.760009765625
low_sample_noisy,dfa_random,3.0,1.0,0.0,14.0,512.0,0.05,0.0,0.7421875
task_aligned,dfa_random,3.0,0.0,0.0,14.0,1024.0,0.05,0.4,0.78515625
task_aligned,dfa_random,2.0,2.0,0.0,14.0,1024.0,0.05,0.4,0.73193359375
low_sample_noisy,dfa_random,2.0,0.0,0.0,14.0,512.0,0.05,0.0,0.719970703125
task_aligned,dfa_random,4.0,2.0,0.0,14.0,4096.0,0.05,0.4,0.86669921875
low_sample_noisy,dfa_random,3.0,0.0,0.0,14.0,512.0,0.05,0.0,0.71923828125
low_sample_noisy,dfa_random,2.0,2.0,0.0,14.0,512.0,0.05,0.0,0.7197265625
nuisance_dominant,dfa_random,1.0,0.0,0.0,14.0,1024.0,0.15,0.2,0.269775390625
task_aligned,dfa_random,4.0,1.0,0.0,14.0,4096.0,0.05,0.4,0.863525390625
low_sample_noisy,dfa_random,1.0,2.0,0.0,14.0,512.0,0.05,0.0,0.630859375
low_sample_noisy,dfa_random,2.0,1.0,0.0,14.0,512.0,0.05,0.0,0.696044921875
nuisance_dominant,dfa_random,4.0,2.0,0.0,14.0,1024.0,0.05,0.4,0.270751953125
nuisance_dominant,dfa_random,0.0,2.0,0.0,14.0,1024.0,0.15,0.4,0.269287109375
nuisance_dominant,dfa_random,0.0,1.0,0.0,14.0,1024.0,0.15,0.4,0.26220703125
nuisance_dominant,dfa_random,1.0,0.0,0.0,14.0,1024.0,0.15,0.4,0.19921875
low_sample_noisy,dfa_random,0.0,2.0,0.0,14.0,4096.0,0.15,0.4,0.561279296875
task_aligned,dfa_random,0.0,0.0,0.0,14.0,1024.0,0.05,0.4,0.845458984375
task_aligned,dfa_random,4.0,2.0,0.0,14.0,1024.0,0.15,0.2,0.849609375
nuisance_dominant,dfa_random,0.0,0.0,0.0,14.0,1024.0,0.15,0.4,0.25927734375
low_sample_noisy,dfa_random,4.0,2.0,0.0,14.0,4096.0,0.05,0.4,0.632568359375
low_sample_noisy,dfa_random,4.0,1.0,0.0,14.0,4096.0,0.05,0.4,0.6455078125
low_sample_noisy,dfa_random,0.0,1.0,0.0,14.0,4096.0,0.15,0.4,0.586669921875
low_sample_noisy,dfa_random,0.0,0.0,0.0,14.0,4096.0,0.15,0.4,0.5859375
low_sample_noisy,dfa_random,1.0,0.0,0.0,14.0,4096.0,0.15,0.4,0.55859375
nuisance_dominant,dfa_random,3.0,2.0,0.0,14.0,1024.0,0.05,0.4,0.30322265625
task_aligned,dfa_random,2.0,2.0,0.0,14.0,4096.0,0.15,0.4,0.802001953125
task_aligned,dfa_random,2.0,1.0,0.0,14.0,4096.0,0.15,0.4,0.745849609375
low_sample_noisy,dfa_random,4.0,0.0,0.0,14.0,4096.0,0.05,0.4,0.651611328125
nuisance_dominant,dfa_random,0.0,2.0,0.0,14.0,1024.0,0.15,0.2,0.3544921875
nuisance_dominant,dfa_random,1.0,2.0,0.0,14.0,1024.0,0.15,0.2,0.26806640625
nuisance_dominant,dfa_random,1.0,1.0,0.0,14.0,1024.0,0.15,0.2,0.272705078125
low_sample_noisy,dfa_random,0.0,1.0,0.0,14.0,512.0,0.15,0.0,0.645263671875
nuisance_dominant,dfa_random,0.0,0.0,0.0,14.0,1024.0,0.15,0.2,0.359130859375
nuisance_dominant,dfa_random,0.0,1.0,0.0,14.0,1024.0,0.15,0.2,0.3662109375
task_aligned,dfa_random,3.0,2.0,0.0,14.0,1024.0,0.05,0.4,0.75634765625
task_aligned,dfa_random,3.0,1.0,0.0,14.0,1024.0,0.05,0.4,0.8173828125
low_sample_noisy,dfa_random,0.0,0.0,0.0,14.0,512.0,0.15,0.0,0.64501953125
low_sample_noisy,dfa_random,4.0,2.0,0.0,14.0,512.0,0.05,0.0,0.746337890625
low_sample_noisy,dfa_random,4.0,1.0,0.0,14.0,512.0,0.05,0.0,0.706298828125
low_sample_noisy,dfa_random,0.0,2.0,0.0,14.0,512.0,0.15,0.0,0.638916015625
nuisance_dominant,dfa_random,4.0,1.0,0.0,14.0,1024.0,0.05,0.2,0.391357421875
low_sample_noisy,dfa_random,4.0,0.0,0.0,14.0,512.0,0.05,0.0,0.7177734375
task_aligned,dfa_random,4.0,0.0,0.0,14.0,4096.0,0.05,0.4,0.87939453125
task_aligned,dfa_random,3.0,2.0,0.0,14.0,4096.0,0.05,0.4,0.860595703125
task_aligned,dfa_random,4.0,1.0,0.0,14.0,1024.0,0.15,0.2,0.880615234375
nuisance_dominant,dfa_random,2.0,2.0,0.0,14.0,1024.0,0.15,0.4,0.269287109375
nuisance_dominant,dfa_random,2.0,1.0,0.0,14.0,1024.0,0.15,0.4,0.258056640625
nuisance_dominant,dfa_random,3.0,1.0,0.0,14.0,1024.0,0.15,0.4,0.29736328125
task_aligned,dfa_random,4.0,0.0,0.0,14.0,1024.0,0.15,0.2,0.839111328125
nuisance_dominant,dfa_random,1.0,1.0,0.0,14.0,1024.0,0.15,0.4,0.205322265625
nuisance_dominant,dfa_random,2.0,0.0,0.0,14.0,1024.0,0.15,0.4,0.272216796875
nuisance_dominant,dfa_random,1.0,2.0,0.0,14.0,1024.0,0.15,0.4,0.19384765625
low_sample_noisy,dfa_random,3.0,1.0,0.0,14.0,4096.0,0.05,0.4,0.61865234375
low_sample_noisy,dfa_random,3.0,0.0,0.0,14.0,4096.0,0.05,0.4,0.638427734375
low_sample_noisy,dfa_random,3.0,2.0,0.0,14.0,4096.0,0.05,0.4,0.625
task_aligned,dfa_random,3.0,1.0,0.0,14.0,4096.0,0.15,0.4,0.830322265625
task_aligned,dfa_random,3.0,0.0,0.0,14.0,4096.0,0.15,0.4,0.828857421875
low_sample_noisy,dfa_random,2.0,2.0,0.0,14.0,4096.0,0.05,0.4,0.622802734375
low_sample_noisy,dfa_random,2.0,1.0,0.0,14.0,4096.0,0.05,0.4,0.609619140625
nuisance_dominant,dfa_random,4.0,0.0,0.0,14.0,1024.0,0.05,0.2,0.44921875
nuisance_dominant,dfa_random,3.0,2.0,0.0,14.0,1024.0,0.05,0.2,0.465576171875
nuisance_dominant,dfa_random,3.0,1.0,0.0,14.0,1024.0,0.05,0.2,0.459228515625
nuisance_dominant,dfa_random,4.0,2.0,0.0,14.0,1024.0,0.05,0.2,0.399169921875
nuisance_dominant,dfa_random,3.0,0.0,0.0,14.0,1024.0,0.05,0.2,0.427490234375
task_aligned,dfa_random,4.0,1.0,0.0,14.0,1024.0,0.05,0.4,0.788818359375
task_aligned,dfa_random,4.0,0.0,0.0,14.0,1024.0,0.05,0.4,0.791259765625
low_sample_noisy,dfa_random,1.0,2.0,0.0,14.0,512.0,0.15,0.0,0.595458984375
low_sample_noisy,dfa_random,2.0,2.0,0.0,14.0,512.0,0.15,0.0,0.678466796875
low_sample_noisy,dfa_random,2.0,1.0,0.0,14.0,512.0,0.15,0.0,0.64599609375
low_sample_noisy,dfa_random,2.0,0.0,0.0,14.0,512.0,0.15,0.0,0.677490234375
task_aligned,dfa_random,3.0,0.0,0.0,14.0,4096.0,0.05,0.4,0.881103515625
low_sample_noisy,dfa_random,1.0,0.0,0.0,14.0,512.0,0.15,0.0,0.546630859375
low_sample_noisy,dfa_random,1.0,1.0,0.0,14.0,512.0,0.15,0.0,0.58349609375
task_aligned,dfa_random,3.0,1.0,0.0,14.0,4096.0,0.05,0.4,0.886962890625
nuisance_dominant,dfa_random,4.0,2.0,0.0,14.0,1024.0,0.15,0.4,0.2626953125
nuisance_dominant,dfa_random,4.0,1.0,0.0,14.0,1024.0,0.15,0.4,0.27294921875
nuisance_dominant,dfa_random,4.0,0.0,0.0,14.0,1024.0,0.15,0.4,0.26220703125
nuisance_dominant,dfa_random,0.0,1.0,0.0,14.0,2048.0,0.05,0.0,0.81201171875
low_sample_noisy,dfa_random,1.0,1.0,0.0,14.0,4096.0,0.05,0.4,0.60546875
nuisance_dominant,dfa_random,3.0,2.0,0.0,14.0,1024.0,0.15,0.4,0.29052734375
task_aligned,dfa_random,3.0,2.0,0.0,14.0,1024.0,0.15,0.2,0.8623046875
task_aligned,dfa_random,3.0,1.0,0.0,14.0,1024.0,0.15,0.2,0.8759765625
low_sample_noisy,dfa_random,1.0,0.0,0.0,14.0,4096.0,0.05,0.4,0.57958984375
low_sample_noisy,dfa_random,2.0,0.0,0.0,14.0,4096.0,0.05,0.4,0.627685546875
low_sample_noisy,dfa_random,1.0,2.0,0.0,14.0,4096.0,0.05,0.4,0.61328125
nuisance_dominant,dfa_random,3.0,0.0,0.0,14.0,1024.0,0.15,0.4,0.28125
low_sample_noisy,dfa_random,0.0,1.0,0.0,14.0,4096.0,0.05,0.4,0.62109375
low_sample_noisy,dfa_random,0.0,2.0,0.0,14.0,4096.0,0.05,0.4,0.599365234375
task_aligned,dfa_random,4.0,0.0,0.0,14.0,4096.0,0.15,0.4,0.7734375
task_aligned,dfa_random,3.0,2.0,0.0,14.0,4096.0,0.15,0.4,0.80712890625
task_aligned,dfa_random,0.0,0.0,0.0,14.0,1024.0,0.15,0.4,0.788818359375
nuisance_dominant,dfa_random,2.0,0.0,0.0,14.0,1024.0,0.05,0.2,0.395751953125
nuisance_dominant,dfa_random,1.0,2.0,0.0,14.0,1024.0,0.05,0.2,0.27490234375
nuisance_dominant,dfa_random,2.0,2.0,0.0,14.0,1024.0,0.05,0.2,0.389892578125
nuisance_dominant,dfa_random,2.0,1.0,0.0,14.0,1024.0,0.05,0.2,0.385986328125
task_aligned,dfa_random,4.0,2.0,0.0,14.0,1024.0,0.05,0.4,0.779541015625
nuisance_dominant,dfa_random,1.0,0.0,0.0,14.0,1024.0,0.05,0.2,0.277099609375
nuisance_dominant,dfa_random,0.0,2.0,0.0,14.0,1024.0,0.05,0.2,0.37890625
nuisance_dominant,dfa_random,1.0,1.0,0.0,14.0,1024.0,0.05,0.2,0.2900390625
low_sample_noisy,dfa_random,3.0,0.0,0.0,14.0,512.0,0.15,0.0,0.688720703125
low_sample_noisy,dfa_random,4.0,0.0,0.0,14.0,512.0,0.15,0.0,0.676025390625
low_sample_noisy,dfa_random,3.0,2.0,0.0,14.0,512.0,0.15,0.0,0.71728515625
low_sample_noisy,dfa_random,4.0,1.0,0.0,14.0,512.0,0.15,0.0,0.6689453125
nuisance_dominant,dfa_random,0.0,1.0,0.0,14.0,1024.0,0.05,0.2,0.400390625
task_aligned,dfa_random,2.0,2.0,0.0,14.0,4096.0,0.05,0.4,0.861328125
task_aligned,dfa_random,2.0,1.0,0.0,14.0,4096.0,0.05,0.4,0.828857421875
low_sample_noisy,dfa_random,3.0,1.0,0.0,14.0,512.0,0.15,0.0,0.69287109375
task_aligned,dfa_random,3.0,0.0,0.0,14.0,1024.0,0.15,0.2,0.86767578125
nuisance_dominant,dfa_random,1.0,1.0,0.0,14.0,2048.0,0.05,0.0,0.767333984375
nuisance_dominant,dfa_random,2.0,1.0,0.0,14.0,2048.0,0.05,0.0,0.81982421875
nuisance_dominant,dfa_random,2.0,0.0,0.0,14.0,2048.0,0.05,0.0,0.8310546875
low_sample_noisy,dfa_random,4.0,2.0,0.0,14.0,4096.0,0.15,0.2,0.72265625
task_aligned,dfa_random,2.0,2.0,0.0,14.0,1024.0,0.15,0.2,0.834228515625
nuisance_dominant,dfa_random,0.0,2.0,0.0,14.0,2048.0,0.05,0.0,0.817626953125
nuisance_dominant,dfa_random,1.0,0.0,0.0,14.0,2048.0,0.05,0.0,0.7138671875
task_aligned,dfa_random,4.0,1.0,0.0,14.0,4096.0,0.15,0.4,0.79736328125
low_sample_noisy,dfa_random,4.0,1.0,0.0,14.0,4096.0,0.15,0.2,0.740966796875
low_sample_noisy,dfa_random,4.0,0.0,0.0,14.0,4096.0,0.15,0.2,0.736572265625
low_sample_noisy,dfa_random,3.0,2.0,0.0,14.0,4096.0,0.15,0.2,0.74755859375
low_sample_noisy,dfa_random,0.0,0.0,0.0,14.0,4096.0,0.05,0.4,0.611083984375
nuisance_dominant,dfa_random,0.0,0.0,0.0,14.0,2048.0,0.05,0.0,0.8037109375
low_sample_noisy,dfa_random,3.0,1.0,0.0,14.0,4096.0,0.15,0.2,0.74169921875
task_aligned,dfa_random,4.0,2.0,0.0,14.0,4096.0,0.15,0.4,0.7880859375
nuisance_dominant,dfa_random,4.0,1.0,0.0,14.0,1024.0,0.15,0.1,0.483642578125
nuisance_dominant,dfa_random,4.0,0.0,0.0,14.0,1024.0,0.15,0.1,0.458984375
nuisance_dominant,dfa_random,0.0,0.0,0.0,14.0,1024.0,0.05,0.2,0.376953125
nuisance_dominant,dfa_random,4.0,2.0,0.0,14.0,1024.0,0.15,0.1,0.482421875
low_sample_noisy,dfa_random,1.0,1.0,0.0,14.0,512.0,0.05,0.1,0.51953125
task_aligned,dfa_random,0.0,2.0,0.0,14.0,1024.0,0.15,0.4,0.777587890625
task_aligned,dfa_random,0.0,1.0,0.0,14.0,1024.0,0.15,0.4,0.767333984375
low_sample_noisy,dfa_random,0.0,0.0,0.0,14.0,512.0,0.05,0.1,0.572021484375
low_sample_noisy,dfa_random,1.0,0.0,0.0,14.0,512.0,0.05,0.1,0.508544921875
low_sample_noisy,dfa_random,0.0,2.0,0.0,14.0,512.0,0.05,0.1,0.5810546875
low_sample_noisy,dfa_random,1.0,2.0,0.0,14.0,512.0,0.05,0.1,0.527587890625
nuisance_dominant,dfa_random,3.0,0.0,0.0,14.0,1024.0,0.15,0.1,0.492919921875
task_aligned,dfa_random,2.0,0.0,0.0,14.0,4096.0,0.05,0.4,0.864013671875
task_aligned,dfa_random,1.0,2.0,0.0,14.0,4096.0,0.05,0.4,0.82421875
task_aligned,dfa_random,1.0,1.0,0.0,14.0,4096.0,0.05,0.4,0.8662109375
low_sample_noisy,dfa_random,4.0,2.0,0.0,14.0,512.0,0.15,0.0,0.71142578125
low_sample_noisy,dfa_random,0.0,1.0,0.0,14.0,512.0,0.05,0.1,0.58740234375
nuisance_dominant,dfa_random,2.0,2.0,0.0,14.0,2048.0,0.05,0.0,0.826416015625
nuisance_dominant,dfa_random,3.0,2.0,0.0,14.0,2048.0,0.05,0.0,0.83349609375
nuisance_dominant,dfa_random,3.0,1.0,0.0,14.0,2048.0,0.05,0.0,0.83251953125
nuisance_dominant,dfa_random,4.0,0.0,0.0,14.0,2048.0,0.05,0.0,0.8134765625
low_sample_noisy,dfa_random,2.0,2.0,0.0,14.0,4096.0,0.15,0.2,0.732666015625
task_aligned,dfa_random,2.0,1.0,0.0,14.0,1024.0,0.15,0.2,0.78173828125
task_aligned,dfa_random,2.0,0.0,0.0,14.0,1024.0,0.15,0.2,0.787353515625
nuisance_dominant,dfa_random,3.0,0.0,0.0,14.0,2048.0,0.05,0.0,0.8271484375
low_sample_noisy,dfa_random,1.0,2.0,0.0,14.0,4096.0,0.15,0.2,0.71533203125
task_aligned,dfa_random,0.0,1.0,0.0,14.0,512.0,0.05,0.0,0.93359375
low_sample_noisy,dfa_random,2.0,1.0,0.0,14.0,4096.0,0.15,0.2,0.749755859375
low_sample_noisy,dfa_random,2.0,0.0,0.0,14.0,4096.0,0.15,0.2,0.739990234375
low_sample_noisy,dfa_random,3.0,0.0,0.0,14.0,4096.0,0.15,0.2,0.7275390625
nuisance_dominant,dfa_random,1.0,2.0,0.0,14.0,2048.0,0.05,0.0,0.767333984375
task_aligned,dfa_random,0.0,0.0,0.0,14.0,512.0,0.05,0.0,0.943359375
low_sample_noisy,dfa_random,1.0,1.0,0.0,14.0,4096.0,0.15,0.2,0.689208984375
low_sample_noisy,dfa_random,1.0,0.0,0.0,14.0,4096.0,0.15,0.2,0.6962890625
nuisance_dominant,dfa_random,2.0,2.0,0.0,14.0,1024.0,0.15,0.1,0.443603515625
nuisance_dominant,dfa_random,3.0,2.0,0.0,14.0,1024.0,0.15,0.1,0.500244140625
nuisance_dominant,dfa_random,3.0,1.0,0.0,14.0,1024.0,0.15,0.1,0.490966796875
low_sample_noisy,dfa_random,2.0,2.0,0.0,14.0,512.0,0.05,0.1,0.631103515625
task_aligned,dfa_random,1.0,0.0,0.0,14.0,1024.0,0.15,0.4,0.671630859375
nuisance_dominant,dfa_random,2.0,1.0,0.0,14.0,1024.0,0.15,0.1,0.4560546875
task_aligned,dfa_random,1.0,1.0,0.0,14.0,1024.0,0.15,0.4,0.6884765625
task_aligned,dfa_random,1.0,0.0,0.0,14.0,4096.0,0.05,0.4,0.83056640625
low_sample_noisy,dfa_random,2.0,1.0,0.0,14.0,512.0,0.05,0.1,0.587890625
low_sample_noisy,dfa_random,3.0,1.0,0.0,14.0,512.0,0.05,0.1,0.63330078125
low_sample_noisy,dfa_random,3.0,0.0,0.0,14.0,512.0,0.05,0.1,0.626708984375
task_aligned,dfa_random,0.0,2.0,0.0,14.0,4096.0,0.05,0.4,0.874755859375
low_sample_noisy,dfa_random,2.0,0.0,0.0,14.0,512.0,0.05,0.1,0.593017578125
nuisance_dominant,dfa_random,0.0,2.0,0.0,14.0,2048.0,0.15,0.0,0.7216796875
nuisance_dominant,dfa_random,0.0,1.0,0.0,14.0,2048.0,0.15,0.0,0.732177734375
nuisance_dominant,dfa_random,1.0,1.0,0.0,14.0,2048.0,0.15,0.0,0.6494140625
nuisance_dominant,dfa_random,1.0,0.0,0.0,14.0,2048.0,0.15,0.0,0.622314453125
task_aligned,dfa_random,1.0,1.0,0.0,14.0,1024.0,0.15,0.2,0.854736328125
task_aligned,dfa_random,1.0,0.0,0.0,14.0,1024.0,0.15,0.2,0.83544921875
nuisance_dominant,dfa_random,4.0,1.0,0.0,14.0,2048.0,0.05,0.0,0.808837890625
nuisance_dominant,dfa_random,0.0,0.0,0.0,14.0,2048.0,0.15,0.0,0.7158203125
nuisance_dominant,dfa_random,4.0,2.0,0.0,14.0,2048.0,0.05,0.0,0.83544921875
low_sample_noisy,dfa_random,0.0,1.0,0.0,14.0,4096.0,0.15,0.2,0.730712890625
low_sample_noisy,dfa_random,0.0,0.0,0.0,14.0,4096.0,0.15,0.2,0.71142578125
low_sample_noisy,dfa_random,0.0,2.0,0.0,14.0,4096.0,0.15,0.2,0.71923828125
task_aligned,dfa_random,1.0,2.0,0.0,14.0,1024.0,0.15,0.2,0.77392578125
task_aligned,dfa_random,1.0,0.0,0.0,14.0,512.0,0.05,0.0,0.923828125
task_aligned,dfa_random,0.0,2.0,0.0,14.0,512.0,0.05,0.0,0.943359375
low_sample_noisy,dfa_random,4.0,2.0,0.0,14.0,4096.0,0.05,0.2,0.76171875
low_sample_noisy,dfa_random,4.0,1.0,0.0,14.0,4096.0,0.05,0.2,0.7666015625
task_aligned,dfa_random,2.0,1.0,0.0,14.0,1024.0,0.15,0.4,0.7001953125
nuisance_dominant,dfa_random,1.0,1.0,0.0,14.0,1024.0,0.15,0.1,0.337646484375
nuisance_dominant,dfa_random,1.0,0.0,0.0,14.0,1024.0,0.15,0.1,0.3310546875
nuisance_dominant,dfa_random,2.0,0.0,0.0,14.0,1024.0,0.15,0.1,0.47607421875
nuisance_dominant,dfa_random,1.0,2.0,0.0,14.0,1024.0,0.15,0.1,0.34765625
task_aligned,dfa_random,2.0,0.0,0.0,14.0,1024.0,0.15,0.4,0.694580078125
task_aligned,dfa_random,1.0,2.0,0.0,14.0,1024.0,0.15,0.4,0.689208984375
nuisance_dominant,dfa_random,0.0,0.0,0.0,14.0,1024.0,0.15,0.1,0.421142578125
nuisance_dominant,dfa_random,0.0,2.0,0.0,14.0,1024.0,0.15,0.1,0.427978515625
nuisance_dominant,dfa_random,0.0,1.0,0.0,14.0,1024.0,0.15,0.1,0.4296875
low_sample_noisy,dfa_random,4.0,2.0,0.0,14.0,512.0,0.05,0.1,0.62109375
low_sample_noisy,dfa_random,4.0,1.0,0.0,14.0,512.0,0.05,0.1,0.587646484375
low_sample_noisy,dfa_random,0.0,0.0,0.0,14.0,512.0,0.15,0.1,0.5498046875
task_aligned,dfa_random,0.0,1.0,0.0,14.0,4096.0,0.05,0.4,0.88818359375
task_aligned,dfa_random,0.0,0.0,0.0,14.0,4096.0,0.05,0.4,0.89306640625
low_sample_noisy,dfa_random,4.0,0.0,0.0,14.0,512.0,0.05,0.1,0.6123046875
low_sample_noisy,dfa_random,3.0,2.0,0.0,14.0,512.0,0.05,0.1,0.671142578125
task_aligned,dfa_random,0.0,2.0,0.0,14.0,1024.0,0.15,0.2,0.87060546875
nuisance_dominant,dfa_random,2.0,0.0,0.0,14.0,2048.0,0.15,0.0,0.744140625
nuisance_dominant,dfa_random,3.0,0.0,0.0,14.0,2048.0,0.15,0.0,0.74853515625
nuisance_dominant,dfa_random,2.0,2.0,0.0,14.0,2048.0,0.15,0.0,0.74169921875
low_sample_noisy,dfa_random,3.0,1.0,0.0,14.0,4096.0,0.05,0.2,0.773193359375
task_aligned,dfa_random,0.0,1.0,0.0,14.0,1024.0,0.15,0.2,0.875244140625
nuisance_dominant,dfa_random,1.0,2.0,0.0,14.0,2048.0,0.15,0.0,0.671142578125
low_sample_noisy,dfa_random,3.0,0.0,0.0,14.0,4096.0,0.05,0.2,0.76708984375
low_sample_noisy,dfa_random,4.0,0.0,0.0,14.0,4096.0,0.05,0.2,0.780517578125
low_sample_noisy,dfa_random,3.0,2.0,0.0,14.0,4096.0,0.05,0.2,0.785400390625
task_aligned,dfa_random,1.0,1.0,0.0,14.0,512.0,0.05,0.0,0.910400390625
low_sample_noisy,dfa_random,2.0,2.0,0.0,14.0,4096.0,0.05,0.2,0.760986328125
task_aligned,dfa_random,1.0,2.0,0.0,14.0,512.0,0.05,0.0,0.913330078125
nuisance_dominant,dfa_random,3.0,1.0,0.0,14.0,1024.0,0.05,0.1,0.5263671875
nuisance_dominant,dfa_random,4.0,1.0,0.0,14.0,1024.0,0.05,0.1,0.527587890625
nuisance_dominant,dfa_random,4.0,0.0,0.0,14.0,1024.0,0.05,0.1,0.504150390625
nuisance_dominant,dfa_random,4.0,2.0,0.0,14.0,1024.0,0.05,0.1,0.52685546875
low_sample_noisy,dfa_random,2.0,0.0,0.0,14.0,512.0,0.15,0.1,0.559814453125
task_aligned,dfa_random,3.0,0.0,0.0,14.0,1024.0,0.15,0.4,0.746337890625
task_aligned,dfa_random,2.0,2.0,0.0,14.0,1024.0,0.15,0.4,0.671142578125
nuisance_dominant,dfa_random,3.0,2.0,0.0,14.0,1024.0,0.05,0.1,0.544677734375
low_sample_noisy,dfa_random,1.0,0.0,0.0,14.0,512.0,0.15,0.1,0.47802734375
low_sample_noisy,dfa_random,0.0,2.0,0.0,14.0,512.0,0.15,0.1,0.545166015625
low_sample_noisy,dfa_random,1.0,2.0,0.0,14.0,512.0,0.15,0.1,0.505859375
low_sample_noisy,dfa_random,1.0,1.0,0.0,14.0,512.0,0.15,0.1,0.49853515625
low_sample_noisy,dfa_random,2.0,1.0,0.0,14.0,512.0,0.15,0.1,0.548095703125
nuisance_dominant,dfa_random,2.0,1.0,0.0,14.0,1024.0,0.05,0.1,0.49609375
task_aligned,dfa_random,4.0,2.0,0.0,14.0,4096.0,0.15,0.2,0.884033203125
task_aligned,dfa_random,4.0,1.0,0.0,14.0,4096.0,0.15,0.2,0.89404296875
low_sample_noisy,dfa_random,0.0,1.0,0.0,14.0,512.0,0.15,0.1,0.5556640625
nuisance_dominant,dfa_random,3.0,2.0,0.0,14.0,2048.0,0.15,0.0,0.7646484375
nuisance_dominant,dfa_random,3.0,1.0,0.0,14.0,2048.0,0.15,0.0,0.764892578125
nuisance_dominant,dfa_random,4.0,1.0,0.0,14.0,2048.0,0.15,0.0,0.73046875
nuisance_dominant,dfa_random,4.0,0.0,0.0,14.0,2048.0,0.15,0.0,0.7333984375
low_sample_noisy,dfa_random,2.0,0.0,0.0,14.0,4096.0,0.05,0.2,0.7705078125
task_aligned,dfa_random,0.0,0.0,0.0,14.0,1024.0,0.15,0.2,0.894287109375
task_aligned,dfa_random,4.0,2.0,0.0,14.0,1024.0,0.05,0.2,0.893798828125
low_sample_noisy,dfa_random,0.0,2.0,0.0,14.0,4096.0,0.05,0.2,0.75537109375
task_aligned,dfa_random,2.0,2.0,0.0,14.0,512.0,0.05,0.0,0.94091796875
low_sample_noisy,dfa_random,1.0,2.0,0.0,14.0,4096.0,0.05,0.2,0.746826171875
low_sample_noisy,dfa_random,1.0,1.0,0.0,14.0,4096.0,0.05,0.2,0.73779296875
low_sample_noisy,dfa_random,2.0,1.0,0.0,14.0,4096.0,0.05,0.2,0.77490234375
nuisance_dominant,dfa_random,2.0,1.0,0.0,14.0,2048.0,0.15,0.0,0.727294921875
task_aligned,dfa_random,2.0,1.0,0.0,14.0,512.0,0.05,0.0,0.939453125
task_aligned,dfa_random,2.0,0.0,0.0,14.0,512.0,0.05,0.0,0.92333984375
low_sample_noisy,dfa_random,0.0,1.0,0.0,14.0,4096.0,0.05,0.2,0.77099609375
low_sample_noisy,dfa_random,1.0,0.0,0.0,14.0,4096.0,0.05,0.2,0.73828125
nuisance_dominant,dfa_random,1.0,1.0,0.0,14.0,1024.0,0.05,0.1,0.360595703125
nuisance_dominant,dfa_random,2.0,0.0,0.0,14.0,1024.0,0.05,0.1,0.5146484375
nuisance_dominant,dfa_random,3.0,0.0,0.0,14.0,1024.0,0.05,0.1,0.529541015625
nuisance_dominant,dfa_random,2.0,2.0,0.0,14.0,1024.0,0.05,0.1,0.484619140625
low_sample_noisy,dfa_random,4.0,0.0,0.0,14.0,512.0,0.15,0.1,0.580810546875
task_aligned,dfa_random,3.0,2.0,0.0,14.0,1024.0,0.15,0.4,0.69580078125
task_aligned,dfa_random,3.0,1.0,0.0,14.0,1024.0,0.15,0.4,0.751953125
nuisance_dominant,dfa_random,1.0,2.0,0.0,14.0,1024.0,0.05,0.1,0.3671875
task_aligned,dfa_random,4.0,0.0,0.0,14.0,4096.0,0.15,0.2,0.897216796875
low_sample_noisy,dfa_random,3.0,2.0,0.0,14.0,512.0,0.15,0.1,0.64208984375
low_sample_noisy,dfa_random,3.0,1.0,0.0,14.0,512.0,0.15,0.1,0.5859375
low_sample_noisy,dfa_random,3.0,0.0,0.0,14.0,512.0,0.15,0.1,0.597900390625
low_sample_noisy,dfa_random,4.0,1.0,0.0,14.0,512.0,0.15,0.1,0.574462890625
nuisance_dominant,dfa_random,0.0,2.0,0.0,14.0,1024.0,0.05,0.1,0.468017578125
task_aligned,dfa_random,3.0,2.0,0.0,14.0,4096.0,0.15,0.2,0.897216796875
low_sample_noisy,dfa_random,2.0,2.0,0.0,14.0,512.0,0.15,0.1,0.58642578125
nuisance_dominant,dfa_random,0.0,1.0,0.0,14.0,2048.0,0.05,0.1,0.648681640625
nuisance_dominant,dfa_random,1.0,1.0,0.0,14.0,2048.0,0.05,0.1,0.617919921875
nuisance_dominant,dfa_random,1.0,0.0,0.0,14.0,2048.0,0.05,0.1,0.5908203125
nuisance_dominant,dfa_random,2.0,0.0,0.0,14.0,2048.0,0.05,0.1,0.680419921875
nuisance_dominant,dfa_random,1.0,2.0,0.0,14.0,2048.0,0.05,0.1,0.62353515625
task_aligned,dfa_random,4.0,1.0,0.0,14.0,1024.0,0.05,0.2,0.907470703125
task_aligned,dfa_random,4.0,0.0,0.0,14.0,1024.0,0.05,0.2,0.877197265625
nuisance_dominant,dfa_random,0.0,0.0,0.0,14.0,2048.0,0.05,0.1,0.6455078125
nuisance_dominant,dfa_random,0.0,2.0,0.0,14.0,2048.0,0.05,0.1,0.645751953125
low_sample_noisy,dfa_random,3.0,2.0,0.0,14.0,4096.0,0.15,0.1,0.8095703125
low_sample_noisy,dfa_random,4.0,2.0,0.0,14.0,4096.0,0.15,0.1,0.76904296875
low_sample_noisy,dfa_random,4.0,1.0,0.0,14.0,4096.0,0.15,0.1,0.7822265625
low_sample_noisy,dfa_random,0.0,0.0,0.0,14.0,4096.0,0.05,0.2,0.74951171875
nuisance_dominant,dfa_random,4.0,2.0,0.0,14.0,2048.0,0.15,0.0,0.745849609375
task_aligned,dfa_random,3.0,1.0,0.0,14.0,512.0,0.05,0.0,0.932373046875
task_aligned,dfa_random,3.0,0.0,0.0,14.0,512.0,0.05,0.0,0.936767578125
low_sample_noisy,dfa_random,4.0,0.0,0.0,14.0,4096.0,0.15,0.1,0.78076171875
nuisance_dominant,dfa_random,0.0,1.0,0.0,14.0,1024.0,0.05,0.1,0.47900390625
nuisance_dominant,dfa_random,0.0,0.0,0.0,14.0,1024.0,0.05,0.1,0.462890625
nuisance_dominant,dfa_random,4.0,2.0,0.0,14.0,1024.0,0.15,0.0,0.58056640625
nuisance_dominant,dfa_random,1.0,0.0,0.0,14.0,1024.0,0.05,0.1,0.35595703125
low_sample_noisy,dfa_random,0.0,2.0,0.0,14.0,512.0,0.05,0.2,0.498779296875
nuisance_dominant,dfa_random,4.0,1.0,0.0,14.0,1024.0,0.15,0.0,0.587646484375
task_aligned,dfa_random,4.0,1.0,0.0,14.0,1024.0,0.15,0.4,0.70166015625
task_aligned,dfa_random,4.0,0.0,0.0,14.0,1024.0,0.15,0.4,0.7314453125
low_sample_noisy,dfa_random,0.0,1.0,0.0,14.0,512.0,0.05,0.2,0.5419921875
low_sample_noisy,dfa_random,1.0,1.0,0.0,14.0,512.0,0.05,0.2,0.44921875
low_sample_noisy,dfa_random,1.0,0.0,0.0,14.0,512.0,0.05,0.2,0.416748046875
nuisance_dominant,dfa_random,3.0,2.0,0.0,14.0,1024.0,0.15,0.0,0.604248046875
task_aligned,dfa_random,3.0,0.0,0.0,14.0,4096.0,0.15,0.2,0.896240234375
low_sample_noisy,dfa_random,4.0,2.0,0.0,14.0,512.0,0.15,0.1,0.596435546875
low_sample_noisy,dfa_random,0.0,0.0,0.0,14.0,512.0,0.05,0.2,0.509033203125
task_aligned,dfa_random,3.0,1.0,0.0,14.0,4096.0,0.15,0.2,0.8779296875
nuisance_dominant,dfa_random,3.0,1.0,0.0,14.0,2048.0,0.05,0.1,0.6943359375
nuisance_dominant,dfa_random,3.0,0.0,0.0,14.0,2048.0,0.05,0.1,0.698486328125
nuisance_dominant,dfa_random,2.0,2.0,0.0,14.0,2048.0,0.05,0.1,0.675048828125
nuisance_dominant,dfa_random,4.0,0.0,0.0,14.0,2048.0,0.05,0.1,0.68505859375
task_aligned,dfa_random,3.0,1.0,0.0,14.0,1024.0,0.05,0.2,0.895751953125
nuisance_dominant,dfa_random,2.0,1.0,0.0,14.0,2048.0,0.05,0.1,0.658203125
task_aligned,dfa_random,3.0,2.0,0.0,14.0,1024.0,0.05,0.2,0.890625
low_sample_noisy,dfa_random,2.0,1.0,0.0,14.0,4096.0,0.15,0.1,0.7958984375
low_sample_noisy,dfa_random,3.0,1.0,0.0,14.0,4096.0,0.15,0.1,0.79833984375
low_sample_noisy,dfa_random,3.0,0.0,0.0,14.0,4096.0,0.15,0.1,0.7958984375
low_sample_noisy,dfa_random,2.0,2.0,0.0,14.0,4096.0,0.15,0.1,0.798095703125
task_aligned,dfa_random,4.0,0.0,0.0,14.0,512.0,0.05,0.0,0.93359375
task_aligned,dfa_random,3.0,2.0,0.0,14.0,512.0,0.05,0.0,0.9345703125
low_sample_noisy,dfa_random,2.0,0.0,0.0,14.0,4096.0,0.15,0.1,0.798095703125
low_sample_noisy,dfa_random,1.0,2.0,0.0,14.0,4096.0,0.15,0.1,0.760498046875
task_aligned,dfa_random,0.0,0.0,0.0,14.0,2048.0,0.05,0.0,0.9521484375
nuisance_dominant,dfa_random,3.0,1.0,0.0,14.0,1024.0,0.15,0.0,0.631103515625
nuisance_dominant,dfa_random,3.0,0.0,0.0,14.0,1024.0,0.15,0.0,0.62109375
nuisance_dominant,dfa_random,4.0,0.0,0.0,14.0,1024.0,0.15,0.0,0.56689453125
task_aligned,dfa_random,4.0,2.0,0.0,14.0,1024.0,0.15,0.4,0.72607421875
nuisance_dominant,dfa_random,2.0,1.0,0.0,14.0,1024.0,0.15,0.0,0.518798828125
nuisance_dominant,dfa_random,2.0,0.0,0.0,14.0,1024.0,0.15,0.0,0.576171875
nuisance_dominant,dfa_random,2.0,2.0,0.0,14.0,1024.0,0.15,0.0,0.563232421875
low_sample_noisy,dfa_random,2.0,2.0,0.0,14.0,512.0,0.05,0.2,0.568359375
low_sample_noisy,dfa_random,2.0,1.0,0.0,14.0,512.0,0.05,0.2,0.52490234375
low_sample_noisy,dfa_random,3.0,0.0,0.0,14.0,512.0,0.05,0.2,0.550048828125
task_aligned,dfa_random,2.0,1.0,0.0,14.0,4096.0,0.15,0.2,0.8857421875
low_sample_noisy,dfa_random,1.0,2.0,0.0,14.0,512.0,0.05,0.2,0.4443359375
low_sample_noisy,dfa_random,2.0,0.0,0.0,14.0,512.0,0.05,0.2,0.54541015625
task_aligned,dfa_random,2.0,2.0,0.0,14.0,4096.0,0.15,0.2,0.88427734375
nuisance_dominant,dfa_random,0.0,0.0,0.0,14.0,2048.0,0.15,0.1,0.58349609375
nuisance_dominant,dfa_random,1.0,0.0,0.0,14.0,2048.0,0.15,0.1,0.5146484375
nuisance_dominant,dfa_random,0.0,2.0,0.0,14.0,2048.0,0.15,0.1,0.58544921875
low_sample_noisy,dfa_random,1.0,0.0,0.0,14.0,4096.0,0.15,0.1,0.75146484375
task_aligned,dfa_random,2.0,2.0,0.0,14.0,1024.0,0.05,0.2,0.8642578125
nuisance_dominant,dfa_random,4.0,1.0,0.0,14.0,2048.0,0.05,0.1,0.68310546875
nuisance_dominant,dfa_random,4.0,2.0,0.0,14.0,2048.0,0.05,0.1,0.6904296875
task_aligned,dfa_random,3.0,0.0,0.0,14.0,1024.0,0.05,0.2,0.892822265625
low_sample_noisy,dfa_random,0.0,2.0,0.0,14.0,4096.0,0.15,0.1,0.790283203125
low_sample_noisy,dfa_random,0.0,1.0,0.0,14.0,4096.0,0.15,0.1,0.79345703125
low_sample_noisy,dfa_random,0.0,0.0,0.0,14.0,4096.0,0.15,0.1,0.7734375
low_sample_noisy,dfa_random,1.0,1.0,0.0,14.0,4096.0,0.15,0.1,0.760009765625
nuisance_dominant,dfa_random,3.0,2.0,0.0,14.0,2048.0,0.05,0.1,0.709716796875
low_sample_noisy,dfa_random,4.0,2.0,0.0,14.0,4096.0,0.05,0.1,0.82177734375
task_aligned,dfa_random,4.0,2.0,0.0,14.0,512.0,0.05,0.0,0.93359375
task_aligned,dfa_random,4.0,1.0,0.0,14.0,512.0,0.05,0.0,0.9345703125
task_aligned,dfa_random,0.0,2.0,0.0,14.0,2048.0,0.05,0.0,0.95068359375
nuisance_dominant,dfa_random,1.0,1.0,0.0,14.0,1024.0,0.15,0.0,0.410888671875
nuisance_dominant,dfa_random,1.0,0.0,0.0,14.0,1024.0,0.15,0.0,0.407470703125
nuisance_dominant,dfa_random,1.0,2.0,0.0,14.0,1024.0,0.15,0.0,0.44189453125
low_sample_noisy,dfa_random,0.0,0.0,0.0,14.0,512.0,0.15,0.2,0.4853515625
task_aligned,dfa_random,0.0,1.0,0.0,14.0,2048.0,0.05,0.0,0.9482421875
nuisance_dominant,dfa_random,0.0,1.0,0.0,14.0,1024.0,0.15,0.0,0.532470703125
nuisance_dominant,dfa_random,0.0,2.0,0.0,14.0,1024.0,0.15,0.0,0.5224609375
low_sample_noisy,dfa_random,3.0,2.0,0.0,14.0,512.0,0.05,0.2,0.577392578125
low_sample_noisy,dfa_random,3.0,1.0,0.0,14.0,512.0,0.05,0.2,0.5625
low_sample_noisy,dfa_random,4.0,2.0,0.0,14.0,512.0,0.05,0.2,0.513427734375
low_sample_noisy,dfa_random,4.0,1.0,0.0,14.0,512.0,0.05,0.2,0.52392578125
low_sample_noisy,dfa_random,0.0,1.0,0.0,14.0,512.0,0.15,0.2,0.52587890625
nuisance_dominant,dfa_random,4.0,1.0,0.0,14.0,1024.0,0.05,0.0,0.665771484375
task_aligned,dfa_random,2.0,0.0,0.0,14.0,4096.0,0.15,0.2,0.89501953125
task_aligned,dfa_random,1.0,2.0,0.0,14.0,4096.0,0.15,0.2,0.871826171875
low_sample_noisy,dfa_random,4.0,0.0,0.0,14.0,512.0,0.05,0.2,0.53173828125
nuisance_dominant,dfa_random,1.0,2.0,0.0,14.0,2048.0,0.15,0.1,0.552001953125
task_aligned,dfa_random,2.0,1.0,0.0,14.0,1024.0,0.05,0.2,0.827880859375
nuisance_dominant,dfa_random,2.0,1.0,0.0,14.0,2048.0,0.15,0.1,0.606689453125
nuisance_dominant,dfa_random,2.0,0.0,0.0,14.0,2048.0,0.15,0.1,0.625244140625
low_sample_noisy,dfa_random,4.0,1.0,0.0,14.0,4096.0,0.05,0.1,0.821533203125
low_sample_noisy,dfa_random,4.0,0.0,0.0,14.0,4096.0,0.05,0.1,0.82763671875
task_aligned,dfa_random,2.0,0.0,0.0,14.0,1024.0,0.05,0.2,0.860595703125
nuisance_dominant,dfa_random,1.0,1.0,0.0,14.0,2048.0,0.15,0.1,0.530029296875
low_sample_noisy,dfa_random,3.0,0.0,0.0,14.0,4096.0,0.05,0.1,0.826416015625
task_aligned,dfa_random,0.0,1.0,0.0,14.0,512.0,0.15,0.0,0.9189453125
low_sample_noisy,dfa_random,3.0,2.0,0.0,14.0,4096.0,0.05,0.1,0.846435546875
low_sample_noisy,dfa_random,3.0,1.0,0.0,14.0,4096.0,0.05,0.1,0.84033203125
nuisance_dominant,dfa_random,0.0,1.0,0.0,14.0,2048.0,0.15,0.1,0.581298828125
task_aligned,dfa_random,0.0,0.0,0.0,14.0,512.0,0.15,0.0,0.923095703125
low_sample_noisy,dfa_random,2.0,2.0,0.0,14.0,4096.0,0.05,0.1,0.831787109375
low_sample_noisy,dfa_random,2.0,1.0,0.0,14.0,4096.0,0.05,0.1,0.837646484375
task_aligned,dfa_random,1.0,0.0,0.0,14.0,2048.0,0.05,0.0,0.937255859375
nuisance_dominant,dfa_random,4.0,0.0,0.0,14.0,1024.0,0.05,0.0,0.6318359375
nuisance_dominant,dfa_random,0.0,0.0,0.0,14.0,1024.0,0.15,0.0,0.51904296875
nuisance_dominant,dfa_random,4.0,2.0,0.0,14.0,1024.0,0.05,0.0,0.6640625
low_sample_noisy,dfa_random,1.0,2.0,0.0,14.0,512.0,0.15,0.2,0.419921875
nuisance_dominant,dfa_random,3.0,2.0,0.0,14.0,1024.0,0.05,0.0,0.663330078125
nuisance_dominant,dfa_random,3.0,1.0,0.0,14.0,1024.0,0.05,0.0,0.6884765625
task_aligned,dfa_random,1.0,1.0,0.0,14.0,2048.0,0.05,0.0,0.93408203125
task_aligned,dfa_random,1.0,1.0,0.0,14.0,4096.0,0.15,0.2,0.89990234375
low_sample_noisy,dfa_random,1.0,1.0,0.0,14.0,512.0,0.15,0.2,0.435302734375
low_sample_noisy,dfa_random,1.0,0.0,0.0,14.0,512.0,0.15,0.2,0.400146484375
low_sample_noisy,dfa_random,2.0,0.0,0.0,14.0,512.0,0.15,0.2,0.521484375
nuisance_dominant,dfa_random,2.0,2.0,0.0,14.0,1024.0,0.05,0.0,0.6220703125
task_aligned,dfa_random,1.0,0.0,0.0,14.0,4096.0,0.15,0.2,0.876708984375
task_aligned,dfa_random,0.0,2.0,0.0,14.0,4096.0,0.15,0.2,0.907470703125
low_sample_noisy,dfa_random,0.0,2.0,0.0,14.0,512.0,0.15,0.2,0.47509765625
nuisance_dominant,dfa_random,3.0,0.0,0.0,14.0,2048.0,0.15,0.1,0.65869140625
nuisance_dominant,dfa_random,4.0,1.0,0.0,14.0,2048.0,0.15,0.1,0.619873046875
nuisance_dominant,dfa_random,4.0,0.0,0.0,14.0,2048.0,0.15,0.1,0.614013671875
nuisance_dominant,dfa_random,0.0,0.0,0.0,14.0,2048.0,0.05,0.2,0.53857421875
nuisance_dominant,dfa_random,4.0,2.0,0.0,14.0,2048.0,0.15,0.1,0.6279296875
task_aligned,dfa_random,1.0,2.0,0.0,14.0,1024.0,0.05,0.2,0.842041015625
task_aligned,dfa_random,1.0,1.0,0.0,14.0,1024.0,0.05,0.2,0.881103515625
nuisance_dominant,dfa_random,3.0,2.0,0.0,14.0,2048.0,0.15,0.1,0.6533203125
nuisance_dominant,dfa_random,3.0,1.0,0.0,14.0,2048.0,0.15,0.1,0.64453125
task_aligned,dfa_random,1.0,0.0,0.0,14.0,512.0,0.15,0.0,0.901611328125
low_sample_noisy,dfa_random,1.0,2.0,0.0,14.0,4096.0,0.05,0.1,0.81689453125
low_sample_noisy,dfa_random,1.0,1.0,0.0,14.0,4096.0,0.05,0.1,0.799560546875
low_sample_noisy,dfa_random,2.0,0.0,0.0,14.0,4096.0,0.05,0.1,0.837890625
nuisance_dominant,dfa_random,2.0,2.0,0.0,14.0,2048.0,0.15,0.1,0.619873046875
task_aligned,dfa_random,0.0,2.0,0.0,14.0,512.0,0.15,0.0,0.924072265625
low_sample_noisy,dfa_random,0.0,2.0,0.0,14.0,4096.0,0.05,0.1,0.835693359375
low_sample_noisy,dfa_random,1.0,0.0,0.0,14.0,4096.0,0.05,0.1,0.80712890625
nuisance_dominant,dfa_random,2.0,1.0,0.0,14.0,1024.0,0.05,0.0,0.588134765625
nuisance_dominant,dfa_random,2.0,0.0,0.0,14.0,1024.0,0.05,0.0,0.63134765625
nuisance_dominant,dfa_random,3.0,0.0,0.0,14.0,1024.0,0.05,0.0,0.681884765625
task_aligned,dfa_random,1.0,2.0,0.0,14.0,2048.0,0.05,0.0,0.9482421875
nuisance_dominant,dfa_random,1.0,2.0,0.0,14.0,1024.0,0.05,0.0,0.4921875
task_aligned,dfa_random,2.0,1.0,0.0,14.0,2048.0,0.05,0.0,0.94677734375
task_aligned,dfa_random,2.0,0.0,0.0,14.0,2048.0,0.05,0.0,0.958740234375
low_sample_noisy,dfa_random,3.0,0.0,0.0,14.0,512.0,0.15,0.2,0.512939453125
low_sample_noisy,dfa_random,4.0,0.0,0.0,14.0,512.0,0.15,0.2,0.505615234375
low_sample_noisy,dfa_random,3.0,2.0,0.0,14.0,512.0,0.15,0.2,0.547607421875
low_sample_noisy,dfa_random,3.0,1.0,0.0,14.0,512.0,0.15,0.2,0.533935546875
task_aligned,dfa_random,0.0,0.0,0.0,14.0,4096.0,0.15,0.2,0.9013671875
low_sample_noisy,dfa_random,2.0,1.0,0.0,14.0,512.0,0.15,0.2,0.490966796875
low_sample_noisy,dfa_random,2.0,2.0,0.0,14.0,512.0,0.15,0.2,0.52978515625
task_aligned,dfa_random,0.0,1.0,0.0,14.0,4096.0,0.15,0.2,0.906005859375
task_aligned,dfa_random,1.0,0.0,0.0,14.0,1024.0,0.05,0.2,0.87646484375
nuisance_dominant,dfa_random,1.0,0.0,0.0,14.0,2048.0,0.05,0.2,0.502197265625
nuisance_dominant,dfa_random,0.0,2.0,0.0,14.0,2048.0,0.05,0.2,0.53662109375
nuisance_dominant,dfa_random,1.0,2.0,0.0,14.0,2048.0,0.05,0.2,0.51220703125
task_aligned,dfa_random,0.0,2.0,0.0,14.0,1024.0,0.05,0.2,0.90478515625
task_aligned,dfa_random,0.0,1.0,0.0,14.0,1024.0,0.05,0.2,0.9013671875
nuisance_dominant,dfa_random,0.0,1.0,0.0,14.0,2048.0,0.05,0.2,0.5576171875
low_sample_noisy,dfa_random,4.0,1.0,0.0,14.0,4096.0,0.15,0.0,0.859619140625
low_sample_noisy,dfa_random,0.0,1.0,0.0,14.0,4096.0,0.05,0.1,0.833740234375
low_sample_noisy,dfa_random,0.0,0.0,0.0,14.0,4096.0,0.05,0.1,0.812744140625
low_sample_noisy,dfa_random,4.0,2.0,0.0,14.0,4096.0,0.15,0.0,0.8671875
low_sample_noisy,dfa_random,4.0,0.0,0.0,14.0,4096.0,0.15,0.0,0.874755859375
low_sample_noisy,dfa_random,3.0,2.0,0.0,14.0,4096.0,0.15,0.0,0.875
task_aligned,dfa_random,1.0,2.0,0.0,14.0,512.0,0.15,0.0,0.899169921875
task_aligned,dfa_random,1.0,1.0,0.0,14.0,512.0,0.15,0.0,0.889404296875
task_aligned,dfa_random,3.0,0.0,0.0,14.0,2048.0,0.05,0.0,0.94482421875
nuisance_dominant,dfa_random,0.0,2.0,0.0,14.0,1024.0,0.05,0.0,0.593017578125
nuisance_dominant,dfa_random,0.0,1.0,0.0,14.0,1024.0,0.05,0.0,0.585205078125
nuisance_dominant,dfa_random,1.0,1.0,0.0,14.0,1024.0,0.05,0.0,0.46240234375
nuisance_dominant,dfa_random,1.0,0.0,0.0,14.0,1024.0,0.05,0.0,0.43701171875
task_aligned,dfa_random,2.0,2.0,0.0,14.0,2048.0,0.05,0.0,0.954833984375
mixed_context,dfa_random,4.0,2.0,0.0,14.0,512.0,0.15,0.4,0.26708984375
mixed_context,dfa_random,4.0,1.0,0.0,14.0,512.0,0.15,0.4,0.267578125
nuisance_dominant,dfa_random,0.0,0.0,0.0,14.0,1024.0,0.05,0.0,0.576416015625
low_sample_noisy,dfa_random,4.0,1.0,0.0,14.0,512.0,0.15,0.2,0.506103515625
low_sample_noisy,dfa_random,0.0,1.0,0.0,14.0,512.0,0.05,0.4,0.390869140625
low_sample_noisy,dfa_random,0.0,0.0,0.0,14.0,512.0,0.05,0.4,0.398681640625
low_sample_noisy,dfa_random,0.0,2.0,0.0,14.0,512.0,0.05,0.4,0.38037109375
mixed_context,dfa_random,4.0,0.0,0.0,14.0,512.0,0.15,0.4,0.255859375
task_aligned,dfa_random,4.0,2.0,0.0,14.0,4096.0,0.05,0.2,0.929931640625
task_aligned,dfa_random,4.0,1.0,0.0,14.0,4096.0,0.05,0.2,0.919677734375
low_sample_noisy,dfa_random,4.0,2.0,0.0,14.0,512.0,0.15,0.2,0.496337890625
task_aligned,dfa_random,0.0,0.0,0.0,14.0,1024.0,0.05,0.2,0.908935546875
nuisance_dominant,dfa_random,2.0,2.0,0.0,14.0,2048.0,0.05,0.2,0.566650390625
nuisance_dominant,dfa_random,3.0,2.0,0.0,14.0,2048.0,0.05,0.2,0.611328125
nuisance_dominant,dfa_random,3.0,1.0,0.0,14.0,2048.0,0.05,0.2,0.600341796875
low_sample_noisy,dfa_random,3.0,0.0,0.0,14.0,4096.0,0.15,0.0,0.866455078125
task_aligned,dfa_random,4.0,2.0,0.0,14.0,1024.0,0.15,0.1,0.8876953125
nuisance_dominant,dfa_random,2.0,0.0,0.0,14.0,2048.0,0.05,0.2,0.573974609375
nuisance_dominant,dfa_random,2.0,1.0,0.0,14.0,2048.0,0.05,0.2,0.560546875
task_aligned,dfa_random,2.0,1.0,0.0,14.0,512.0,0.15,0.0,0.918701171875
low_sample_noisy,dfa_random,2.0,2.0,0.0,14.0,4096.0,0.15,0.0,0.875244140625
low_sample_noisy,dfa_random,2.0,1.0,0.0,14.0,4096.0,0.15,0.0,0.876953125
low_sample_noisy,dfa_random,3.0,1.0,0.0,14.0,4096.0,0.15,0.0,0.872802734375
nuisance_dominant,dfa_random,1.0,1.0,0.0,14.0,2048.0,0.05,0.2,0.518310546875
task_aligned,dfa_random,2.0,0.0,0.0,14.0,512.0,0.15,0.0,0.91162109375
low_sample_noisy,dfa_random,2.0,0.0,0.0,14.0,4096.0,0.15,0.0,0.876220703125
task_aligned,dfa_random,2.0,2.0,0.0,14.0,512.0,0.15,0.0,0.923095703125
mixed_context,dfa_random,3.0,0.0,0.0,14.0,512.0,0.15,0.4,0.27197265625
mixed_context,dfa_random,2.0,2.0,0.0,14.0,512.0,0.15,0.4,0.248291015625
mixed_context,dfa_random,3.0,2.0,0.0,14.0,512.0,0.15,0.4,0.26318359375
mixed_context,dfa_random,3.0,1.0,0.0,14.0,512.0,0.15,0.4,0.254638671875
low_sample_noisy,dfa_random,3.0,0.0,0.0,14.0,512.0,0.05,0.4,0.370849609375
low_sample_noisy,dfa_random,2.0,2.0,0.0,14.0,512.0,0.05,0.4,0.35205078125
task_aligned,dfa_random,3.0,2.0,0.0,14.0,2048.0,0.05,0.0,0.952392578125
task_aligned,dfa_random,3.0,1.0,0.0,14.0,2048.0,0.05,0.0,0.95751953125
low_sample_noisy,dfa_random,1.0,2.0,0.0,14.0,512.0,0.05,0.4,0.311279296875
low_sample_noisy,dfa_random,1.0,1.0,0.0,14.0,512.0,0.05,0.4,0.326904296875
low_sample_noisy,dfa_random,2.0,1.0,0.0,14.0,512.0,0.05,0.4,0.34228515625
low_sample_noisy,dfa_random,2.0,0.0,0.0,14.0,512.0,0.05,0.4,0.35205078125
mixed_context,dfa_random,1.0,2.0,0.0,14.0,512.0,0.15,0.4,0.237548828125
task_aligned,dfa_random,4.0,0.0,0.0,14.0,4096.0,0.05,0.2,0.935302734375
task_aligned,dfa_random,3.0,2.0,0.0,14.0,4096.0,0.05,0.2,0.923828125
low_sample_noisy,dfa_random,1.0,0.0,0.0,14.0,512.0,0.05,0.4,0.314453125
nuisance_dominant,dfa_random,4.0,0.0,0.0,14.0,2048.0,0.05,0.2,0.58740234375
nuisance_dominant,dfa_random,0.0,0.0,0.0,14.0,2048.0,0.15,0.2,0.49169921875
nuisance_dominant,dfa_random,4.0,2.0,0.0,14.0,2048.0,0.05,0.2,0.574462890625
nuisance_dominant,dfa_random,0.0,1.0,0.0,14.0,2048.0,0.15,0.2,0.509765625
low_sample_noisy,dfa_random,1.0,1.0,0.0,14.0,4096.0,0.15,0.0,0.835693359375
task_aligned,dfa_random,4.0,1.0,0.0,14.0,1024.0,0.15,0.1,0.893798828125
task_aligned,dfa_random,4.0,0.0,0.0,14.0,1024.0,0.15,0.1,0.87841796875
nuisance_dominant,dfa_random,4.0,1.0,0.0,14.0,2048.0,0.05,0.2,0.582275390625
low_sample_noisy,dfa_random,0.0,1.0,0.0,14.0,4096.0,0.15,0.0,0.869384765625
task_aligned,dfa_random,3.0,1.0,0.0,14.0,512.0,0.15,0.0,0.916015625
low_sample_noisy,dfa_random,1.0,0.0,0.0,14.0,4096.0,0.15,0.0,0.837158203125
low_sample_noisy,dfa_random,0.0,2.0,0.0,14.0,4096.0,0.15,0.0,0.860107421875
low_sample_noisy,dfa_random,1.0,2.0,0.0,14.0,4096.0,0.15,0.0,0.849365234375
nuisance_dominant,dfa_random,3.0,0.0,0.0,14.0,2048.0,0.05,0.2,0.60791015625
task_aligned,dfa_random,3.0,0.0,0.0,14.0,512.0,0.15,0.0,0.918212890625
low_sample_noisy,dfa_random,0.0,0.0,0.0,14.0,4096.0,0.15,0.0,0.862548828125
low_sample_noisy,dfa_random,4.0,2.0,0.0,14.0,4096.0,0.05,0.0,0.917236328125
mixed_context,dfa_random,1.0,1.0,0.0,14.0,512.0,0.15,0.4,0.235107421875
mixed_context,dfa_random,2.0,1.0,0.0,14.0,512.0,0.15,0.4,0.252197265625
mixed_context,dfa_random,2.0,0.0,0.0,14.0,512.0,0.15,0.4,0.2490234375
low_sample_noisy,dfa_random,4.0,2.0,0.0,14.0,512.0,0.05,0.4,0.36669921875
task_aligned,dfa_random,4.0,0.0,0.0,14.0,2048.0,0.05,0.0,0.9560546875
mixed_context,dfa_random,1.0,0.0,0.0,14.0,512.0,0.15,0.4,0.237060546875
mixed_context,dfa_random,0.0,2.0,0.0,14.0,512.0,0.15,0.4,0.279296875
task_aligned,dfa_random,4.0,1.0,0.0,14.0,2048.0,0.05,0.0,0.956787109375
low_sample_noisy,dfa_random,4.0,1.0,0.0,14.0,512.0,0.05,0.4,0.361572265625
low_sample_noisy,dfa_random,4.0,0.0,0.0,14.0,512.0,0.05,0.4,0.362060546875
low_sample_noisy,dfa_random,3.0,2.0,0.0,14.0,512.0,0.05,0.4,0.37548828125
low_sample_noisy,dfa_random,0.0,0.0,0.0,14.0,512.0,0.15,0.4,0.385009765625
mixed_context,dfa_random,0.0,0.0,0.0,14.0,512.0,0.15,0.4,0.290283203125
task_aligned,dfa_random,3.0,0.0,0.0,14.0,4096.0,0.05,0.2,0.92529296875
low_sample_noisy,dfa_random,3.0,1.0,0.0,14.0,512.0,0.05,0.4,0.395751953125
task_aligned,dfa_random,3.0,1.0,0.0,14.0,4096.0,0.05,0.2,0.909912109375
nuisance_dominant,dfa_random,2.0,0.0,0.0,14.0,2048.0,0.15,0.2,0.520263671875
nuisance_dominant,dfa_random,1.0,2.0,0.0,14.0,2048.0,0.15,0.2,0.47119140625
nuisance_dominant,dfa_random,2.0,2.0,0.0,14.0,2048.0,0.15,0.2,0.523681640625
task_aligned,dfa_random,3.0,2.0,0.0,14.0,1024.0,0.15,0.1,0.90771484375
task_aligned,dfa_random,3.0,1.0,0.0,14.0,1024.0,0.15,0.1,0.891845703125
nuisance_dominant,dfa_random,0.0,2.0,0.0,14.0,2048.0,0.15,0.2,0.50830078125
nuisance_dominant,dfa_random,1.0,1.0,0.0,14.0,2048.0,0.15,0.2,0.447509765625
nuisance_dominant,dfa_random,1.0,0.0,0.0,14.0,2048.0,0.15,0.2,0.4580078125
low_sample_noisy,dfa_random,4.0,0.0,0.0,14.0,4096.0,0.05,0.0,0.92431640625
low_sample_noisy,dfa_random,3.0,2.0,0.0,14.0,4096.0,0.05,0.0,0.91259765625
low_sample_noisy,dfa_random,4.0,1.0,0.0,14.0,4096.0,0.05,0.0,0.915283203125
task_aligned,dfa_random,4.0,0.0,0.0,14.0,512.0,0.15,0.0,0.918212890625
task_aligned,dfa_random,3.0,2.0,0.0,14.0,512.0,0.15,0.0,0.91455078125
low_sample_noisy,dfa_random,3.0,1.0,0.0,14.0,4096.0,0.05,0.0,0.922607421875
low_sample_noisy,dfa_random,3.0,0.0,0.0,14.0,4096.0,0.05,0.0,0.921630859375
mixed_context,dfa_random,4.0,2.0,0.0,14.0,512.0,0.05,0.4,0.271728515625
mixed_context,dfa_random,4.0,1.0,0.0,14.0,512.0,0.05,0.4,0.269287109375
mixed_context,dfa_random,4.0,0.0,0.0,14.0,512.0,0.05,0.4,0.26611328125
mixed_context,dfa_random,0.0,1.0,0.0,14.0,512.0,0.15,0.4,0.282470703125
mixed_context,dfa_random,3.0,2.0,0.0,14.0,512.0,0.05,0.4,0.2724609375
task_aligned,dfa_random,0.0,0.0,0.0,14.0,2048.0,0.15,0.0,0.939208984375
task_aligned,dfa_random,4.0,2.0,0.0,14.0,2048.0,0.05,0.0,0.9365234375
low_sample_noisy,dfa_random,1.0,0.0,0.0,14.0,512.0,0.15,0.4,0.29541015625
low_sample_noisy,dfa_random,2.0,0.0,0.0,14.0,512.0,0.15,0.4,0.34228515625
low_sample_noisy,dfa_random,1.0,2.0,0.0,14.0,512.0,0.15,0.4,0.302001953125
low_sample_noisy,dfa_random,1.0,1.0,0.0,14.0,512.0,0.15,0.4,0.3232421875
task_aligned,dfa_random,2.0,1.0,0.0,14.0,4096.0,0.05,0.2,0.91259765625
low_sample_noisy,dfa_random,0.0,1.0,0.0,14.0,512.0,0.15,0.4,0.38720703125
low_sample_noisy,dfa_random,0.0,2.0,0.0,14.0,512.0,0.15,0.4,0.373291015625
task_aligned,dfa_random,2.0,2.0,0.0,14.0,4096.0,0.05,0.2,0.908203125
nuisance_dominant,dfa_random,4.0,0.0,0.0,14.0,2048.0,0.15,0.2,0.554931640625
nuisance_dominant,dfa_random,3.0,2.0,0.0,14.0,2048.0,0.15,0.2,0.580810546875
nuisance_dominant,dfa_random,3.0,1.0,0.0,14.0,2048.0,0.15,0.2,0.5595703125
nuisance_dominant,dfa_random,4.0,2.0,0.0,14.0,2048.0,0.15,0.2,0.53125
low_sample_noisy,dfa_random,2.0,0.0,0.0,14.0,4096.0,0.05,0.0,0.91943359375
task_aligned,dfa_random,2.0,2.0,0.0,14.0,1024.0,0.15,0.1,0.871337890625
nuisance_dominant,dfa_random,3.0,0.0,0.0,14.0,2048.0,0.15,0.2,0.5673828125
task_aligned,dfa_random,3.0,0.0,0.0,14.0,1024.0,0.15,0.1,0.893310546875
low_sample_noisy,dfa_random,1.0,2.0,0.0,14.0,4096.0,0.05,0.0,0.911865234375
low_sample_noisy,dfa_random,2.0,2.0,0.0,14.0,4096.0,0.05,0.0,0.91455078125
low_sample_noisy,dfa_random,2.0,1.0,0.0,14.0,4096.0,0.05,0.0,0.9150390625
nuisance_dominant,dfa_random,2.0,1.0,0.0,14.0,2048.0,0.15,0.2,0.515625
task_aligned,dfa_random,4.0,1.0,0.0,14.0,512.0,0.15,0.0,0.919677734375
low_sample_noisy,dfa_random,1.0,1.0,0.0,14.0,4096.0,0.05,0.0,0.895751953125
low_sample_noisy,dfa_random,1.0,0.0,0.0,14.0,4096.0,0.05,0.0,0.90478515625
task_aligned,dfa_random,4.0,2.0,0.0,14.0,512.0,0.15,0.0,0.922607421875
task_aligned,dfa_random,0.0,2.0,0.0,14.0,2048.0,0.15,0.0,0.935791015625
mixed_context,dfa_random,2.0,2.0,0.0,14.0,512.0,0.05,0.4,0.265625
mixed_context,dfa_random,2.0,1.0,0.0,14.0,512.0,0.05,0.4,0.255615234375
mixed_context,dfa_random,3.0,1.0,0.0,14.0,512.0,0.05,0.4,0.261962890625
mixed_context,dfa_random,3.0,0.0,0.0,14.0,512.0,0.05,0.4,0.275634765625
task_aligned,dfa_random,0.0,1.0,0.0,14.0,2048.0,0.15,0.0,0.932861328125
mixed_context,dfa_random,1.0,2.0,0.0,14.0,512.0,0.05,0.4,0.240234375
mixed_context,dfa_random,1.0,1.0,0.0,14.0,512.0,0.05,0.4,0.25341796875
mixed_context,dfa_random,2.0,0.0,0.0,14.0,512.0,0.05,0.4,0.249267578125
task_aligned,dfa_random,2.0,0.0,0.0,14.0,4096.0,0.05,0.2,0.922607421875
low_sample_noisy,dfa_random,3.0,1.0,0.0,14.0,512.0,0.15,0.4,0.378662109375
low_sample_noisy,dfa_random,3.0,0.0,0.0,14.0,512.0,0.15,0.4,0.3603515625
low_sample_noisy,dfa_random,3.0,2.0,0.0,14.0,512.0,0.15,0.4,0.36962890625
mixed_context,dfa_random,1.0,0.0,0.0,14.0,512.0,0.05,0.4,0.251708984375
task_aligned,dfa_random,1.0,2.0,0.0,14.0,4096.0,0.05,0.2,0.90478515625
low_sample_noisy,dfa_random,2.0,1.0,0.0,14.0,512.0,0.15,0.4,0.33935546875
low_sample_noisy,dfa_random,2.0,2.0,0.0,14.0,512.0,0.15,0.4,0.355224609375
task_aligned,dfa_random,2.0,1.0,0.0,14.0,1024.0,0.15,0.1,0.856689453125
nuisance_dominant,dfa_random,0.0,2.0,0.0,14.0,2048.0,0.05,0.4,0.37060546875
nuisance_dominant,dfa_random,1.0,2.0,0.0,14.0,2048.0,0.05,0.4,0.3310546875
nuisance_dominant,dfa_random,1.0,1.0,0.0,14.0,2048.0,0.05,0.4,0.366455078125
low_sample_noisy,dfa_random,0.0,1.0,0.0,14.0,4096.0,0.05,0.0,0.91455078125
task_aligned,dfa_random,2.0,0.0,0.0,14.0,1024.0,0.15,0.1,0.869873046875
nuisance_dominant,dfa_random,0.0,0.0,0.0,14.0,2048.0,0.05,0.4,0.380615234375
nuisance_dominant,dfa_random,0.0,1.0,0.0,14.0,2048.0,0.05,0.4,0.39697265625
low_sample_noisy,dfa_random,0.0,0.0,0.0,14.0,4096.0,0.05,0.0,0.912353515625
low_sample_noisy,dfa_random,4.0,2.0,0.0,14.0,2048.0,0.15,0.4,0.525390625
low_sample_noisy,dfa_random,4.0,1.0,0.0,14.0,2048.0,0.15,0.4,0.534423828125
low_sample_noisy,dfa_random,0.0,2.0,0.0,14.0,4096.0,0.05,0.0,0.9150390625
nuisance_dominant,dfa_random,4.0,1.0,0.0,14.0,2048.0,0.15,0.2,0.532470703125
low_sample_noisy,dfa_random,4.0,0.0,0.0,14.0,2048.0,0.15,0.4,0.53857421875
task_aligned,dfa_random,0.0,1.0,0.0,14.0,512.0,0.05,0.1,0.900634765625
task_aligned,dfa_random,0.0,0.0,0.0,14.0,512.0,0.05,0.1,0.90478515625
mixed_context,dfa_random,0.0,0.0,0.0,14.0,512.0,0.05,0.4,0.30322265625
task_aligned,dfa_random,1.0,1.0,0.0,14.0,2048.0,0.15,0.0,0.91015625
mixed_context,dfa_random,0.0,2.0,0.0,14.0,512.0,0.05,0.4,0.286376953125
mixed_context,dfa_random,0.0,1.0,0.0,14.0,512.0,0.05,0.4,0.292236328125
mixed_context,dfa_random,0.0,2.0,0.0,14.0,1024.0,0.05,0.0,0.56689453125
task_aligned,dfa_random,1.0,0.0,0.0,14.0,2048.0,0.15,0.0,0.9072265625
mixed_context,dfa_random,4.0,2.0,0.0,14.0,512.0,0.15,0.2,0.32275390625
task_aligned,dfa_random,1.0,0.0,0.0,14.0,4096.0,0.05,0.2,0.914794921875
task_aligned,dfa_random,0.0,2.0,0.0,14.0,4096.0,0.05,0.2,0.935791015625
mixed_context,dfa_random,0.0,1.0,0.0,14.0,1024.0,0.05,0.0,0.58544921875
mixed_context,dfa_random,0.0,0.0,0.0,14.0,1024.0,0.05,0.0,0.570068359375
mixed_context,dfa_random,1.0,0.0,0.0,14.0,1024.0,0.05,0.0,0.523193359375
mixed_context,dfa_random,3.0,2.0,0.0,14.0,512.0,0.15,0.2,0.34716796875
low_sample_noisy,dfa_random,4.0,2.0,0.0,14.0,512.0,0.15,0.4,0.3603515625
low_sample_noisy,dfa_random,4.0,1.0,0.0,14.0,512.0,0.15,0.4,0.354248046875
low_sample_noisy,dfa_random,4.0,0.0,0.0,14.0,512.0,0.15,0.4,0.362060546875
task_aligned,dfa_random,1.0,1.0,0.0,14.0,4096.0,0.05,0.2,0.931640625
task_aligned,dfa_random,1.0,2.0,0.0,14.0,1024.0,0.15,0.1,0.8720703125
nuisance_dominant,dfa_random,3.0,0.0,0.0,14.0,2048.0,0.05,0.4,0.412109375
nuisance_dominant,dfa_random,2.0,2.0,0.0,14.0,2048.0,0.05,0.4,0.386962890625
nuisance_dominant,dfa_random,3.0,1.0,0.0,14.0,2048.0,0.05,0.4,0.409423828125
low_sample_noisy,dfa_random,3.0,1.0,0.0,14.0,2048.0,0.15,0.4,0.51806640625
task_aligned,dfa_random,1.0,1.0,0.0,14.0,1024.0,0.15,0.1,0.8662109375
nuisance_dominant,dfa_random,2.0,0.0,0.0,14.0,2048.0,0.05,0.4,0.373046875
nuisance_dominant,dfa_random,2.0,1.0,0.0,14.0,2048.0,0.05,0.4,0.374755859375
low_sample_noisy,dfa_random,2.0,1.0,0.0,14.0,2048.0,0.15,0.4,0.48291015625
task_aligned,dfa_random,1.0,0.0,0.0,14.0,512.0,0.05,0.1,0.892333984375
low_sample_noisy,dfa_random,3.0,0.0,0.0,14.0,2048.0,0.15,0.4,0.51318359375
low_sample_noisy,dfa_random,2.0,2.0,0.0,14.0,2048.0,0.15,0.4,0.502197265625
low_sample_noisy,dfa_random,3.0,2.0,0.0,14.0,2048.0,0.15,0.4,0.527099609375
nuisance_dominant,dfa_random,1.0,0.0,0.0,14.0,2048.0,0.05,0.4,0.335205078125
task_aligned,dfa_random,0.0,2.0,0.0,14.0,512.0,0.05,0.1,0.908447265625
low_sample_noisy,dfa_random,2.0,0.0,0.0,14.0,2048.0,0.15,0.4,0.491455078125
low_sample_noisy,dfa_random,1.0,2.0,0.0,14.0,2048.0,0.15,0.4,0.494873046875
mixed_context,dfa_random,3.0,1.0,0.0,14.0,512.0,0.15,0.2,0.334228515625
mixed_context,dfa_random,4.0,1.0,0.0,14.0,512.0,0.15,0.2,0.31005859375
mixed_context,dfa_random,4.0,0.0,0.0,14.0,512.0,0.15,0.2,0.31787109375
mixed_context,dfa_random,2.0,0.0,0.0,14.0,1024.0,0.05,0.0,0.59423828125
mixed_context,dfa_random,3.0,0.0,0.0,14.0,512.0,0.15,0.2,0.3359375
task_aligned,dfa_random,2.0,0.0,0.0,14.0,2048.0,0.15,0.0,0.93701171875
task_aligned,dfa_random,1.0,2.0,0.0,14.0,2048.0,0.15,0.0,0.9267578125
task_aligned,dfa_random,0.0,1.0,0.0,14.0,4096.0,0.05,0.2,0.926025390625
mixed_context,dfa_random,1.0,2.0,0.0,14.0,1024.0,0.05,0.0,0.525390625
mixed_context,dfa_random,2.0,2.0,0.0,14.0,1024.0,0.05,0.0,0.605712890625
mixed_context,dfa_random,2.0,1.0,0.0,14.0,1024.0,0.05,0.0,0.606689453125
task_aligned,dfa_random,0.0,0.0,0.0,14.0,4096.0,0.05,0.2,0.93310546875
mixed_context,dfa_random,1.0,1.0,0.0,14.0,1024.0,0.05,0.0,0.4892578125
task_aligned,dfa_random,0.0,1.0,0.0,14.0,1024.0,0.15,0.1,0.90869140625
nuisance_dominant,dfa_random,0.0,0.0,0.0,14.0,2048.0,0.15,0.4,0.356689453125
nuisance_dominant,dfa_random,4.0,2.0,0.0,14.0,2048.0,0.05,0.4,0.3935546875
nuisance_dominant,dfa_random,0.0,2.0,0.0,14.0,2048.0,0.15,0.4,0.352294921875
nuisance_dominant,dfa_random,0.0,1.0,0.0,14.0,2048.0,0.15,0.4,0.36962890625
nuisance_dominant,dfa_random,4.0,1.0,0.0,14.0,2048.0,0.05,0.4,0.40673828125
nuisance_dominant,dfa_random,4.0,0.0,0.0,14.0,2048.0,0.05,0.4,0.4140625
nuisance_dominant,dfa_random,3.0,2.0,0.0,14.0,2048.0,0.05,0.4,0.41650390625
task_aligned,dfa_random,1.0,0.0,0.0,14.0,1024.0,0.15,0.1,0.875244140625
task_aligned,dfa_random,0.0,2.0,0.0,14.0,1024.0,0.15,0.1,0.903564453125
low_sample_noisy,dfa_random,1.0,0.0,0.0,14.0,2048.0,0.15,0.4,0.49560546875
low_sample_noisy,dfa_random,0.0,2.0,0.0,14.0,2048.0,0.15,0.4,0.50732421875
low_sample_noisy,dfa_random,1.0,1.0,0.0,14.0,2048.0,0.15,0.4,0.505859375
task_aligned,dfa_random,1.0,1.0,0.0,14.0,512.0,0.05,0.1,0.87060546875
low_sample_noisy,dfa_random,0.0,0.0,0.0,14.0,2048.0,0.15,0.4,0.514892578125
low_sample_noisy,dfa_random,0.0,1.0,0.0,14.0,2048.0,0.15,0.4,0.5361328125
task_aligned,dfa_random,1.0,2.0,0.0,14.0,512.0,0.05,0.1,0.890625
mixed_context,dfa_random,2.0,0.0,0.0,14.0,512.0,0.15,0.2,0.33447265625
mixed_context,dfa_random,1.0,2.0,0.0,14.0,512.0,0.15,0.2,0.28955078125
mixed_context,dfa_random,2.0,2.0,0.0,14.0,512.0,0.15,0.2,0.330078125
mixed_context,dfa_random,2.0,1.0,0.0,14.0,512.0,0.15,0.2,0.330078125
task_aligned,dfa_random,2.0,1.0,0.0,14.0,2048.0,0.15,0.0,0.930419921875
mixed_context,dfa_random,1.0,0.0,0.0,14.0,512.0,0.15,0.2,0.28955078125
mixed_context,dfa_random,0.0,2.0,0.0,14.0,512.0,0.15,0.2,0.310546875
mixed_context,dfa_random,1.0,1.0,0.0,14.0,512.0,0.15,0.2,0.3017578125
task_aligned,dfa_random,3.0,0.0,0.0,14.0,2048.0,0.15,0.0,0.93505859375
mixed_context,dfa_random,4.0,0.0,0.0,14.0,1024.0,0.05,0.0,0.61083984375
mixed_context,dfa_random,3.0,2.0,0.0,14.0,1024.0,0.05,0.0,0.61767578125
mixed_context,dfa_random,4.0,1.0,0.0,14.0,1024.0,0.05,0.0,0.5859375
task_aligned,dfa_random,2.0,2.0,0.0,14.0,2048.0,0.15,0.0,0.938232421875
task_aligned,dfa_random,4.0,1.0,0.0,14.0,4096.0,0.15,0.1,0.906005859375
mixed_context,dfa_random,3.0,0.0,0.0,14.0,1024.0,0.05,0.0,0.62158203125
mixed_context,dfa_random,3.0,1.0,0.0,14.0,1024.0,0.05,0.0,0.6171875
task_aligned,dfa_random,4.0,2.0,0.0,14.0,4096.0,0.15,0.1,0.908935546875
task_aligned,dfa_random,0.0,0.0,0.0,14.0,1024.0,0.15,0.1,0.900390625
nuisance_dominant,dfa_random,1.0,1.0,0.0,14.0,2048.0,0.15,0.4,0.342529296875
nuisance_dominant,dfa_random,2.0,1.0,0.0,14.0,2048.0,0.15,0.4,0.350341796875
nuisance_dominant,dfa_random,2.0,0.0,0.0,14.0,2048.0,0.15,0.4,0.35107421875
low_sample_noisy,dfa_random,4.0,0.0,0.0,14.0,2048.0,0.05,0.4,0.55517578125
task_aligned,dfa_random,4.0,2.0,0.0,14.0,1024.0,0.05,0.1,0.920166015625
nuisance_dominant,dfa_random,1.0,0.0,0.0,14.0,2048.0,0.15,0.4,0.308837890625
low_sample_noisy,dfa_random,3.0,2.0,0.0,14.0,2048.0,0.05,0.4,0.54052734375
low_sample_noisy,dfa_random,4.0,2.0,0.0,14.0,2048.0,0.05,0.4,0.555908203125
low_sample_noisy,dfa_random,4.0,1.0,0.0,14.0,2048.0,0.05,0.4,0.548583984375
low_sample_noisy,dfa_random,3.0,1.0,0.0,14.0,2048.0,0.05,0.4,0.54296875
task_aligned,dfa_random,2.0,1.0,0.0,14.0,512.0,0.05,0.1,0.89794921875
task_aligned,dfa_random,2.0,0.0,0.0,14.0,512.0,0.05,0.1,0.873779296875
task_aligned,dfa_random,3.0,2.0,0.0,14.0,2048.0,0.15,0.0,0.932373046875
mixed_context,dfa_random,0.0,0.0,0.0,14.0,512.0,0.15,0.2,0.320556640625
mixed_context,dfa_random,4.0,2.0,0.0,14.0,512.0,0.05,0.2,0.3310546875
mixed_context,dfa_random,0.0,1.0,0.0,14.0,512.0,0.15,0.2,0.3046875
mixed_context,dfa_random,1.0,1.0,0.0,14.0,1024.0,0.15,0.0,0.46142578125
task_aligned,dfa_random,3.0,1.0,0.0,14.0,2048.0,0.15,0.0,0.93896484375
mixed_context,dfa_random,4.0,0.0,0.0,14.0,512.0,0.05,0.2,0.33154296875
mixed_context,dfa_random,4.0,1.0,0.0,14.0,512.0,0.05,0.2,0.31982421875
mixed_context,dfa_random,0.0,0.0,0.0,14.0,1024.0,0.15,0.0,0.5263671875
mixed_context,dfa_random,4.0,2.0,0.0,14.0,1024.0,0.05,0.0,0.560791015625
mixed_context,dfa_random,1.0,0.0,0.0,14.0,1024.0,0.15,0.0,0.477294921875
mixed_context,dfa_random,0.0,2.0,0.0,14.0,1024.0,0.15,0.0,0.523681640625
mixed_context,dfa_random,1.0,2.0,0.0,14.0,1024.0,0.15,0.0,0.473388671875
mixed_context,dfa_random,3.0,0.0,0.0,14.0,512.0,0.05,0.2,0.343505859375
task_aligned,dfa_random,4.0,0.0,0.0,14.0,4096.0,0.15,0.1,0.92578125
task_aligned,dfa_random,3.0,2.0,0.0,14.0,4096.0,0.15,0.1,0.915771484375
mixed_context,dfa_random,0.0,1.0,0.0,14.0,1024.0,0.15,0.0,0.539794921875
nuisance_dominant,dfa_random,3.0,0.0,0.0,14.0,2048.0,0.15,0.4,0.38623046875
task_aligned,dfa_random,4.0,1.0,0.0,14.0,1024.0,0.05,0.1,0.907958984375
nuisance_dominant,dfa_random,3.0,2.0,0.0,14.0,2048.0,0.15,0.4,0.39013671875
nuisance_dominant,dfa_random,3.0,1.0,0.0,14.0,2048.0,0.15,0.4,0.39990234375
low_sample_noisy,dfa_random,2.0,2.0,0.0,14.0,2048.0,0.05,0.4,0.52587890625
task_aligned,dfa_random,4.0,0.0,0.0,14.0,1024.0,0.05,0.1,0.896484375
nuisance_dominant,dfa_random,2.0,2.0,0.0,14.0,2048.0,0.15,0.4,0.372314453125
task_aligned,dfa_random,3.0,1.0,0.0,14.0,512.0,0.05,0.1,0.913818359375
low_sample_noisy,dfa_random,2.0,1.0,0.0,14.0,2048.0,0.05,0.4,0.51513671875
low_sample_noisy,dfa_random,2.0,0.0,0.0,14.0,2048.0,0.05,0.4,0.520263671875
low_sample_noisy,dfa_random,3.0,0.0,0.0,14.0,2048.0,0.05,0.4,0.53662109375
nuisance_dominant,dfa_random,1.0,2.0,0.0,14.0,2048.0,0.15,0.4,0.31201171875
task_aligned,dfa_random,3.0,0.0,0.0,14.0,512.0,0.05,0.1,0.914306640625
task_aligned,dfa_random,2.0,2.0,0.0,14.0,512.0,0.05,0.1,0.908935546875
low_sample_noisy,dfa_random,1.0,1.0,0.0,14.0,2048.0,0.05,0.4,0.543212890625
low_sample_noisy,dfa_random,1.0,0.0,0.0,14.0,2048.0,0.05,0.4,0.5205078125
low_sample_noisy,dfa_random,1.0,2.0,0.0,14.0,2048.0,0.05,0.4,0.53076171875
mixed_context,dfa_random,2.0,0.0,0.0,14.0,512.0,0.05,0.2,0.3408203125
mixed_context,dfa_random,2.0,2.0,0.0,14.0,512.0,0.05,0.2,0.341552734375
mixed_context,dfa_random,3.0,2.0,0.0,14.0,512.0,0.05,0.2,0.36328125
mixed_context,dfa_random,3.0,1.0,0.0,14.0,512.0,0.05,0.2,0.35302734375
mixed_context,dfa_random,3.0,1.0,0.0,14.0,1024.0,0.15,0.0,0.567626953125
task_aligned,dfa_random,4.0,1.0,0.0,14.0,2048.0,0.15,0.0,0.94140625
task_aligned,dfa_random,4.0,0.0,0.0,14.0,2048.0,0.15,0.0,0.938232421875
mixed_context,dfa_random,2.0,1.0,0.0,14.0,512.0,0.05,0.2,0.349365234375
mixed_context,dfa_random,2.0,0.0,0.0,14.0,1024.0,0.15,0.0,0.541748046875
mixed_context,dfa_random,3.0,0.0,0.0,14.0,1024.0,0.15,0.0,0.573486328125
mixed_context,dfa_random,2.0,2.0,0.0,14.0,1024.0,0.15,0.0,0.56298828125
mixed_context,dfa_random,2.0,1.0,0.0,14.0,1024.0,0.15,0.0,0.571044921875
mixed_context,dfa_random,3.0,2.0,0.0,14.0,1024.0,0.15,0.0,0.56689453125
mixed_context,dfa_random,1.0,1.0,0.0,14.0,512.0,0.05,0.2,0.310546875
task_aligned,dfa_random,3.0,1.0,0.0,14.0,4096.0,0.15,0.1,0.91259765625
task_aligned,dfa_random,3.0,0.0,0.0,14.0,4096.0,0.15,0.1,0.902099609375
nuisance_dominant,dfa_random,4.0,1.0,0.0,14.0,2048.0,0.15,0.4,0.374267578125
nuisance_dominant,dfa_random,0.0,2.0,0.0,14.0,4096.0,0.05,0.0,0.863037109375
nuisance_dominant,dfa_random,0.0,1.0,0.0,14.0,4096.0,0.05,0.0,0.855712890625
nuisance_dominant,dfa_random,1.0,1.0,0.0,14.0,4096.0,0.05,0.0,0.848388671875
nuisance_dominant,dfa_random,1.0,0.0,0.0,14.0,4096.0,0.05,0.0,0.825927734375
task_aligned,dfa_random,3.0,2.0,0.0,14.0,1024.0,0.05,0.1,0.92236328125
task_aligned,dfa_random,3.0,1.0,0.0,14.0,1024.0,0.05,0.1,0.908935546875
nuisance_dominant,dfa_random,0.0,0.0,0.0,14.0,4096.0,0.05,0.0,0.85302734375
nuisance_dominant,dfa_random,4.0,2.0,0.0,14.0,2048.0,0.15,0.4,0.36669921875
task_aligned,dfa_random,4.0,0.0,0.0,14.0,512.0,0.05,0.1,0.905517578125
low_sample_noisy,dfa_random,0.0,1.0,0.0,14.0,2048.0,0.05,0.4,0.557373046875
low_sample_noisy,dfa_random,0.0,0.0,0.0,14.0,2048.0,0.05,0.4,0.550537109375
low_sample_noisy,dfa_random,0.0,2.0,0.0,14.0,2048.0,0.05,0.4,0.534912109375
nuisance_dominant,dfa_random,4.0,0.0,0.0,14.0,2048.0,0.15,0.4,0.39404296875
task_aligned,dfa_random,3.0,2.0,0.0,14.0,512.0,0.05,0.1,0.91748046875
low_sample_noisy,dfa_random,4.0,1.0,0.0,14.0,2048.0,0.15,0.2,0.691162109375
low_sample_noisy,dfa_random,4.0,2.0,0.0,14.0,2048.0,0.15,0.2,0.67724609375
mixed_context,dfa_random,1.0,0.0,0.0,14.0,512.0,0.05,0.2,0.298828125
mixed_context,dfa_random,0.0,2.0,0.0,14.0,512.0,0.05,0.2,0.32470703125
mixed_context,dfa_random,0.0,1.0,0.0,14.0,512.0,0.05,0.2,0.322021484375
mixed_context,dfa_random,1.0,2.0,0.0,14.0,512.0,0.05,0.2,0.297607421875
mixed_context,dfa_random,0.0,0.0,0.0,14.0,1024.0,0.05,0.1,0.498779296875
task_aligned,dfa_random,4.0,2.0,0.0,14.0,2048.0,0.15,0.0,0.916259765625
mixed_context,dfa_random,0.0,0.0,0.0,14.0,512.0,0.05,0.2,0.33154296875
task_aligned,dfa_random,0.0,0.0,0.0,14.0,2048.0,0.05,0.1,0.921142578125
mixed_context,dfa_random,4.0,2.0,0.0,14.0,1024.0,0.15,0.0,0.527587890625
mixed_context,dfa_random,0.0,2.0,0.0,14.0,1024.0,0.05,0.1,0.50048828125
mixed_context,dfa_random,0.0,1.0,0.0,14.0,1024.0,0.05,0.1,0.50244140625
mixed_context,dfa_random,4.0,1.0,0.0,14.0,512.0,0.15,0.1,0.353759765625
task_aligned,dfa_random,2.0,1.0,0.0,14.0,4096.0,0.15,0.1,0.904296875
mixed_context,dfa_random,4.0,1.0,0.0,14.0,1024.0,0.15,0.0,0.53955078125
mixed_context,dfa_random,4.0,0.0,0.0,14.0,1024.0,0.15,0.0,0.558837890625
task_aligned,dfa_random,2.0,2.0,0.0,14.0,4096.0,0.15,0.1,0.92333984375
nuisance_dominant,dfa_random,2.0,2.0,0.0,14.0,4096.0,0.05,0.0,0.865478515625
nuisance_dominant,dfa_random,2.0,1.0,0.0,14.0,4096.0,0.05,0.0,0.864990234375
nuisance_dominant,dfa_random,2.0,0.0,0.0,14.0,4096.0,0.05,0.0,0.864013671875
nuisance_dominant,dfa_random,3.0,1.0,0.0,14.0,4096.0,0.05,0.0,0.8701171875
task_aligned,dfa_random,3.0,0.0,0.0,14.0,1024.0,0.05,0.1,0.91455078125
task_aligned,dfa_random,2.0,2.0,0.0,14.0,1024.0,0.05,0.1,0.9052734375
nuisance_dominant,dfa_random,1.0,2.0,0.0,14.0,4096.0,0.05,0.0,0.849365234375
low_sample_noisy,dfa_random,3.0,0.0,0.0,14.0,2048.0,0.15,0.2,0.699951171875
low_sample_noisy,dfa_random,4.0,0.0,0.0,14.0,2048.0,0.15,0.2,0.693359375
low_sample_noisy,dfa_random,3.0,2.0,0.0,14.0,2048.0,0.15,0.2,0.703125
low_sample_noisy,dfa_random,3.0,1.0,0.0,14.0,2048.0,0.15,0.2,0.691650390625
task_aligned,dfa_random,4.0,2.0,0.0,14.0,512.0,0.05,0.1,0.89306640625
task_aligned,dfa_random,4.0,1.0,0.0,14.0,512.0,0.05,0.1,0.902099609375
low_sample_noisy,dfa_random,2.0,2.0,0.0,14.0,2048.0,0.15,0.2,0.664794921875
low_sample_noisy,dfa_random,2.0,1.0,0.0,14.0,2048.0,0.15,0.2,0.656982421875
task_aligned,dfa_random,0.0,1.0,0.0,14.0,2048.0,0.05,0.1,0.91943359375
mixed_context,dfa_random,4.0,0.0,0.0,14.0,512.0,0.15,0.1,0.368408203125
mixed_context,dfa_random,3.0,2.0,0.0,14.0,512.0,0.15,0.1,0.37890625
mixed_context,dfa_random,4.0,2.0,0.0,14.0,512.0,0.15,0.1,0.364013671875
mixed_context,dfa_random,3.0,1.0,0.0,14.0,512.0,0.15,0.1,0.345947265625
mixed_context,dfa_random,3.0,0.0,0.0,14.0,512.0,0.15,0.1,0.363525390625
mixed_context,dfa_random,2.0,2.0,0.0,14.0,512.0,0.15,0.1,0.3603515625
task_aligned,dfa_random,0.0,2.0,0.0,14.0,2048.0,0.05,0.1,0.92626953125
mixed_context,dfa_random,2.0,0.0,0.0,14.0,1024.0,0.05,0.1,0.501953125
mixed_context,dfa_random,1.0,2.0,0.0,14.0,1024.0,0.05,0.1,0.423828125
mixed_context,dfa_random,2.0,1.0,0.0,14.0,1024.0,0.05,0.1,0.51123046875
task_aligned,dfa_random,1.0,2.0,0.0,14.0,4096.0,0.15,0.1,0.910888671875
mixed_context,dfa_random,1.0,0.0,0.0,14.0,1024.0,0.05,0.1,0.409423828125
mixed_context,dfa_random,1.0,1.0,0.0,14.0,1024.0,0.05,0.1,0.414306640625
task_aligned,dfa_random,2.0,0.0,0.0,14.0,4096.0,0.15,0.1,0.924072265625
nuisance_dominant,dfa_random,4.0,1.0,0.0,14.0,4096.0,0.05,0.0,0.872314453125
nuisance_dominant,dfa_random,0.0,1.0,0.0,14.0,4096.0,0.15,0.0,0.768310546875
nuisance_dominant,dfa_random,0.0,0.0,0.0,14.0,4096.0,0.15,0.0,0.777099609375
low_sample_noisy,dfa_random,1.0,2.0,0.0,14.0,2048.0,0.15,0.2,0.66650390625
task_aligned,dfa_random,2.0,0.0,0.0,14.0,1024.0,0.05,0.1,0.875244140625
nuisance_dominant,dfa_random,4.0,0.0,0.0,14.0,4096.0,0.05,0.0,0.876708984375
nuisance_dominant,dfa_random,3.0,2.0,0.0,14.0,4096.0,0.05,0.0,0.8662109375
task_aligned,dfa_random,2.0,1.0,0.0,14.0,1024.0,0.05,0.1,0.88916015625
low_sample_noisy,dfa_random,1.0,1.0,0.0,14.0,2048.0,0.15,0.2,0.6318359375
low_sample_noisy,dfa_random,1.0,0.0,0.0,14.0,2048.0,0.15,0.2,0.652587890625
low_sample_noisy,dfa_random,0.0,2.0,0.0,14.0,2048.0,0.15,0.2,0.652587890625
low_sample_noisy,dfa_random,2.0,0.0,0.0,14.0,2048.0,0.15,0.2,0.681884765625
nuisance_dominant,dfa_random,3.0,0.0,0.0,14.0,4096.0,0.05,0.0,0.877197265625
task_aligned,dfa_random,0.0,0.0,0.0,14.0,512.0,0.15,0.1,0.885009765625
low_sample_noisy,dfa_random,0.0,1.0,0.0,14.0,2048.0,0.15,0.2,0.68017578125
task_aligned,dfa_random,0.0,1.0,0.0,14.0,512.0,0.15,0.1,0.87451171875
task_aligned,dfa_random,1.0,1.0,0.0,14.0,2048.0,0.05,0.1,0.927734375
mixed_context,dfa_random,2.0,0.0,0.0,14.0,512.0,0.15,0.1,0.35009765625
mixed_context,dfa_random,1.0,2.0,0.0,14.0,512.0,0.15,0.1,0.291259765625
mixed_context,dfa_random,2.0,1.0,0.0,14.0,512.0,0.15,0.1,0.3623046875
mixed_context,dfa_random,4.0,1.0,0.0,14.0,1024.0,0.05,0.1,0.475830078125
task_aligned,dfa_random,1.0,0.0,0.0,14.0,2048.0,0.05,0.1,0.91015625
mixed_context,dfa_random,1.0,0.0,0.0,14.0,512.0,0.15,0.1,0.314697265625
mixed_context,dfa_random,1.0,1.0,0.0,14.0,512.0,0.15,0.1,0.31689453125
mixed_context,dfa_random,3.0,1.0,0.0,14.0,1024.0,0.05,0.1,0.51416015625
task_aligned,dfa_random,1.0,1.0,0.0,14.0,4096.0,0.15,0.1,0.907958984375
mixed_context,dfa_random,4.0,0.0,0.0,14.0,1024.0,0.05,0.1,0.51416015625
mixed_context,dfa_random,3.0,2.0,0.0,14.0,1024.0,0.05,0.1,0.50244140625
mixed_context,dfa_random,4.0,2.0,0.0,14.0,1024.0,0.05,0.1,0.497314453125
mixed_context,dfa_random,0.0,0.0,0.0,14.0,512.0,0.15,0.1,0.366943359375
task_aligned,dfa_random,1.0,0.0,0.0,14.0,4096.0,0.15,0.1,0.906494140625
mixed_context,dfa_random,3.0,0.0,0.0,14.0,1024.0,0.05,0.1,0.5185546875
mixed_context,dfa_random,2.0,2.0,0.0,14.0,1024.0,0.05,0.1,0.51513671875
nuisance_dominant,dfa_random,1.0,0.0,0.0,14.0,4096.0,0.15,0.0,0.706298828125
task_aligned,dfa_random,1.0,2.0,0.0,14.0,1024.0,0.05,0.1,0.90234375
nuisance_dominant,dfa_random,1.0,2.0,0.0,14.0,4096.0,0.15,0.0,0.74072265625
nuisance_dominant,dfa_random,1.0,1.0,0.0,14.0,4096.0,0.15,0.0,0.723388671875
low_sample_noisy,dfa_random,0.0,0.0,0.0,14.0,2048.0,0.15,0.2,0.65283203125
low_sample_noisy,dfa_random,4.0,2.0,0.0,14.0,2048.0,0.05,0.2,0.70556640625
task_aligned,dfa_random,1.0,1.0,0.0,14.0,1024.0,0.05,0.1,0.90234375
nuisance_dominant,dfa_random,0.0,2.0,0.0,14.0,4096.0,0.15,0.0,0.777587890625
task_aligned,dfa_random,1.0,0.0,0.0,14.0,512.0,0.15,0.1,0.8740234375
task_aligned,dfa_random,0.0,2.0,0.0,14.0,512.0,0.15,0.1,0.886474609375
low_sample_noisy,dfa_random,4.0,1.0,0.0,14.0,2048.0,0.05,0.2,0.72802734375
low_sample_noisy,dfa_random,4.0,0.0,0.0,14.0,2048.0,0.05,0.2,0.73046875
nuisance_dominant,dfa_random,4.0,2.0,0.0,14.0,4096.0,0.05,0.0,0.875
low_sample_noisy,dfa_random,3.0,2.0,0.0,14.0,2048.0,0.05,0.2,0.722412109375
low_sample_noisy,dfa_random,3.0,1.0,0.0,14.0,2048.0,0.05,0.2,0.721435546875
low_sample_noisy,dfa_random,3.0,0.0,0.0,14.0,2048.0,0.05,0.2,0.7216796875
task_aligned,dfa_random,2.0,0.0,0.0,14.0,2048.0,0.05,0.1,0.92333984375
mixed_context,dfa_random,4.0,2.0,0.0,14.0,512.0,0.05,0.1,0.3779296875
mixed_context,dfa_random,0.0,2.0,0.0,14.0,512.0,0.15,0.1,0.356201171875
mixed_context,dfa_random,0.0,1.0,0.0,14.0,512.0,0.15,0.1,0.34765625
mixed_context,dfa_random,1.0,0.0,0.0,14.0,1024.0,0.15,0.1,0.3916015625
task_aligned,dfa_random,1.0,2.0,0.0,14.0,2048.0,0.05,0.1,0.93017578125
mixed_context,dfa_random,4.0,0.0,0.0,14.0,512.0,0.05,0.1,0.389892578125
mixed_context,dfa_random,4.0,1.0,0.0,14.0,512.0,0.05,0.1,0.365966796875
task_aligned,dfa_random,0.0,0.0,0.0,14.0,4096.0,0.15,0.1,0.923828125
mixed_context,dfa_random,0.0,2.0,0.0,14.0,1024.0,0.15,0.1,0.4736328125
mixed_context,dfa_random,0.0,1.0,0.0,14.0,1024.0,0.15,0.1,0.47119140625
mixed_context,dfa_random,1.0,1.0,0.0,14.0,1024.0,0.15,0.1,0.397216796875
mixed_context,dfa_random,3.0,1.0,0.0,14.0,512.0,0.05,0.1,0.36181640625
mixed_context,dfa_random,0.0,0.0,0.0,14.0,1024.0,0.15,0.1,0.467529296875
task_aligned,dfa_random,0.0,2.0,0.0,14.0,4096.0,0.15,0.1,0.927490234375
task_aligned,dfa_random,0.0,1.0,0.0,14.0,4096.0,0.15,0.1,0.927978515625
task_aligned,dfa_random,1.0,0.0,0.0,14.0,1024.0,0.05,0.1,0.9111328125
nuisance_dominant,dfa_random,3.0,2.0,0.0,14.0,4096.0,0.15,0.0,0.79833984375
nuisance_dominant,dfa_random,3.0,1.0,0.0,14.0,4096.0,0.15,0.0,0.798828125
nuisance_dominant,dfa_random,4.0,1.0,0.0,14.0,4096.0,0.15,0.0,0.779541015625
nuisance_dominant,dfa_random,4.0,0.0,0.0,14.0,4096.0,0.15,0.0,0.7890625
task_aligned,dfa_random,0.0,2.0,0.0,14.0,1024.0,0.05,0.1,0.923828125
nuisance_dominant,dfa_random,2.0,2.0,0.0,14.0,4096.0,0.15,0.0,0.78955078125
nuisance_dominant,dfa_random,2.0,1.0,0.0,14.0,4096.0,0.15,0.0,0.78955078125
nuisance_dominant,dfa_random,3.0,0.0,0.0,14.0,4096.0,0.15,0.0,0.80322265625
task_aligned,dfa_random,1.0,2.0,0.0,14.0,512.0,0.15,0.1,0.867431640625
low_sample_noisy,dfa_random,2.0,1.0,0.0,14.0,2048.0,0.05,0.2,0.6943359375
low_sample_noisy,dfa_random,2.0,0.0,0.0,14.0,2048.0,0.05,0.2,0.7080078125
low_sample_noisy,dfa_random,2.0,2.0,0.0,14.0,2048.0,0.05,0.2,0.695068359375
nuisance_dominant,dfa_random,2.0,0.0,0.0,14.0,4096.0,0.15,0.0,0.775390625
task_aligned,dfa_random,1.0,1.0,0.0,14.0,512.0,0.15,0.1,0.8486328125
low_sample_noisy,dfa_random,1.0,1.0,0.0,14.0,2048.0,0.05,0.2,0.688232421875
low_sample_noisy,dfa_random,1.0,2.0,0.0,14.0,2048.0,0.05,0.2,0.707763671875
task_aligned,dfa_random,2.0,1.0,0.0,14.0,2048.0,0.05,0.1,0.89599609375
mixed_context,dfa_random,3.0,0.0,0.0,14.0,512.0,0.05,0.1,0.3818359375
mixed_context,dfa_random,2.0,2.0,0.0,14.0,512.0,0.05,0.1,0.373291015625
mixed_context,dfa_random,3.0,2.0,0.0,14.0,512.0,0.05,0.1,0.391845703125
mixed_context,dfa_random,2.0,1.0,0.0,14.0,512.0,0.05,0.1,0.38427734375
task_aligned,dfa_random,3.0,0.0,0.0,14.0,2048.0,0.05,0.1,0.924560546875
task_aligned,dfa_random,2.0,2.0,0.0,14.0,2048.0,0.05,0.1,0.9375
mixed_context,dfa_random,2.0,1.0,0.0,14.0,1024.0,0.15,0.1,0.492431640625
mixed_context,dfa_random,3.0,1.0,0.0,14.0,1024.0,0.15,0.1,0.478271484375
mixed_context,dfa_random,3.0,0.0,0.0,14.0,1024.0,0.15,0.1,0.47998046875
mixed_context,dfa_random,2.0,2.0,0.0,14.0,1024.0,0.15,0.1,0.48583984375
task_aligned,dfa_random,4.0,1.0,0.0,14.0,4096.0,0.05,0.1,0.9189453125
mixed_context,dfa_random,1.0,2.0,0.0,14.0,1024.0,0.15,0.1,0.39697265625
mixed_context,dfa_random,2.0,0.0,0.0,14.0,1024.0,0.15,0.1,0.478759765625
task_aligned,dfa_random,4.0,2.0,0.0,14.0,4096.0,0.05,0.1,0.94140625
task_aligned,dfa_random,4.0,2.0,0.0,14.0,1024.0,0.15,0.0,0.933349609375
nuisance_dominant,dfa_random,0.0,1.0,0.0,14.0,4096.0,0.05,0.1,0.77001953125
nuisance_dominant,dfa_random,0.0,0.0,0.0,14.0,4096.0,0.05,0.1,0.73974609375
nuisance_dominant,dfa_random,1.0,0.0,0.0,14.0,4096.0,0.05,0.1,0.716796875
nuisance_dominant,dfa_random,4.0,2.0,0.0,14.0,4096.0,0.15,0.0,0.77978515625
task_aligned,dfa_random,0.0,1.0,0.0,14.0,1024.0,0.05,0.1,0.918212890625
task_aligned,dfa_random,0.0,0.0,0.0,14.0,1024.0,0.05,0.1,0.91796875
low_sample_noisy,dfa_random,0.0,0.0,0.0,14.0,2048.0,0.05,0.2,0.693359375
low_sample_noisy,dfa_random,1.0,0.0,0.0,14.0,2048.0,0.05,0.2,0.693603515625
low_sample_noisy,dfa_random,0.0,2.0,0.0,14.0,2048.0,0.05,0.2,0.688232421875
low_sample_noisy,dfa_random,0.0,1.0,0.0,14.0,2048.0,0.05,0.2,0.702392578125
task_aligned,dfa_random,2.0,0.0,0.0,14.0,512.0,0.15,0.1,0.860107421875
low_sample_noisy,dfa_random,4.0,1.0,0.0,14.0,2048.0,0.15,0.1,0.7646484375
low_sample_noisy,dfa_random,4.0,2.0,0.0,14.0,2048.0,0.15,0.1,0.769775390625
task_aligned,dfa_random,2.0,1.0,0.0,14.0,512.0,0.15,0.1,0.871826171875
task_aligned,dfa_random,3.0,2.0,0.0,14.0,2048.0,0.05,0.1,0.9423828125
mixed_context,dfa_random,1.0,1.0,0.0,14.0,512.0,0.05,0.1,0.336181640625
mixed_context,dfa_random,1.0,0.0,0.0,14.0,512.0,0.05,0.1,0.336181640625
mixed_context,dfa_random,2.0,0.0,0.0,14.0,512.0,0.05,0.1,0.37060546875
mixed_context,dfa_random,1.0,2.0,0.0,14.0,512.0,0.05,0.1,0.310791015625
task_aligned,dfa_random,3.0,1.0,0.0,14.0,2048.0,0.05,0.1,0.932861328125
mixed_context,dfa_random,0.0,1.0,0.0,14.0,512.0,0.05,0.1,0.373046875
mixed_context,dfa_random,0.0,0.0,0.0,14.0,512.0,0.05,0.1,0.3828125
mixed_context,dfa_random,0.0,2.0,0.0,14.0,512.0,0.05,0.1,0.37158203125
task_aligned,dfa_random,4.0,0.0,0.0,14.0,4096.0,0.05,0.1,0.95068359375
mixed_context,dfa_random,4.0,2.0,0.0,14.0,1024.0,0.15,0.1,0.47119140625
mixed_context,dfa_random,4.0,1.0,0.0,14.0,1024.0,0.15,0.1,0.4521484375
mixed_context,dfa_random,0.0,0.0,0.0,14.0,1024.0,0.05,0.2,0.441650390625
mixed_context,dfa_random,4.0,2.0,0.0,14.0,512.0,0.15,0.0,0.40283203125
task_aligned,dfa_random,3.0,2.0,0.0,14.0,4096.0,0.05,0.1,0.94384765625
mixed_context,dfa_random,3.0,2.0,0.0,14.0,1024.0,0.15,0.1,0.466552734375
mixed_context,dfa_random,4.0,0.0,0.0,14.0,1024.0,0.15,0.1,0.476806640625
task_aligned,dfa_random,4.0,1.0,0.0,14.0,1024.0,0.15,0.0,0.93310546875
nuisance_dominant,dfa_random,2.0,0.0,0.0,14.0,4096.0,0.05,0.1,0.771484375
nuisance_dominant,dfa_random,3.0,0.0,0.0,14.0,4096.0,0.05,0.1,0.76171875
nuisance_dominant,dfa_random,2.0,2.0,0.0,14.0,4096.0,0.05,0.1,0.757568359375
low_sample_noisy,dfa_random,3.0,2.0,0.0,14.0,2048.0,0.15,0.1,0.7802734375
task_aligned,dfa_random,4.0,0.0,0.0,14.0,1024.0,0.15,0.0,0.92236328125
nuisance_dominant,dfa_random,1.0,1.0,0.0,14.0,4096.0,0.05,0.1,0.72509765625
nuisance_dominant,dfa_random,1.0,2.0,0.0,14.0,4096.0,0.05,0.1,0.728271484375
task_aligned,dfa_random,2.0,2.0,0.0,14.0,512.0,0.15,0.1,0.89990234375
low_sample_noisy,dfa_random,3.0,1.0,0.0,14.0,2048.0,0.15,0.1,0.77880859375
low_sample_noisy,dfa_random,3.0,0.0,0.0,14.0,2048.0,0.15,0.1,0.787353515625
low_sample_noisy,dfa_random,4.0,0.0,0.0,14.0,2048.0,0.15,0.1,0.769287109375
nuisance_dominant,dfa_random,0.0,2.0,0.0,14.0,4096.0,0.05,0.1,0.757080078125
low_sample_noisy,dfa_random,2.0,2.0,0.0,14.0,2048.0,0.15,0.1,0.754638671875
task_aligned,dfa_random,3.0,1.0,0.0,14.0,512.0,0.15,0.1,0.889892578125
task_aligned,dfa_random,3.0,0.0,0.0,14.0,512.0,0.15,0.1,0.8876953125
mixed_context,dfa_random,3.0,2.0,0.0,14.0,512.0,0.15,0.0,0.425048828125
task_aligned,dfa_random,4.0,1.0,0.0,14.0,2048.0,0.05,0.1,0.93212890625
mixed_context,dfa_random,4.0,1.0,0.0,14.0,512.0,0.15,0.0,0.40380859375
mixed_context,dfa_random,4.0,0.0,0.0,14.0,512.0,0.15,0.0,0.415283203125
mixed_context,dfa_random,2.0,1.0,0.0,14.0,1024.0,0.05,0.2,0.44091796875
mixed_context,dfa_random,2.0,0.0,0.0,14.0,1024.0,0.05,0.2,0.43505859375
task_aligned,dfa_random,4.0,0.0,0.0,14.0,2048.0,0.05,0.1,0.9365234375
mixed_context,dfa_random,3.0,1.0,0.0,14.0,512.0,0.15,0.0,0.397705078125
task_aligned,dfa_random,3.0,1.0,0.0,14.0,4096.0,0.05,0.1,0.936767578125
task_aligned,dfa_random,3.0,0.0,0.0,14.0,4096.0,0.05,0.1,0.925048828125
mixed_context,dfa_random,1.0,2.0,0.0,14.0,1024.0,0.05,0.2,0.370361328125
mixed_context,dfa_random,1.0,1.0,0.0,14.0,1024.0,0.05,0.2,0.368896484375
mixed_context,dfa_random,2.0,1.0,0.0,14.0,512.0,0.15,0.0,0.401123046875
mixed_context,dfa_random,1.0,0.0,0.0,14.0,1024.0,0.05,0.2,0.35595703125
mixed_context,dfa_random,0.0,2.0,0.0,14.0,1024.0,0.05,0.2,0.445068359375
mixed_context,dfa_random,0.0,1.0,0.0,14.0,1024.0,0.05,0.2,0.447998046875
task_aligned,dfa_random,3.0,2.0,0.0,14.0,1024.0,0.15,0.0,0.9287109375
nuisance_dominant,dfa_random,4.0,1.0,0.0,14.0,4096.0,0.05,0.1,0.75390625
nuisance_dominant,dfa_random,4.0,0.0,0.0,14.0,4096.0,0.05,0.1,0.746337890625
nuisance_dominant,dfa_random,4.0,2.0,0.0,14.0,4096.0,0.05,0.1,0.762451171875
low_sample_noisy,dfa_random,2.0,0.0,0.0,14.0,2048.0,0.15,0.1,0.75390625
task_aligned,dfa_random,3.0,1.0,0.0,14.0,1024.0,0.15,0.0,0.9228515625
nuisance_dominant,dfa_random,3.0,1.0,0.0,14.0,4096.0,0.05,0.1,0.78564453125
nuisance_dominant,dfa_random,3.0,2.0,0.0,14.0,4096.0,0.05,0.1,0.77001953125
low_sample_noisy,dfa_random,1.0,0.0,0.0,14.0,2048.0,0.15,0.1,0.725830078125
task_aligned,dfa_random,4.0,0.0,0.0,14.0,512.0,0.15,0.1,0.88623046875
low_sample_noisy,dfa_random,1.0,2.0,0.0,14.0,2048.0,0.15,0.1,0.743408203125
low_sample_noisy,dfa_random,1.0,1.0,0.0,14.0,2048.0,0.15,0.1,0.7353515625
low_sample_noisy,dfa_random,2.0,1.0,0.0,14.0,2048.0,0.15,0.1,0.75048828125
nuisance_dominant,dfa_random,2.0,1.0,0.0,14.0,4096.0,0.05,0.1,0.739013671875
task_aligned,dfa_random,3.0,2.0,0.0,14.0,512.0,0.15,0.1,0.898193359375
low_sample_noisy,dfa_random,0.0,2.0,0.0,14.0,2048.0,0.15,0.1,0.748291015625
low_sample_noisy,dfa_random,0.0,1.0,0.0,14.0,2048.0,0.15,0.1,0.748046875
mixed_context,dfa_random,2.0,0.0,0.0,14.0,512.0,0.15,0.0,0.4052734375
mixed_context,dfa_random,3.0,0.0,0.0,14.0,512.0,0.15,0.0,0.39697265625
mixed_context,dfa_random,2.0,2.0,0.0,14.0,512.0,0.15,0.0,0.4091796875
mixed_context,dfa_random,4.0,0.0,0.0,14.0,1024.0,0.05,0.2,0.4560546875
task_aligned,dfa_random,4.0,2.0,0.0,14.0,2048.0,0.05,0.1,0.93505859375
mixed_context,dfa_random,1.0,2.0,0.0,14.0,512.0,0.15,0.0,0.337890625
mixed_context,dfa_random,1.0,1.0,0.0,14.0,512.0,0.15,0.0,0.36083984375
task_aligned,dfa_random,0.0,0.0,0.0,14.0,2048.0,0.15,0.1,0.90380859375
mixed_context,dfa_random,3.0,2.0,0.0,14.0,1024.0,0.05,0.2,0.446044921875
mixed_context,dfa_random,3.0,1.0,0.0,14.0,1024.0,0.05,0.2,0.43994140625
mixed_context,dfa_random,3.0,0.0,0.0,14.0,1024.0,0.05,0.2,0.453125
mixed_context,dfa_random,4.0,1.0,0.0,14.0,1024.0,0.05,0.2,0.423583984375
mixed_context,dfa_random,0.0,2.0,0.0,14.0,512.0,0.15,0.0,0.395751953125
task_aligned,dfa_random,2.0,1.0,0.0,14.0,4096.0,0.05,0.1,0.9306640625
mixed_context,dfa_random,2.0,2.0,0.0,14.0,1024.0,0.05,0.2,0.430908203125
task_aligned,dfa_random,2.0,2.0,0.0,14.0,4096.0,0.05,0.1,0.939453125
task_aligned,dfa_random,2.0,2.0,0.0,14.0,1024.0,0.15,0.0,0.912841796875
nuisance_dominant,dfa_random,1.0,1.0,0.0,14.0,4096.0,0.15,0.1,0.6337890625
nuisance_dominant,dfa_random,1.0,0.0,0.0,14.0,4096.0,0.15,0.1,0.625244140625
nuisance_dominant,dfa_random,2.0,0.0,0.0,14.0,4096.0,0.15,0.1,0.695068359375
nuisance_dominant,dfa_random,0.0,2.0,0.0,14.0,4096.0,0.15,0.1,0.677001953125
nuisance_dominant,dfa_random,0.0,1.0,0.0,14.0,4096.0,0.15,0.1,0.679931640625
nuisance_dominant,dfa_random,0.0,0.0,0.0,14.0,4096.0,0.15,0.1,0.681640625
task_aligned,dfa_random,3.0,0.0,0.0,14.0,1024.0,0.15,0.0,0.923095703125
low_sample_noisy,dfa_random,4.0,2.0,0.0,14.0,2048.0,0.05,0.1,0.809814453125
low_sample_noisy,dfa_random,4.0,1.0,0.0,14.0,2048.0,0.05,0.1,0.802978515625
low_sample_noisy,dfa_random,0.0,0.0,0.0,14.0,2048.0,0.15,0.1,0.75390625
task_aligned,dfa_random,4.0,1.0,0.0,14.0,512.0,0.15,0.1,0.878173828125
low_sample_noisy,dfa_random,3.0,2.0,0.0,14.0,2048.0,0.05,0.1,0.806396484375
low_sample_noisy,dfa_random,4.0,0.0,0.0,14.0,2048.0,0.05,0.1,0.80810546875
task_aligned,dfa_random,4.0,2.0,0.0,14.0,512.0,0.15,0.1,0.880615234375
mixed_context,dfa_random,0.0,1.0,0.0,14.0,512.0,0.15,0.0,0.39208984375
mixed_context,dfa_random,0.0,0.0,0.0,14.0,512.0,0.15,0.0,0.3984375
mixed_context,dfa_random,4.0,2.0,0.0,14.0,512.0,0.05,0.0,0.41796875
mixed_context,dfa_random,1.0,0.0,0.0,14.0,512.0,0.15,0.0,0.351318359375
task_aligned,dfa_random,0.0,2.0,0.0,14.0,2048.0,0.15,0.1,0.89990234375
task_aligned,dfa_random,0.0,1.0,0.0,14.0,2048.0,0.15,0.1,0.892822265625
mixed_context,dfa_random,4.0,1.0,0.0,14.0,512.0,0.05,0.0,0.429443359375
mixed_context,dfa_random,0.0,1.0,0.0,14.0,1024.0,0.15,0.2,0.4248046875
mixed_context,dfa_random,1.0,1.0,0.0,14.0,1024.0,0.15,0.2,0.346923828125
mixed_context,dfa_random,1.0,0.0,0.0,14.0,1024.0,0.15,0.2,0.343505859375
mixed_context,dfa_random,0.0,2.0,0.0,14.0,1024.0,0.15,0.2,0.426025390625
task_aligned,dfa_random,2.0,0.0,0.0,14.0,4096.0,0.05,0.1,0.950439453125
task_aligned,dfa_random,1.0,2.0,0.0,14.0,4096.0,0.05,0.1,0.942138671875
mixed_context,dfa_random,0.0,0.0,0.0,14.0,1024.0,0.15,0.2,0.432373046875
mixed_context,dfa_random,4.0,2.0,0.0,14.0,1024.0,0.05,0.2,0.4208984375
nuisance_dominant,dfa_random,3.0,1.0,0.0,14.0,4096.0,0.15,0.1,0.72314453125
nuisance_dominant,dfa_random,3.0,0.0,0.0,14.0,4096.0,0.15,0.1,0.70654296875
nuisance_dominant,dfa_random,2.0,2.0,0.0,14.0,4096.0,0.15,0.1,0.690673828125
nuisance_dominant,dfa_random,4.0,0.0,0.0,14.0,4096.0,0.15,0.1,0.68408203125
low_sample_noisy,dfa_random,2.0,2.0,0.0,14.0,2048.0,0.05,0.1,0.7861328125
task_aligned,dfa_random,2.0,0.0,0.0,14.0,1024.0,0.15,0.0,0.91357421875
nuisance_dominant,dfa_random,2.0,1.0,0.0,14.0,4096.0,0.15,0.1,0.693359375
task_aligned,dfa_random,2.0,1.0,0.0,14.0,1024.0,0.15,0.0,0.90576171875
low_sample_noisy,dfa_random,2.0,1.0,0.0,14.0,2048.0,0.05,0.1,0.780029296875
low_sample_noisy,dfa_random,3.0,1.0,0.0,14.0,2048.0,0.05,0.1,0.80859375
low_sample_noisy,dfa_random,3.0,0.0,0.0,14.0,2048.0,0.05,0.1,0.811279296875
nuisance_dominant,dfa_random,1.0,2.0,0.0,14.0,4096.0,0.15,0.1,0.64111328125
task_aligned,dfa_random,0.0,0.0,0.0,14.0,512.0,0.05,0.2,0.87646484375
low_sample_noisy,dfa_random,2.0,0.0,0.0,14.0,2048.0,0.05,0.1,0.7890625
low_sample_noisy,dfa_random,1.0,2.0,0.0,14.0,2048.0,0.05,0.1,0.786865234375
task_aligned,dfa_random,0.0,1.0,0.0,14.0,512.0,0.05,0.2,0.85888671875
mixed_context,dfa_random,2.0,0.0,0.0,14.0,512.0,0.05,0.0,0.422607421875
mixed_context,dfa_random,3.0,1.0,0.0,14.0,512.0,0.05,0.0,0.4189453125
mixed_context,dfa_random,3.0,0.0,0.0,14.0,512.0,0.05,0.0,0.42822265625
mixed_context,dfa_random,4.0,0.0,0.0,14.0,512.0,0.05,0.0,0.435302734375
mixed_context,dfa_random,3.0,2.0,0.0,14.0,512.0,0.05,0.0,0.446533203125
task_aligned,dfa_random,1.0,1.0,0.0,14.0,2048.0,0.15,0.1,0.902099609375
task_aligned,dfa_random,1.0,0.0,0.0,14.0,2048.0,0.15,0.1,0.88134765625
mixed_context,dfa_random,2.0,2.0,0.0,14.0,512.0,0.05,0.0,0.433837890625
mixed_context,dfa_random,2.0,1.0,0.0,14.0,512.0,0.05,0.0,0.432861328125
task_aligned,dfa_random,1.0,1.0,0.0,14.0,4096.0,0.05,0.1,0.926025390625
mixed_context,dfa_random,2.0,2.0,0.0,14.0,1024.0,0.15,0.2,0.400390625
mixed_context,dfa_random,2.0,1.0,0.0,14.0,1024.0,0.15,0.2,0.413818359375
mixed_context,dfa_random,3.0,0.0,0.0,14.0,1024.0,0.15,0.2,0.419189453125
mixed_context,dfa_random,1.0,2.0,0.0,14.0,512.0,0.05,0.0,0.357421875
task_aligned,dfa_random,1.0,0.0,0.0,14.0,4096.0,0.05,0.1,0.935791015625
mixed_context,dfa_random,1.0,2.0,0.0,14.0,1024.0,0.15,0.2,0.35107421875
mixed_context,dfa_random,2.0,0.0,0.0,14.0,1024.0,0.15,0.2,0.42236328125
nuisance_dominant,dfa_random,4.0,1.0,0.0,14.0,4096.0,0.15,0.1,0.6943359375
nuisance_dominant,dfa_random,0.0,0.0,0.0,14.0,4096.0,0.05,0.2,0.647216796875
nuisance_dominant,dfa_random,1.0,0.0,0.0,14.0,4096.0,0.05,0.2,0.607421875
nuisance_dominant,dfa_random,0.0,2.0,0.0,14.0,4096.0,0.05,0.2,0.654541015625
low_sample_noisy,dfa_random,1.0,0.0,0.0,14.0,2048.0,0.05,0.1,0.77490234375
task_aligned,dfa_random,1.0,2.0,0.0,14.0,1024.0,0.15,0.0,0.9140625
task_aligned,dfa_random,1.0,1.0,0.0,14.0,1024.0,0.15,0.0,0.922119140625
nuisance_dominant,dfa_random,4.0,2.0,0.0,14.0,4096.0,0.15,0.1,0.697998046875
low_sample_noisy,dfa_random,4.0,2.0,0.0,14.0,2048.0,0.15,0.0,0.85986328125
low_sample_noisy,dfa_random,0.0,2.0,0.0,14.0,2048.0,0.05,0.1,0.781005859375
low_sample_noisy,dfa_random,0.0,1.0,0.0,14.0,2048.0,0.05,0.1,0.779052734375
low_sample_noisy,dfa_random,0.0,0.0,0.0,14.0,2048.0,0.05,0.1,0.793701171875
low_sample_noisy,dfa_random,1.0,1.0,0.0,14.0,2048.0,0.05,0.1,0.77783203125
nuisance_dominant,dfa_random,3.0,2.0,0.0,14.0,4096.0,0.15,0.1,0.71142578125
task_aligned,dfa_random,1.0,0.0,0.0,14.0,512.0,0.05,0.2,0.8486328125
task_aligned,dfa_random,0.0,2.0,0.0,14.0,512.0,0.05,0.2,0.866943359375
mixed_context,dfa_random,0.0,2.0,0.0,14.0,512.0,0.05,0.0,0.412353515625
task_aligned,dfa_random,2.0,0.0,0.0,14.0,2048.0,0.15,0.1,0.900146484375
mixed_context,dfa_random,1.0,1.0,0.0,14.0,512.0,0.05,0.0,0.376953125
mixed_context,dfa_random,1.0,0.0,0.0,14.0,512.0,0.05,0.0,0.367919921875
mixed_context,dfa_random,0.0,0.0,0.0,14.0,1024.0,0.05,0.4,0.342041015625
task_aligned,dfa_random,1.0,2.0,0.0,14.0,2048.0,0.15,0.1,0.902099609375
mixed_context,dfa_random,0.0,1.0,0.0,14.0,512.0,0.05,0.0,0.416748046875
task_aligned,dfa_random,0.0,2.0,0.0,14.0,4096.0,0.05,0.1,0.9521484375
mixed_context,dfa_random,4.0,2.0,0.0,14.0,1024.0,0.15,0.2,0.407470703125
mixed_context,dfa_random,4.0,1.0,0.0,14.0,1024.0,0.15,0.2,0.396240234375
mixed_context,dfa_random,0.0,1.0,0.0,14.0,1024.0,0.05,0.4,0.362548828125
mixed_context,dfa_random,4.0,1.0,0.0,14.0,4096.0,0.15,0.4,0.4833984375
task_aligned,dfa_random,0.0,1.0,0.0,14.0,4096.0,0.05,0.1,0.94775390625
task_aligned,dfa_random,0.0,0.0,0.0,14.0,4096.0,0.05,0.1,0.95166015625
mixed_context,dfa_random,3.0,2.0,0.0,14.0,1024.0,0.15,0.2,0.426025390625
mixed_context,dfa_random,3.0,1.0,0.0,14.0,1024.0,0.15,0.2,0.417236328125
mixed_context,dfa_random,4.0,0.0,0.0,14.0,1024.0,0.15,0.2,0.4208984375
task_aligned,dfa_random,1.0,0.0,0.0,14.0,1024.0,0.15,0.0,0.913330078125
nuisance_dominant,dfa_random,2.0,1.0,0.0,14.0,4096.0,0.05,0.2,0.665283203125
nuisance_dominant,dfa_random,2.0,0.0,0.0,14.0,4096.0,0.05,0.2,0.68212890625
nuisance_dominant,dfa_random,2.0,2.0,0.0,14.0,4096.0,0.05,0.2,0.676025390625
low_sample_noisy,dfa_random,4.0,0.0,0.0,14.0,2048.0,0.15,0.0,0.862548828125
task_aligned,dfa_random,0.0,2.0,0.0,14.0,1024.0,0.15,0.0,0.935302734375
nuisance_dominant,dfa_random,1.0,1.0,0.0,14.0,4096.0,0.05,0.2,0.626220703125
nuisance_dominant,dfa_random,1.0,2.0,0.0,14.0,4096.0,0.05,0.2,0.651123046875
low_sample_noisy,dfa_random,2.0,2.0,0.0,14.0,2048.0,0.15,0.0,0.862060546875
low_sample_noisy,dfa_random,2.0,1.0,0.0,14.0,2048.0,0.15,0.0,0.867919921875
low_sample_noisy,dfa_random,3.0,2.0,0.0,14.0,2048.0,0.15,0.0,0.8662109375
low_sample_noisy,dfa_random,3.0,1.0,0.0,14.0,2048.0,0.15,0.0,0.87109375
low_sample_noisy,dfa_random,4.0,1.0,0.0,14.0,2048.0,0.15,0.0,0.85595703125
nuisance_dominant,dfa_random,0.0,1.0,0.0,14.0,4096.0,0.05,0.2,0.67919921875
task_aligned,dfa_random,1.0,2.0,0.0,14.0,512.0,0.05,0.2,0.8720703125
task_aligned,dfa_random,1.0,1.0,0.0,14.0,512.0,0.05,0.2,0.845458984375
low_sample_noisy,dfa_random,3.0,0.0,0.0,14.0,2048.0,0.15,0.0,0.86474609375
task_aligned,dfa_random,2.0,2.0,0.0,14.0,2048.0,0.15,0.1,0.914794921875
mixed_context,dfa_random,4.0,0.0,0.0,14.0,4096.0,0.15,0.4,0.480712890625
mixed_context,dfa_random,0.0,0.0,0.0,14.0,512.0,0.05,0.0,0.423095703125
mixed_context,dfa_random,4.0,2.0,0.0,14.0,4096.0,0.15,0.4,0.480224609375
mixed_context,dfa_random,1.0,1.0,0.0,14.0,1024.0,0.05,0.4,0.277587890625
task_aligned,dfa_random,2.0,1.0,0.0,14.0,2048.0,0.15,0.1,0.86572265625
mixed_context,dfa_random,3.0,2.0,0.0,14.0,4096.0,0.15,0.4,0.46826171875
mixed_context,dfa_random,1.0,0.0,0.0,14.0,1024.0,0.05,0.4,0.27099609375
mixed_context,dfa_random,2.0,0.0,0.0,14.0,1024.0,0.05,0.4,0.32470703125
mixed_context,dfa_random,1.0,2.0,0.0,14.0,1024.0,0.05,0.4,0.2783203125
mixed_context,dfa_random,0.0,2.0,0.0,14.0,1024.0,0.05,0.4,0.343994140625
task_aligned,dfa_random,4.0,2.0,0.0,14.0,4096.0,0.15,0.0,0.936767578125
task_aligned,dfa_random,4.0,1.0,0.0,14.0,4096.0,0.15,0.0,0.9326171875
nuisance_dominant,dfa_random,4.0,1.0,0.0,14.0,4096.0,0.05,0.2,0.677978515625
nuisance_dominant,dfa_random,4.0,0.0,0.0,14.0,4096.0,0.05,0.2,0.684326171875
nuisance_dominant,dfa_random,0.0,0.0,0.0,14.0,4096.0,0.15,0.2,0.59521484375
nuisance_dominant,dfa_random,4.0,2.0,0.0,14.0,4096.0,0.05,0.2,0.68212890625
task_aligned,dfa_random,4.0,2.0,0.0,14.0,1024.0,0.05,0.0,0.94970703125
nuisance_dominant,dfa_random,3.0,1.0,0.0,14.0,4096.0,0.05,0.2,0.687744140625
nuisance_dominant,dfa_random,3.0,0.0,0.0,14.0,4096.0,0.05,0.2,0.67431640625
nuisance_dominant,dfa_random,3.0,2.0,0.0,14.0,4096.0,0.05,0.2,0.689697265625
task_aligned,dfa_random,0.0,1.0,0.0,14.0,1024.0,0.15,0.0,0.93212890625
low_sample_noisy,dfa_random,1.0,2.0,0.0,14.0,2048.0,0.15,0.0,0.831298828125
low_sample_noisy,dfa_random,1.0,1.0,0.0,14.0,2048.0,0.15,0.0,0.831298828125
low_sample_noisy,dfa_random,2.0,0.0,0.0,14.0,2048.0,0.15,0.0,0.869384765625
task_aligned,dfa_random,0.0,0.0,0.0,14.0,1024.0,0.15,0.0,0.926513671875
task_aligned,dfa_random,2.0,0.0,0.0,14.0,512.0,0.05,0.2,0.838623046875
low_sample_noisy,dfa_random,0.0,2.0,0.0,14.0,2048.0,0.15,0.0,0.852783203125
low_sample_noisy,dfa_random,1.0,0.0,0.0,14.0,2048.0,0.15,0.0,0.8271484375
task_aligned,dfa_random,2.0,1.0,0.0,14.0,512.0,0.05,0.2,0.870361328125
task_aligned,dfa_random,3.0,0.0,0.0,14.0,2048.0,0.15,0.1,0.90625
mixed_context,dfa_random,2.0,2.0,0.0,14.0,4096.0,0.15,0.4,0.47021484375
mixed_context,dfa_random,2.0,1.0,0.0,14.0,4096.0,0.15,0.4,0.454345703125
mixed_context,dfa_random,3.0,1.0,0.0,14.0,4096.0,0.15,0.4,0.480224609375
mixed_context,dfa_random,3.0,0.0,0.0,14.0,4096.0,0.15,0.4,0.484619140625
mixed_context,dfa_random,2.0,0.0,0.0,14.0,4096.0,0.15,0.4,0.480712890625
mixed_context,dfa_random,1.0,2.0,0.0,14.0,4096.0,0.15,0.4,0.432373046875
mixed_context,dfa_random,1.0,1.0,0.0,14.0,4096.0,0.15,0.4,0.424560546875
task_aligned,dfa_random,3.0,2.0,0.0,14.0,2048.0,0.15,0.1,0.91357421875
task_aligned,dfa_random,3.0,1.0,0.0,14.0,2048.0,0.15,0.1,0.922119140625
mixed_context,dfa_random,3.0,1.0,0.0,14.0,1024.0,0.05,0.4,0.34130859375
mixed_context,dfa_random,3.0,0.0,0.0,14.0,1024.0,0.05,0.4,0.3408203125
mixed_context,dfa_random,3.0,2.0,0.0,14.0,1024.0,0.05,0.4,0.34912109375
task_aligned,dfa_random,3.0,2.0,0.0,14.0,4096.0,0.15,0.0,0.938720703125
mixed_context,dfa_random,2.0,1.0,0.0,14.0,1024.0,0.05,0.4,0.34814453125
mixed_context,dfa_random,2.0,2.0,0.0,14.0,1024.0,0.05,0.4,0.337158203125
task_aligned,dfa_random,4.0,0.0,0.0,14.0,4096.0,0.15,0.0,0.9365234375
nuisance_dominant,dfa_random,0.0,2.0,0.0,14.0,4096.0,0.15,0.2,0.601318359375
nuisance_dominant,dfa_random,1.0,2.0,0.0,14.0,4096.0,0.15,0.2,0.567138671875
nuisance_dominant,dfa_random,1.0,1.0,0.0,14.0,4096.0,0.15,0.2,0.563232421875
low_sample_noisy,dfa_random,4.0,2.0,0.0,14.0,2048.0,0.05,0.0,0.904541015625
nuisance_dominant,dfa_random,0.0,1.0,0.0,14.0,4096.0,0.15,0.2,0.6181640625
task_aligned,dfa_random,4.0,1.0,0.0,14.0,1024.0,0.05,0.0,0.94970703125
task_aligned,dfa_random,4.0,0.0,0.0,14.0,1024.0,0.05,0.0,0.939453125
task_aligned,dfa_random,3.0,0.0,0.0,14.0,512.0,0.05,0.2,0.85693359375
low_sample_noisy,dfa_random,4.0,1.0,0.0,14.0,2048.0,0.05,0.0,0.895263671875
low_sample_noisy,dfa_random,0.0,1.0,0.0,14.0,2048.0,0.15,0.0,0.85546875
low_sample_noisy,dfa_random,0.0,0.0,0.0,14.0,2048.0,0.15,0.0,0.847900390625
task_aligned,dfa_random,2.0,2.0,0.0,14.0,512.0,0.05,0.2,0.896484375
low_sample_noisy,dfa_random,4.0,0.0,0.0,14.0,2048.0,0.05,0.0,0.900634765625
task_aligned,dfa_random,4.0,1.0,0.0,14.0,2048.0,0.15,0.1,0.910888671875
mixed_context,dfa_random,0.0,2.0,0.0,14.0,4096.0,0.15,0.4,0.459716796875
mixed_context,dfa_random,0.0,1.0,0.0,14.0,4096.0,0.15,0.4,0.486328125
mixed_context,dfa_random,1.0,0.0,0.0,14.0,4096.0,0.15,0.4,0.406982421875
mixed_context,dfa_random,0.0,2.0,0.0,14.0,1024.0,0.15,0.4,0.3359375
task_aligned,dfa_random,4.0,0.0,0.0,14.0,2048.0,0.15,0.1,0.90283203125
mixed_context,dfa_random,4.0,2.0,0.0,14.0,4096.0,0.05,0.4,0.51416015625
mixed_context,dfa_random,0.0,0.0,0.0,14.0,4096.0,0.15,0.4,0.462158203125
mixed_context,dfa_random,4.0,2.0,0.0,14.0,1024.0,0.05,0.4,0.32861328125
task_aligned,dfa_random,3.0,1.0,0.0,14.0,4096.0,0.15,0.0,0.94091796875
mixed_context,dfa_random,0.0,1.0,0.0,14.0,1024.0,0.15,0.4,0.344482421875
mixed_context,dfa_random,0.0,0.0,0.0,14.0,1024.0,0.15,0.4,0.326904296875
mixed_context,dfa_random,1.0,0.0,0.0,14.0,1024.0,0.15,0.4,0.258056640625
mixed_context,dfa_random,3.0,2.0,0.0,14.0,4096.0,0.05,0.4,0.494873046875
task_aligned,dfa_random,3.0,0.0,0.0,14.0,4096.0,0.15,0.0,0.9345703125
mixed_context,dfa_random,4.0,1.0,0.0,14.0,1024.0,0.05,0.4,0.3388671875
mixed_context,dfa_random,4.0,0.0,0.0,14.0,1024.0,0.05,0.4,0.33935546875
nuisance_dominant,dfa_random,2.0,1.0,0.0,14.0,4096.0,0.15,0.2,0.60986328125
task_aligned,dfa_random,3.0,2.0,0.0,14.0,1024.0,0.05,0.0,0.946533203125
nuisance_dominant,dfa_random,3.0,0.0,0.0,14.0,4096.0,0.15,0.2,0.629150390625
nuisance_dominant,dfa_random,2.0,2.0,0.0,14.0,4096.0,0.15,0.2,0.60400390625
low_sample_noisy,dfa_random,3.0,1.0,0.0,14.0,2048.0,0.05,0.0,0.90966796875
task_aligned,dfa_random,3.0,1.0,0.0,14.0,1024.0,0.05,0.0,0.9404296875
nuisance_dominant,dfa_random,2.0,0.0,0.0,14.0,4096.0,0.15,0.2,0.6298828125
task_aligned,dfa_random,3.0,2.0,0.0,14.0,512.0,0.05,0.2,0.877685546875
task_aligned,dfa_random,3.0,1.0,0.0,14.0,512.0,0.05,0.2,0.873291015625
low_sample_noisy,dfa_random,3.0,0.0,0.0,14.0,2048.0,0.05,0.0,0.90380859375
low_sample_noisy,dfa_random,2.0,2.0,0.0,14.0,2048.0,0.05,0.0,0.9072265625
low_sample_noisy,dfa_random,3.0,2.0,0.0,14.0,2048.0,0.05,0.0,0.91015625
nuisance_dominant,dfa_random,1.0,0.0,0.0,14.0,4096.0,0.15,0.2,0.5458984375
low_sample_noisy,dfa_random,2.0,1.0,0.0,14.0,2048.0,0.05,0.0,0.90673828125
low_sample_noisy,dfa_random,2.0,0.0,0.0,14.0,2048.0,0.05,0.0,0.913818359375
low_sample_noisy,dfa_random,1.0,2.0,0.0,14.0,2048.0,0.05,0.0,0.889404296875
task_aligned,dfa_random,4.0,0.0,0.0,14.0,512.0,0.05,0.2,0.8720703125
task_aligned,dfa_random,0.0,0.0,0.0,14.0,2048.0,0.05,0.2,0.904052734375
mixed_context,dfa_random,3.0,1.0,0.0,14.0,4096.0,0.05,0.4,0.518798828125
mixed_context,dfa_random,4.0,1.0,0.0,14.0,4096.0,0.05,0.4,0.5185546875
mixed_context,dfa_random,4.0,0.0,0.0,14.0,4096.0,0.05,0.4,0.5283203125
mixed_context,dfa_random,2.0,2.0,0.0,14.0,1024.0,0.15,0.4,0.3212890625
task_aligned,dfa_random,4.0,2.0,0.0,14.0,2048.0,0.15,0.1,0.9140625
mixed_context,dfa_random,2.0,2.0,0.0,14.0,4096.0,0.05,0.4,0.5107421875
mixed_context,dfa_random,3.0,0.0,0.0,14.0,4096.0,0.05,0.4,0.523193359375
mixed_context,dfa_random,2.0,1.0,0.0,14.0,1024.0,0.15,0.4,0.3359375
mixed_context,dfa_random,2.0,0.0,0.0,14.0,1024.0,0.15,0.4,0.312744140625
mixed_context,dfa_random,1.0,2.0,0.0,14.0,1024.0,0.15,0.4,0.277587890625
mixed_context,dfa_random,3.0,0.0,0.0,14.0,1024.0,0.15,0.4,0.321533203125
mixed_context,dfa_random,2.0,0.0,0.0,14.0,4096.0,0.05,0.4,0.499267578125
mixed_context,dfa_random,1.0,1.0,0.0,14.0,1024.0,0.15,0.4,0.269775390625
task_aligned,dfa_random,2.0,2.0,0.0,14.0,4096.0,0.15,0.0,0.95068359375
task_aligned,dfa_random,2.0,1.0,0.0,14.0,4096.0,0.15,0.0,0.94287109375
task_aligned,dfa_random,3.0,0.0,0.0,14.0,1024.0,0.05,0.0,0.9375
nuisance_dominant,dfa_random,0.0,0.0,0.0,14.0,4096.0,0.05,0.4,0.505126953125
nuisance_dominant,dfa_random,4.0,2.0,0.0,14.0,4096.0,0.15,0.2,0.612060546875
nuisance_dominant,dfa_random,0.0,2.0,0.0,14.0,4096.0,0.05,0.4,0.4765625
nuisance_dominant,dfa_random,0.0,1.0,0.0,14.0,4096.0,0.05,0.4,0.51171875
task_aligned,dfa_random,2.0,2.0,0.0,14.0,1024.0,0.05,0.0,0.92529296875
nuisance_dominant,dfa_random,4.0,0.0,0.0,14.0,4096.0,0.15,0.2,0.640869140625
nuisance_dominant,dfa_random,3.0,2.0,0.0,14.0,4096.0,0.15,0.2,0.637939453125
nuisance_dominant,dfa_random,4.0,1.0,0.0,14.0,4096.0,0.15,0.2,0.61376953125
task_aligned,dfa_random,4.0,2.0,0.0,14.0,512.0,0.05,0.2,0.869384765625
low_sample_noisy,dfa_random,1.0,0.0,0.0,14.0,2048.0,0.05,0.0,0.884765625
low_sample_noisy,dfa_random,0.0,2.0,0.0,14.0,2048.0,0.05,0.0,0.895751953125
low_sample_noisy,dfa_random,1.0,1.0,0.0,14.0,2048.0,0.05,0.0,0.890869140625
nuisance_dominant,dfa_random,3.0,1.0,0.0,14.0,4096.0,0.15,0.2,0.642333984375
task_aligned,dfa_random,4.0,1.0,0.0,14.0,512.0,0.05,0.2,0.858642578125
low_sample_noisy,dfa_random,0.0,0.0,0.0,14.0,2048.0,0.05,0.0,0.891845703125
low_sample_noisy,dfa_random,0.0,1.0,0.0,14.0,2048.0,0.05,0.0,0.902099609375
mixed_context,dfa_random,1.0,2.0,0.0,14.0,4096.0,0.05,0.4,0.47412109375
mixed_context,dfa_random,1.0,1.0,0.0,14.0,4096.0,0.05,0.4,0.442138671875
mixed_context,dfa_random,1.0,0.0,0.0,14.0,4096.0,0.05,0.4,0.452392578125
mixed_context,dfa_random,2.0,1.0,0.0,14.0,4096.0,0.05,0.4,0.48681640625
mixed_context,dfa_random,4.0,1.0,0.0,14.0,1024.0,0.15,0.4,0.317626953125
task_aligned,dfa_random,0.0,1.0,0.0,14.0,2048.0,0.05,0.2,0.887451171875
mixed_context,dfa_random,0.0,2.0,0.0,14.0,4096.0,0.05,0.4,0.50341796875
task_aligned,dfa_random,0.0,2.0,0.0,14.0,2048.0,0.05,0.2,0.8876953125
mixed_context,dfa_random,4.0,0.0,0.0,14.0,1024.0,0.15,0.4,0.322509765625
mixed_context,dfa_random,0.0,0.0,0.0,14.0,2048.0,0.05,0.0,0.766845703125
mixed_context,dfa_random,4.0,2.0,0.0,14.0,1024.0,0.15,0.4,0.311767578125
mixed_context,dfa_random,0.0,0.0,0.0,14.0,4096.0,0.05,0.4,0.487548828125
task_aligned,dfa_random,1.0,2.0,0.0,14.0,4096.0,0.15,0.0,0.930908203125
mixed_context,dfa_random,3.0,2.0,0.0,14.0,1024.0,0.15,0.4,0.33447265625
mixed_context,dfa_random,3.0,1.0,0.0,14.0,1024.0,0.15,0.4,0.324951171875
task_aligned,dfa_random,2.0,0.0,0.0,14.0,4096.0,0.15,0.0,0.943115234375
nuisance_dominant,dfa_random,2.0,0.0,0.0,14.0,4096.0,0.05,0.4,0.510009765625
nuisance_dominant,dfa_random,1.0,2.0,0.0,14.0,4096.0,0.05,0.4,0.487060546875
nuisance_dominant,dfa_random,1.0,1.0,0.0,14.0,4096.0,0.05,0.4,0.475830078125
nuisance_dominant,dfa_random,2.0,2.0,0.0,14.0,4096.0,0.05,0.4,0.510009765625
nuisance_dominant,dfa_random,1.0,0.0,0.0,14.0,4096.0,0.05,0.4,0.447998046875
task_aligned,dfa_random,2.0,1.0,0.0,14.0,1024.0,0.05,0.0,0.9189453125
task_aligned,dfa_random,2.0,0.0,0.0,14.0,1024.0,0.05,0.0,0.92578125
low_sample_noisy,dfa_random,3.0,2.0,0.0,14.0,1024.0,0.15,0.4,0.4814453125
low_sample_noisy,dfa_random,4.0,2.0,0.0,14.0,1024.0,0.15,0.4,0.478271484375
low_sample_noisy,dfa_random,4.0,1.0,0.0,14.0,1024.0,0.15,0.4,0.4677734375
low_sample_noisy,dfa_random,4.0,0.0,0.0,14.0,1024.0,0.15,0.4,0.46533203125
task_aligned,dfa_random,0.0,0.0,0.0,14.0,512.0,0.15,0.2,0.861572265625
low_sample_noisy,dfa_random,3.0,0.0,0.0,14.0,1024.0,0.15,0.4,0.482421875
low_sample_noisy,dfa_random,3.0,1.0,0.0,14.0,1024.0,0.15,0.4,0.48291015625
task_aligned,dfa_random,0.0,1.0,0.0,14.0,512.0,0.15,0.2,0.856201171875
mixed_context,dfa_random,4.0,2.0,0.0,14.0,4096.0,0.15,0.2,0.611083984375
mixed_context,dfa_random,4.0,1.0,0.0,14.0,4096.0,0.15,0.2,0.64111328125
mixed_context,dfa_random,0.0,1.0,0.0,14.0,4096.0,0.05,0.4,0.523681640625
task_aligned,dfa_random,1.0,1.0,0.0,14.0,2048.0,0.05,0.2,0.918701171875
task_aligned,dfa_random,1.0,0.0,0.0,14.0,2048.0,0.05,0.2,0.872314453125
mixed_context,dfa_random,3.0,1.0,0.0,14.0,4096.0,0.15,0.2,0.65771484375
mixed_context,dfa_random,4.0,0.0,0.0,14.0,4096.0,0.15,0.2,0.646240234375
mixed_context,dfa_random,3.0,2.0,0.0,14.0,4096.0,0.15,0.2,0.64404296875
mixed_context,dfa_random,1.0,1.0,0.0,14.0,2048.0,0.05,0.0,0.7255859375
mixed_context,dfa_random,1.0,0.0,0.0,14.0,2048.0,0.05,0.0,0.737060546875
mixed_context,dfa_random,1.0,2.0,0.0,14.0,2048.0,0.05,0.0,0.77783203125
task_aligned,dfa_random,1.0,1.0,0.0,14.0,4096.0,0.15,0.0,0.931396484375
task_aligned,dfa_random,1.0,0.0,0.0,14.0,4096.0,0.15,0.0,0.932373046875
mixed_context,dfa_random,0.0,2.0,0.0,14.0,2048.0,0.05,0.0,0.753173828125
mixed_context,dfa_random,0.0,1.0,0.0,14.0,2048.0,0.05,0.0,0.77734375
nuisance_dominant,dfa_random,3.0,2.0,0.0,14.0,4096.0,0.05,0.4,0.525390625
nuisance_dominant,dfa_random,4.0,2.0,0.0,14.0,4096.0,0.05,0.4,0.508056640625
nuisance_dominant,dfa_random,4.0,1.0,0.0,14.0,4096.0,0.05,0.4,0.546875
low_sample_noisy,dfa_random,2.0,1.0,0.0,14.0,1024.0,0.15,0.4,0.47119140625
task_aligned,dfa_random,1.0,1.0,0.0,14.0,1024.0,0.05,0.0,0.934814453125
nuisance_dominant,dfa_random,3.0,1.0,0.0,14.0,4096.0,0.05,0.4,0.553466796875
nuisance_dominant,dfa_random,3.0,0.0,0.0,14.0,4096.0,0.05,0.4,0.54443359375
task_aligned,dfa_random,1.0,2.0,0.0,14.0,1024.0,0.05,0.0,0.932861328125
low_sample_noisy,dfa_random,2.0,0.0,0.0,14.0,1024.0,0.15,0.4,0.46923828125
low_sample_noisy,dfa_random,1.0,2.0,0.0,14.0,1024.0,0.15,0.4,0.373779296875
low_sample_noisy,dfa_random,1.0,1.0,0.0,14.0,1024.0,0.15,0.4,0.360107421875
low_sample_noisy,dfa_random,2.0,2.0,0.0,14.0,1024.0,0.15,0.4,0.465576171875
nuisance_dominant,dfa_random,2.0,1.0,0.0,14.0,4096.0,0.05,0.4,0.489501953125
task_aligned,dfa_random,0.0,2.0,0.0,14.0,512.0,0.15,0.2,0.837158203125
low_sample_noisy,dfa_random,1.0,0.0,0.0,14.0,1024.0,0.15,0.4,0.366943359375
task_aligned,dfa_random,1.0,0.0,0.0,14.0,512.0,0.15,0.2,0.818603515625
mixed_context,dfa_random,1.0,2.0,0.0,14.0,4096.0,0.15,0.2,0.603271484375
mixed_context,dfa_random,2.0,2.0,0.0,14.0,4096.0,0.15,0.2,0.633056640625
mixed_context,dfa_random,2.0,1.0,0.0,14.0,4096.0,0.15,0.2,0.64013671875
mixed_context,dfa_random,3.0,0.0,0.0,14.0,4096.0,0.15,0.2,0.639404296875
mixed_context,dfa_random,3.0,2.0,0.0,14.0,2048.0,0.05,0.0,0.797607421875
task_aligned,dfa_random,2.0,0.0,0.0,14.0,2048.0,0.05,0.2,0.900146484375
task_aligned,dfa_random,1.0,2.0,0.0,14.0,2048.0,0.05,0.2,0.9052734375
mixed_context,dfa_random,2.0,0.0,0.0,14.0,4096.0,0.15,0.2,0.624267578125
mixed_context,dfa_random,2.0,2.0,0.0,14.0,2048.0,0.05,0.0,0.7900390625
task_aligned,dfa_random,0.0,2.0,0.0,14.0,4096.0,0.15,0.0,0.9501953125
mixed_context,dfa_random,3.0,1.0,0.0,14.0,2048.0,0.05,0.0,0.8154296875
mixed_context,dfa_random,3.0,0.0,0.0,14.0,2048.0,0.05,0.0,0.812744140625
mixed_context,dfa_random,4.0,0.0,0.0,14.0,2048.0,0.05,0.0,0.797119140625
mixed_context,dfa_random,0.0,2.0,0.0,14.0,4096.0,0.15,0.2,0.621826171875
task_aligned,dfa_random,0.0,1.0,0.0,14.0,4096.0,0.15,0.0,0.945556640625
mixed_context,dfa_random,2.0,1.0,0.0,14.0,2048.0,0.05,0.0,0.776611328125
mixed_context,dfa_random,2.0,0.0,0.0,14.0,2048.0,0.05,0.0,0.792236328125
nuisance_dominant,dfa_random,0.0,1.0,0.0,14.0,4096.0,0.15,0.4,0.45263671875
nuisance_dominant,dfa_random,0.0,0.0,0.0,14.0,4096.0,0.15,0.4,0.451904296875
nuisance_dominant,dfa_random,1.0,0.0,0.0,14.0,4096.0,0.15,0.4,0.405029296875
nuisance_dominant,dfa_random,0.0,2.0,0.0,14.0,4096.0,0.15,0.4,0.43896484375
low_sample_noisy,dfa_random,0.0,2.0,0.0,14.0,1024.0,0.15,0.4,0.465087890625
low_sample_noisy,dfa_random,0.0,1.0,0.0,14.0,1024.0,0.15,0.4,0.4677734375
task_aligned,dfa_random,1.0,0.0,0.0,14.0,1024.0,0.05,0.0,0.936279296875
task_aligned,dfa_random,0.0,2.0,0.0,14.0,1024.0,0.05,0.0,0.951416015625
low_sample_noisy,dfa_random,4.0,1.0,0.0,14.0,1024.0,0.05,0.4,0.48583984375
low_sample_noisy,dfa_random,4.0,0.0,0.0,14.0,1024.0,0.05,0.4,0.484375
low_sample_noisy,dfa_random,0.0,0.0,0.0,14.0,1024.0,0.15,0.4,0.476318359375
low_sample_noisy,dfa_random,4.0,2.0,0.0,14.0,1024.0,0.05,0.4,0.494873046875
nuisance_dominant,dfa_random,4.0,0.0,0.0,14.0,4096.0,0.05,0.4,0.5361328125
task_aligned,dfa_random,1.0,2.0,0.0,14.0,512.0,0.15,0.2,0.83544921875
task_aligned,dfa_random,1.0,1.0,0.0,14.0,512.0,0.15,0.2,0.82080078125
low_sample_noisy,dfa_random,3.0,2.0,0.0,14.0,1024.0,0.05,0.4,0.504638671875
task_aligned,dfa_random,2.0,2.0,0.0,14.0,2048.0,0.05,0.2,0.907470703125
mixed_context,dfa_random,0.0,1.0,0.0,14.0,4096.0,0.15,0.2,0.643798828125
mixed_context,dfa_random,1.0,1.0,0.0,14.0,4096.0,0.15,0.2,0.5947265625
mixed_context,dfa_random,1.0,0.0,0.0,14.0,4096.0,0.15,0.2,0.60595703125
mixed_context,dfa_random,0.0,1.0,0.0,14.0,2048.0,0.15,0.0,0.720947265625
task_aligned,dfa_random,2.0,1.0,0.0,14.0,2048.0,0.05,0.2,0.900390625
mixed_context,dfa_random,4.0,2.0,0.0,14.0,4096.0,0.05,0.2,0.685791015625
mixed_context,dfa_random,0.0,0.0,0.0,14.0,4096.0,0.15,0.2,0.597900390625
task_aligned,dfa_random,4.0,2.0,0.0,14.0,4096.0,0.05,0.0,0.9599609375
mixed_context,dfa_random,0.0,0.0,0.0,14.0,2048.0,0.15,0.0,0.70751953125
mixed_context,dfa_random,4.0,2.0,0.0,14.0,2048.0,0.05,0.0,0.77880859375
mixed_context,dfa_random,0.0,2.0,0.0,14.0,2048.0,0.15,0.0,0.6982421875
mixed_context,dfa_random,4.0,0.0,0.0,14.0,4096.0,0.05,0.2,0.691650390625
task_aligned,dfa_random,4.0,1.0,0.0,14.0,4096.0,0.05,0.0,0.95166015625
mixed_context,dfa_random,4.0,1.0,0.0,14.0,2048.0,0.05,0.0,0.79443359375
task_aligned,dfa_random,0.0,0.0,0.0,14.0,4096.0,0.15,0.0,0.94775390625
task_aligned,dfa_random,0.0,1.0,0.0,14.0,1024.0,0.05,0.0,0.947998046875
nuisance_dominant,dfa_random,3.0,0.0,0.0,14.0,4096.0,0.15,0.4,0.511474609375
nuisance_dominant,dfa_random,2.0,2.0,0.0,14.0,4096.0,0.15,0.4,0.46533203125
nuisance_dominant,dfa_random,3.0,2.0,0.0,14.0,4096.0,0.15,0.4,0.4677734375
nuisance_dominant,dfa_random,3.0,1.0,0.0,14.0,4096.0,0.15,0.4,0.510498046875
task_aligned,dfa_random,0.0,0.0,0.0,14.0,1024.0,0.05,0.0,0.940185546875
nuisance_dominant,dfa_random,2.0,0.0,0.0,14.0,4096.0,0.15,0.4,0.470947265625
nuisance_dominant,dfa_random,1.0,2.0,0.0,14.0,4096.0,0.15,0.4,0.43017578125
nuisance_dominant,dfa_random,2.0,1.0,0.0,14.0,4096.0,0.15,0.4,0.4462890625
low_sample_noisy,dfa_random,2.0,0.0,0.0,14.0,1024.0,0.05,0.4,0.493896484375
low_sample_noisy,dfa_random,3.0,0.0,0.0,14.0,1024.0,0.05,0.4,0.505126953125
low_sample_noisy,dfa_random,2.0,2.0,0.0,14.0,1024.0,0.05,0.4,0.491455078125
low_sample_noisy,dfa_random,3.0,1.0,0.0,14.0,1024.0,0.05,0.4,0.49755859375
nuisance_dominant,dfa_random,1.0,1.0,0.0,14.0,4096.0,0.15,0.4,0.430419921875
task_aligned,dfa_random,2.0,1.0,0.0,14.0,512.0,0.15,0.2,0.836181640625
task_aligned,dfa_random,2.0,0.0,0.0,14.0,512.0,0.15,0.2,0.8349609375
low_sample_noisy,dfa_random,2.0,1.0,0.0,14.0,1024.0,0.05,0.4,0.496337890625
task_aligned,dfa_random,3.0,2.0,0.0,14.0,2048.0,0.05,0.2,0.913330078125
mixed_context,dfa_random,3.0,2.0,0.0,14.0,4096.0,0.05,0.2,0.683837890625
mixed_context,dfa_random,3.0,1.0,0.0,14.0,4096.0,0.05,0.2,0.699462890625
mixed_context,dfa_random,4.0,1.0,0.0,14.0,4096.0,0.05,0.2,0.6748046875
task_aligned,dfa_random,3.0,1.0,0.0,14.0,2048.0,0.05,0.2,0.9267578125
task_aligned,dfa_random,3.0,0.0,0.0,14.0,2048.0,0.05,0.2,0.912841796875
mixed_context,dfa_random,3.0,0.0,0.0,14.0,4096.0,0.05,0.2,0.68505859375
mixed_context,dfa_random,1.0,2.0,0.0,14.0,2048.0,0.15,0.0,0.699462890625
mixed_context,dfa_random,2.0,2.0,0.0,14.0,2048.0,0.15,0.0,0.73828125
mixed_context,dfa_random,2.0,1.0,0.0,14.0,2048.0,0.15,0.0,0.7255859375
mixed_context,dfa_random,2.0,0.0,0.0,14.0,2048.0,0.15,0.0,0.72900390625
mixed_context,dfa_random,1.0,1.0,0.0,14.0,2048.0,0.15,0.0,0.63330078125
mixed_context,dfa_random,1.0,0.0,0.0,14.0,2048.0,0.15,0.0,0.656494140625
task_aligned,dfa_random,4.0,0.0,0.0,14.0,4096.0,0.05,0.0,0.962646484375
task_aligned,dfa_random,3.0,2.0,0.0,14.0,4096.0,0.05,0.0,0.956787109375
nuisance_dominant,dfa_random,4.0,2.0,0.0,14.0,4096.0,0.15,0.4,0.479248046875
nuisance_dominant,dfa_random,4.0,1.0,0.0,14.0,4096.0,0.15,0.4,0.511474609375
nuisance_dominant,dfa_random,0.0,1.0,0.0,14.0,512.0,0.05,0.0,0.2734375
nuisance_dominant,dfa_random,4.0,0.0,0.0,14.0,512.0,0.15,0.4,0.193603515625
nuisance_dominant,dfa_random,4.0,0.0,0.0,14.0,4096.0,0.15,0.4,0.50048828125
nuisance_dominant,dfa_random,4.0,2.0,0.0,14.0,512.0,0.15,0.4,0.187744140625
nuisance_dominant,dfa_random,4.0,1.0,0.0,14.0,512.0,0.15,0.4,0.1875
low_sample_noisy,dfa_random,0.0,2.0,0.0,14.0,1024.0,0.05,0.4,0.49365234375
low_sample_noisy,dfa_random,1.0,2.0,0.0,14.0,1024.0,0.05,0.4,0.387451171875
low_sample_noisy,dfa_random,1.0,1.0,0.0,14.0,1024.0,0.05,0.4,0.38623046875
low_sample_noisy,dfa_random,1.0,0.0,0.0,14.0,1024.0,0.05,0.4,0.379638671875
task_aligned,dfa_random,2.0,2.0,0.0,14.0,512.0,0.15,0.2,0.8740234375
low_sample_noisy,dfa_random,0.0,0.0,0.0,14.0,1024.0,0.05,0.4,0.496337890625
low_sample_noisy,dfa_random,0.0,1.0,0.0,14.0,1024.0,0.05,0.4,0.498779296875
task_aligned,dfa_random,3.0,0.0,0.0,14.0,512.0,0.15,0.2,0.8291015625
mixed_context,dfa_random,0.0,2.0,0.0,14.0,4096.0,0.05,0.2,0.646728515625
mixed_context,dfa_random,2.0,0.0,0.0,14.0,4096.0,0.05,0.2,0.686767578125
mixed_context,dfa_random,1.0,2.0,0.0,14.0,4096.0,0.05,0.2,0.670166015625
mixed_context,dfa_random,2.0,2.0,0.0,14.0,4096.0,0.05,0.2,0.670166015625
mixed_context,dfa_random,2.0,1.0,0.0,14.0,4096.0,0.05,0.2,0.671630859375
task_aligned,dfa_random,4.0,1.0,0.0,14.0,2048.0,0.05,0.2,0.923828125
task_aligned,dfa_random,4.0,0.0,0.0,14.0,2048.0,0.05,0.2,0.925048828125
mixed_context,dfa_random,1.0,1.0,0.0,14.0,4096.0,0.05,0.2,0.666748046875
mixed_context,dfa_random,1.0,0.0,0.0,14.0,4096.0,0.05,0.2,0.654541015625
task_aligned,dfa_random,3.0,1.0,0.0,14.0,4096.0,0.05,0.0,0.95947265625
mixed_context,dfa_random,4.0,0.0,0.0,14.0,2048.0,0.15,0.0,0.73583984375
mixed_context,dfa_random,3.0,2.0,0.0,14.0,2048.0,0.15,0.0,0.737548828125
mixed_context,dfa_random,4.0,1.0,0.0,14.0,2048.0,0.15,0.0,0.725830078125
mixed_context,dfa_random,0.0,1.0,0.0,14.0,4096.0,0.05,0.2,0.684814453125
task_aligned,dfa_random,3.0,0.0,0.0,14.0,4096.0,0.05,0.0,0.952880859375
mixed_context,dfa_random,3.0,0.0,0.0,14.0,2048.0,0.15,0.0,0.7626953125
mixed_context,dfa_random,3.0,1.0,0.0,14.0,2048.0,0.15,0.0,0.77197265625
nuisance_dominant,dfa_random,3.0,1.0,0.0,14.0,512.0,0.15,0.4,0.192138671875
nuisance_dominant,dfa_random,1.0,1.0,0.0,14.0,512.0,0.05,0.0,0.22509765625
nuisance_dominant,dfa_random,2.0,1.0,0.0,14.0,512.0,0.05,0.0,0.2890625
nuisance_dominant,dfa_random,2.0,0.0,0.0,14.0,512.0,0.05,0.0,0.295166015625
low_sample_noisy,dfa_random,4.0,1.0,0.0,14.0,1024.0,0.15,0.2,0.63623046875
nuisance_dominant,dfa_random,1.0,0.0,0.0,14.0,512.0,0.05,0.0,0.224853515625
nuisance_dominant,dfa_random,0.0,2.0,0.0,14.0,512.0,0.05,0.0,0.287109375
nuisance_dominant,dfa_random,3.0,2.0,0.0,14.0,512.0,0.15,0.4,0.194091796875
task_aligned,dfa_random,4.0,0.0,0.0,14.0,512.0,0.15,0.2,0.84423828125
low_sample_noisy,dfa_random,4.0,0.0,0.0,14.0,1024.0,0.15,0.2,0.62939453125
low_sample_noisy,dfa_random,3.0,2.0,0.0,14.0,1024.0,0.15,0.2,0.639892578125
low_sample_noisy,dfa_random,4.0,2.0,0.0,14.0,1024.0,0.15,0.2,0.6259765625
nuisance_dominant,dfa_random,0.0,0.0,0.0,14.0,512.0,0.05,0.0,0.271484375
task_aligned,dfa_random,3.0,2.0,0.0,14.0,512.0,0.15,0.2,0.85009765625
task_aligned,dfa_random,3.0,1.0,0.0,14.0,512.0,0.15,0.2,0.84765625
low_sample_noisy,dfa_random,3.0,1.0,0.0,14.0,1024.0,0.15,0.2,0.635009765625
mixed_context,dfa_random,4.0,1.0,0.0,14.0,4096.0,0.15,0.1,0.72021484375
task_aligned,dfa_random,0.0,0.0,0.0,14.0,2048.0,0.15,0.2,0.869140625
mixed_context,dfa_random,0.0,0.0,0.0,14.0,4096.0,0.05,0.2,0.629638671875
mixed_context,dfa_random,4.0,2.0,0.0,14.0,4096.0,0.15,0.1,0.69384765625
mixed_context,dfa_random,1.0,2.0,0.0,14.0,2048.0,0.05,0.1,0.67041015625
mixed_context,dfa_random,1.0,1.0,0.0,14.0,2048.0,0.05,0.1,0.6103515625
task_aligned,dfa_random,4.0,2.0,0.0,14.0,2048.0,0.05,0.2,0.899169921875
mixed_context,dfa_random,4.0,0.0,0.0,14.0,4096.0,0.15,0.1,0.717529296875
mixed_context,dfa_random,0.0,1.0,0.0,14.0,2048.0,0.05,0.1,0.638916015625
task_aligned,dfa_random,2.0,2.0,0.0,14.0,4096.0,0.05,0.0,0.96923828125
mixed_context,dfa_random,1.0,0.0,0.0,14.0,2048.0,0.05,0.1,0.626220703125
mixed_context,dfa_random,0.0,2.0,0.0,14.0,2048.0,0.05,0.1,0.63037109375
mixed_context,dfa_random,3.0,0.0,0.0,14.0,4096.0,0.15,0.1,0.72607421875
task_aligned,dfa_random,2.0,1.0,0.0,14.0,4096.0,0.05,0.0,0.966796875
mixed_context,dfa_random,0.0,0.0,0.0,14.0,2048.0,0.05,0.1,0.6328125
mixed_context,dfa_random,4.0,2.0,0.0,14.0,2048.0,0.15,0.0,0.7177734375
nuisance_dominant,dfa_random,3.0,0.0,0.0,14.0,512.0,0.15,0.4,0.186279296875
nuisance_dominant,dfa_random,3.0,2.0,0.0,14.0,512.0,0.05,0.0,0.344970703125
nuisance_dominant,dfa_random,3.0,1.0,0.0,14.0,512.0,0.05,0.0,0.359619140625
nuisance_dominant,dfa_random,4.0,0.0,0.0,14.0,512.0,0.05,0.0,0.3212890625
low_sample_noisy,dfa_random,2.0,2.0,0.0,14.0,1024.0,0.15,0.2,0.62060546875
nuisance_dominant,dfa_random,2.0,2.0,0.0,14.0,512.0,0.15,0.4,0.182373046875
nuisance_dominant,dfa_random,2.0,2.0,0.0,14.0,512.0,0.05,0.0,0.307861328125
nuisance_dominant,dfa_random,3.0,0.0,0.0,14.0,512.0,0.05,0.0,0.32666015625
low_sample_noisy,dfa_random,1.0,1.0,0.0,14.0,1024.0,0.15,0.2,0.503662109375
low_sample_noisy,dfa_random,1.0,0.0,0.0,14.0,1024.0,0.15,0.2,0.5009765625
low_sample_noisy,dfa_random,2.0,1.0,0.0,14.0,1024.0,0.15,0.2,0.639892578125
low_sample_noisy,dfa_random,2.0,0.0,0.0,14.0,1024.0,0.15,0.2,0.6259765625
low_sample_noisy,dfa_random,3.0,0.0,0.0,14.0,1024.0,0.15,0.2,0.642333984375
nuisance_dominant,dfa_random,1.0,2.0,0.0,14.0,512.0,0.05,0.0,0.219482421875
task_aligned,dfa_random,4.0,2.0,0.0,14.0,512.0,0.15,0.2,0.835693359375
task_aligned,dfa_random,4.0,1.0,0.0,14.0,512.0,0.15,0.2,0.820068359375
low_sample_noisy,dfa_random,1.0,2.0,0.0,14.0,1024.0,0.15,0.2,0.537353515625
mixed_context,dfa_random,2.0,2.0,0.0,14.0,4096.0,0.15,0.1,0.72216796875
mixed_context,dfa_random,3.0,2.0,0.0,14.0,4096.0,0.15,0.1,0.713134765625
mixed_context,dfa_random,3.0,1.0,0.0,14.0,4096.0,0.15,0.1,0.71337890625
mixed_context,dfa_random,3.0,1.0,0.0,14.0,2048.0,0.05,0.1,0.677978515625
task_aligned,dfa_random,0.0,1.0,0.0,14.0,2048.0,0.15,0.2,0.87255859375
mixed_context,dfa_random,2.0,0.0,0.0,14.0,4096.0,0.15,0.1,0.729248046875
mixed_context,dfa_random,2.0,1.0,0.0,14.0,4096.0,0.15,0.1,0.696533203125
task_aligned,dfa_random,0.0,2.0,0.0,14.0,2048.0,0.15,0.2,0.8779296875
mixed_context,dfa_random,3.0,0.0,0.0,14.0,2048.0,0.05,0.1,0.702880859375
mixed_context,dfa_random,2.0,2.0,0.0,14.0,2048.0,0.05,0.1,0.681640625
mixed_context,dfa_random,2.0,1.0,0.0,14.0,2048.0,0.05,0.1,0.64208984375
mixed_context,dfa_random,3.0,2.0,0.0,14.0,2048.0,0.05,0.1,0.6728515625
mixed_context,dfa_random,1.0,1.0,0.0,14.0,4096.0,0.15,0.1,0.675048828125
mixed_context,dfa_random,2.0,0.0,0.0,14.0,2048.0,0.05,0.1,0.672607421875
task_aligned,dfa_random,2.0,0.0,0.0,14.0,4096.0,0.05,0.0,0.96142578125
task_aligned,dfa_random,1.0,2.0,0.0,14.0,4096.0,0.05,0.0,0.96435546875
nuisance_dominant,dfa_random,2.0,1.0,0.0,14.0,512.0,0.15,0.4,0.18359375
nuisance_dominant,dfa_random,0.0,2.0,0.0,14.0,512.0,0.15,0.0,0.281494140625
nuisance_dominant,dfa_random,0.0,1.0,0.0,14.0,512.0,0.15,0.0,0.25830078125
nuisance_dominant,dfa_random,1.0,1.0,0.0,14.0,512.0,0.15,0.0,0.22998046875
nuisance_dominant,dfa_random,2.0,0.0,0.0,14.0,512.0,0.15,0.4,0.189208984375
nuisance_dominant,dfa_random,4.0,2.0,0.0,14.0,512.0,0.05,0.0,0.30419921875
nuisance_dominant,dfa_random,4.0,1.0,0.0,14.0,512.0,0.05,0.0,0.30810546875
nuisance_dominant,dfa_random,0.0,0.0,0.0,14.0,512.0,0.15,0.0,0.273193359375
low_sample_noisy,dfa_random,0.0,1.0,0.0,14.0,1024.0,0.15,0.2,0.650146484375
low_sample_noisy,dfa_random,0.0,0.0,0.0,14.0,1024.0,0.15,0.2,0.633056640625
low_sample_noisy,dfa_random,0.0,2.0,0.0,14.0,1024.0,0.15,0.2,0.6416015625
task_aligned,dfa_random,0.0,0.0,0.0,14.0,512.0,0.05,0.4,0.7802734375
low_sample_noisy,dfa_random,4.0,1.0,0.0,14.0,1024.0,0.05,0.2,0.667236328125
low_sample_noisy,dfa_random,4.0,2.0,0.0,14.0,1024.0,0.05,0.2,0.665283203125
task_aligned,dfa_random,0.0,1.0,0.0,14.0,512.0,0.05,0.4,0.7666015625
mixed_context,dfa_random,1.0,0.0,0.0,14.0,4096.0,0.15,0.1,0.666259765625
mixed_context,dfa_random,0.0,2.0,0.0,14.0,4096.0,0.15,0.1,0.7119140625
mixed_context,dfa_random,0.0,1.0,0.0,14.0,4096.0,0.15,0.1,0.729736328125
mixed_context,dfa_random,1.0,2.0,0.0,14.0,4096.0,0.15,0.1,0.6865234375
task_aligned,dfa_random,1.0,0.0,0.0,14.0,2048.0,0.15,0.2,0.816162109375
mixed_context,dfa_random,0.0,0.0,0.0,14.0,4096.0,0.15,0.1,0.704345703125
task_aligned,dfa_random,1.0,1.0,0.0,14.0,2048.0,0.15,0.2,0.881591796875
mixed_context,dfa_random,4.0,2.0,0.0,14.0,2048.0,0.05,0.1,0.65380859375
mixed_context,dfa_random,0.0,2.0,0.0,14.0,2048.0,0.15,0.1,0.596435546875
mixed_context,dfa_random,0.0,1.0,0.0,14.0,2048.0,0.15,0.1,0.604248046875
mixed_context,dfa_random,0.0,0.0,0.0,14.0,2048.0,0.15,0.1,0.587890625
task_aligned,dfa_random,1.0,1.0,0.0,14.0,4096.0,0.05,0.0,0.956298828125
task_aligned,dfa_random,1.0,0.0,0.0,14.0,4096.0,0.05,0.0,0.955322265625
mixed_context,dfa_random,4.0,1.0,0.0,14.0,2048.0,0.05,0.1,0.674560546875
mixed_context,dfa_random,4.0,0.0,0.0,14.0,2048.0,0.05,0.1,0.66845703125
nuisance_dominant,dfa_random,2.0,2.0,0.0,14.0,512.0,0.15,0.0,0.286865234375
nuisance_dominant,dfa_random,2.0,1.0,0.0,14.0,512.0,0.15,0.0,0.28173828125
nuisance_dominant,dfa_random,2.0,0.0,0.0,14.0,512.0,0.15,0.0,0.289794921875
nuisance_dominant,dfa_random,3.0,1.0,0.0,14.0,512.0,0.15,0.0,0.350830078125
low_sample_noisy,dfa_random,3.0,1.0,0.0,14.0,1024.0,0.05,0.2,0.65625
nuisance_dominant,dfa_random,1.0,2.0,0.0,14.0,512.0,0.15,0.0,0.211669921875
nuisance_dominant,dfa_random,1.0,2.0,0.0,14.0,512.0,0.15,0.4,0.16455078125
nuisance_dominant,dfa_random,1.0,1.0,0.0,14.0,512.0,0.15,0.4,0.16796875
low_sample_noisy,dfa_random,3.0,0.0,0.0,14.0,1024.0,0.05,0.2,0.66259765625
low_sample_noisy,dfa_random,4.0,0.0,0.0,14.0,1024.0,0.05,0.2,0.65185546875
low_sample_noisy,dfa_random,3.0,2.0,0.0,14.0,1024.0,0.05,0.2,0.67333984375
nuisance_dominant,dfa_random,1.0,0.0,0.0,14.0,512.0,0.15,0.0,0.212890625
task_aligned,dfa_random,0.0,2.0,0.0,14.0,512.0,0.05,0.4,0.741455078125
low_sample_noisy,dfa_random,2.0,1.0,0.0,14.0,1024.0,0.05,0.2,0.6689453125
low_sample_noisy,dfa_random,2.0,2.0,0.0,14.0,1024.0,0.05,0.2,0.638916015625
task_aligned,dfa_random,1.0,0.0,0.0,14.0,512.0,0.05,0.4,0.764892578125
mixed_context,dfa_random,3.0,0.0,0.0,14.0,4096.0,0.05,0.1,0.76171875
mixed_context,dfa_random,4.0,0.0,0.0,14.0,4096.0,0.05,0.1,0.77001953125
mixed_context,dfa_random,3.0,2.0,0.0,14.0,4096.0,0.05,0.1,0.76171875
mixed_context,dfa_random,4.0,2.0,0.0,14.0,4096.0,0.05,0.1,0.746337890625
mixed_context,dfa_random,4.0,1.0,0.0,14.0,4096.0,0.05,0.1,0.771484375
task_aligned,dfa_random,2.0,0.0,0.0,14.0,2048.0,0.15,0.2,0.873779296875
task_aligned,dfa_random,1.0,2.0,0.0,14.0,2048.0,0.15,0.2,0.8623046875
mixed_context,dfa_random,2.0,2.0,0.0,14.0,4096.0,0.05,0.1,0.758056640625
mixed_context,dfa_random,3.0,1.0,0.0,14.0,4096.0,0.05,0.1,0.75634765625
mixed_context,dfa_random,1.0,0.0,0.0,14.0,2048.0,0.15,0.1,0.55810546875
mixed_context,dfa_random,2.0,0.0,0.0,14.0,2048.0,0.15,0.1,0.629150390625
mixed_context,dfa_random,1.0,2.0,0.0,14.0,2048.0,0.15,0.1,0.602294921875
mixed_context,dfa_random,2.0,1.0,0.0,14.0,2048.0,0.15,0.1,0.599365234375
mixed_context,dfa_random,2.0,1.0,0.0,14.0,4096.0,0.05,0.1,0.732177734375
task_aligned,dfa_random,0.0,2.0,0.0,14.0,4096.0,0.05,0.0,0.968994140625
task_aligned,dfa_random,0.0,1.0,0.0,14.0,4096.0,0.05,0.0,0.964111328125
mixed_context,dfa_random,1.0,1.0,0.0,14.0,2048.0,0.15,0.1,0.548828125
nuisance_dominant,dfa_random,3.0,2.0,0.0,14.0,512.0,0.15,0.0,0.328125
nuisance_dominant,dfa_random,4.0,1.0,0.0,14.0,512.0,0.15,0.0,0.302490234375
nuisance_dominant,dfa_random,0.0,1.0,0.0,14.0,512.0,0.05,0.1,0.241455078125
nuisance_dominant,dfa_random,0.0,0.0,0.0,14.0,512.0,0.05,0.1,0.247802734375
low_sample_noisy,dfa_random,1.0,2.0,0.0,14.0,1024.0,0.05,0.2,0.56640625
nuisance_dominant,dfa_random,1.0,0.0,0.0,14.0,512.0,0.15,0.4,0.163818359375
nuisance_dominant,dfa_random,0.0,2.0,0.0,14.0,512.0,0.15,0.4,0.20263671875
nuisance_dominant,dfa_random,4.0,0.0,0.0,14.0,512.0,0.15,0.0,0.2998046875
task_aligned,dfa_random,1.0,2.0,0.0,14.0,512.0,0.05,0.4,0.7607421875
low_sample_noisy,dfa_random,1.0,1.0,0.0,14.0,1024.0,0.05,0.2,0.543701171875
low_sample_noisy,dfa_random,1.0,0.0,0.0,14.0,1024.0,0.05,0.2,0.53076171875
low_sample_noisy,dfa_random,0.0,2.0,0.0,14.0,1024.0,0.05,0.2,0.668212890625
low_sample_noisy,dfa_random,2.0,0.0,0.0,14.0,1024.0,0.05,0.2,0.6552734375
nuisance_dominant,dfa_random,3.0,0.0,0.0,14.0,512.0,0.15,0.0,0.314453125
task_aligned,dfa_random,1.0,1.0,0.0,14.0,512.0,0.05,0.4,0.78125
low_sample_noisy,dfa_random,0.0,1.0,0.0,14.0,1024.0,0.05,0.2,0.677001953125
mixed_context,dfa_random,1.0,1.0,0.0,14.0,4096.0,0.05,0.1,0.733642578125
mixed_context,dfa_random,1.0,0.0,0.0,14.0,4096.0,0.05,0.1,0.7314453125
mixed_context,dfa_random,2.0,0.0,0.0,14.0,4096.0,0.05,0.1,0.767822265625
mixed_context,dfa_random,1.0,2.0,0.0,14.0,4096.0,0.05,0.1,0.751220703125
mixed_context,dfa_random,4.0,1.0,0.0,14.0,2048.0,0.15,0.1,0.62841796875
task_aligned,dfa_random,2.0,2.0,0.0,14.0,2048.0,0.15,0.2,0.878662109375
task_aligned,dfa_random,2.0,1.0,0.0,14.0,2048.0,0.15,0.2,0.857177734375
mixed_context,dfa_random,3.0,0.0,0.0,14.0,2048.0,0.15,0.1,0.658935546875
task_aligned,dfa_random,0.0,0.0,0.0,14.0,4096.0,0.05,0.0,0.966064453125
mixed_context,dfa_random,4.0,0.0,0.0,14.0,2048.0,0.15,0.1,0.618408203125
mixed_context,dfa_random,3.0,2.0,0.0,14.0,2048.0,0.15,0.1,0.640869140625
mixed_context,dfa_random,4.0,2.0,0.0,14.0,2048.0,0.15,0.1,0.61474609375
mixed_context,dfa_random,0.0,0.0,0.0,14.0,4096.0,0.05,0.1,0.74609375
task_aligned,dfa_random,4.0,2.0,0.0,14.0,2048.0,0.15,0.4,0.736083984375
task_aligned,dfa_random,4.0,1.0,0.0,14.0,2048.0,0.15,0.4,0.793212890625
mixed_context,dfa_random,2.0,2.0,0.0,14.0,2048.0,0.15,0.1,0.64453125
mixed_context,dfa_random,3.0,1.0,0.0,14.0,2048.0,0.15,0.1,0.646728515625
nuisance_dominant,dfa_random,0.0,2.0,0.0,14.0,512.0,0.05,0.1,0.254150390625
nuisance_dominant,dfa_random,1.0,2.0,0.0,14.0,512.0,0.05,0.1,0.197509765625
nuisance_dominant,dfa_random,1.0,1.0,0.0,14.0,512.0,0.05,0.1,0.2021484375
nuisance_dominant,dfa_random,2.0,0.0,0.0,14.0,512.0,0.05,0.1,0.26806640625
low_sample_noisy,dfa_random,4.0,2.0,0.0,14.0,1024.0,0.15,0.1,0.7265625
nuisance_dominant,dfa_random,0.0,1.0,0.0,14.0,512.0,0.15,0.4,0.1884765625
nuisance_dominant,dfa_random,0.0,0.0,0.0,14.0,512.0,0.15,0.4,0.2041015625
nuisance_dominant,dfa_random,1.0,0.0,0.0,14.0,512.0,0.05,0.1,0.205810546875
low_sample_noisy,dfa_random,3.0,2.0,0.0,14.0,1024.0,0.15,0.1,0.740478515625
low_sample_noisy,dfa_random,3.0,1.0,0.0,14.0,1024.0,0.15,0.1,0.713623046875
low_sample_noisy,dfa_random,4.0,1.0,0.0,14.0,1024.0,0.15,0.1,0.72265625
low_sample_noisy,dfa_random,4.0,0.0,0.0,14.0,1024.0,0.15,0.1,0.709716796875
low_sample_noisy,dfa_random,0.0,0.0,0.0,14.0,1024.0,0.05,0.2,0.66748046875
nuisance_dominant,dfa_random,4.0,2.0,0.0,14.0,512.0,0.15,0.0,0.294677734375
task_aligned,dfa_random,2.0,1.0,0.0,14.0,512.0,0.05,0.4,0.6796875
task_aligned,dfa_random,2.0,0.0,0.0,14.0,512.0,0.05,0.4,0.752685546875
low_sample_noisy,dfa_random,3.0,0.0,0.0,14.0,1024.0,0.15,0.1,0.72119140625
task_aligned,dfa_random,3.0,1.0,0.0,14.0,2048.0,0.15,0.2,0.899169921875
mixed_context,dfa_random,4.0,2.0,0.0,14.0,4096.0,0.15,0.0,0.78515625
mixed_context,dfa_random,0.0,2.0,0.0,14.0,4096.0,0.05,0.1,0.75927734375
mixed_context,dfa_random,0.0,1.0,0.0,14.0,4096.0,0.05,0.1,0.77880859375
mixed_context,dfa_random,0.0,2.0,0.0,14.0,2048.0,0.05,0.2,0.53076171875
task_aligned,dfa_random,3.0,0.0,0.0,14.0,2048.0,0.15,0.2,0.87353515625
mixed_context,dfa_random,4.0,1.0,0.0,14.0,4096.0,0.15,0.0,0.802490234375
mixed_context,dfa_random,0.0,1.0,0.0,14.0,2048.0,0.05,0.2,0.565185546875
mixed_context,dfa_random,1.0,1.0,0.0,14.0,2048.0,0.05,0.2,0.487548828125
mixed_context,dfa_random,1.0,0.0,0.0,14.0,2048.0,0.05,0.2,0.5341796875
task_aligned,dfa_random,3.0,2.0,0.0,14.0,2048.0,0.15,0.4,0.81787109375
mixed_context,dfa_random,0.0,0.0,0.0,14.0,2048.0,0.05,0.2,0.55419921875
task_aligned,dfa_random,4.0,0.0,0.0,14.0,2048.0,0.15,0.4,0.7255859375
nuisance_dominant,dfa_random,4.0,2.0,0.0,14.0,512.0,0.05,0.4,0.18896484375
nuisance_dominant,dfa_random,3.0,2.0,0.0,14.0,512.0,0.05,0.1,0.290771484375
nuisance_dominant,dfa_random,3.0,1.0,0.0,14.0,512.0,0.05,0.1,0.320068359375
nuisance_dominant,dfa_random,4.0,1.0,0.0,14.0,512.0,0.05,0.1,0.27001953125
nuisance_dominant,dfa_random,4.0,0.0,0.0,14.0,512.0,0.05,0.1,0.26318359375
nuisance_dominant,dfa_random,4.0,1.0,0.0,14.0,512.0,0.05,0.4,0.191650390625
nuisance_dominant,dfa_random,4.0,0.0,0.0,14.0,512.0,0.05,0.4,0.1904296875
nuisance_dominant,dfa_random,2.0,1.0,0.0,14.0,512.0,0.05,0.1,0.250244140625
nuisance_dominant,dfa_random,3.0,0.0,0.0,14.0,512.0,0.05,0.1,0.2822265625
nuisance_dominant,dfa_random,2.0,2.0,0.0,14.0,512.0,0.05,0.1,0.2626953125
low_sample_noisy,dfa_random,2.0,1.0,0.0,14.0,1024.0,0.15,0.1,0.72265625
low_sample_noisy,dfa_random,2.0,0.0,0.0,14.0,1024.0,0.15,0.1,0.7158203125
low_sample_noisy,dfa_random,2.0,2.0,0.0,14.0,1024.0,0.15,0.1,0.7177734375
task_aligned,dfa_random,3.0,0.0,0.0,14.0,512.0,0.05,0.4,0.739013671875
task_aligned,dfa_random,2.0,2.0,0.0,14.0,512.0,0.05,0.4,0.76171875
low_sample_noisy,dfa_random,1.0,2.0,0.0,14.0,1024.0,0.15,0.1,0.645263671875
low_sample_noisy,dfa_random,1.0,1.0,0.0,14.0,1024.0,0.15,0.1,0.637451171875
mixed_context,dfa_random,3.0,1.0,0.0,14.0,4096.0,0.15,0.0,0.81103515625
mixed_context,dfa_random,3.0,0.0,0.0,14.0,4096.0,0.15,0.0,0.80712890625
mixed_context,dfa_random,4.0,0.0,0.0,14.0,4096.0,0.15,0.0,0.801025390625
mixed_context,dfa_random,3.0,2.0,0.0,14.0,4096.0,0.15,0.0,0.80908203125
task_aligned,dfa_random,4.0,0.0,0.0,14.0,2048.0,0.15,0.2,0.899658203125
task_aligned,dfa_random,3.0,2.0,0.0,14.0,2048.0,0.15,0.2,0.88330078125
mixed_context,dfa_random,2.0,0.0,0.0,14.0,4096.0,0.15,0.0,0.795166015625
mixed_context,dfa_random,2.0,2.0,0.0,14.0,4096.0,0.15,0.0,0.80517578125
mixed_context,dfa_random,2.0,1.0,0.0,14.0,4096.0,0.15,0.0,0.798828125
mixed_context,dfa_random,2.0,2.0,0.0,14.0,2048.0,0.05,0.2,0.59375
mixed_context,dfa_random,2.0,1.0,0.0,14.0,2048.0,0.05,0.2,0.55859375
mixed_context,dfa_random,3.0,0.0,0.0,14.0,2048.0,0.05,0.2,0.602294921875
task_aligned,dfa_random,4.0,1.0,0.0,14.0,2048.0,0.15,0.2,0.89501953125
task_aligned,dfa_random,3.0,1.0,0.0,14.0,2048.0,0.15,0.4,0.774169921875
task_aligned,dfa_random,3.0,0.0,0.0,14.0,2048.0,0.15,0.4,0.78369140625
mixed_context,dfa_random,2.0,0.0,0.0,14.0,2048.0,0.05,0.2,0.56298828125
mixed_context,dfa_random,1.0,2.0,0.0,14.0,2048.0,0.05,0.2,0.52783203125
nuisance_dominant,dfa_random,0.0,0.0,0.0,14.0,512.0,0.15,0.1,0.244873046875
nuisance_dominant,dfa_random,1.0,0.0,0.0,14.0,512.0,0.15,0.1,0.2001953125
nuisance_dominant,dfa_random,0.0,2.0,0.0,14.0,512.0,0.15,0.1,0.25048828125
low_sample_noisy,dfa_random,0.0,1.0,0.0,14.0,1024.0,0.15,0.1,0.72705078125
nuisance_dominant,dfa_random,3.0,1.0,0.0,14.0,512.0,0.05,0.4,0.197998046875
nuisance_dominant,dfa_random,4.0,2.0,0.0,14.0,512.0,0.05,0.1,0.251220703125
nuisance_dominant,dfa_random,3.0,2.0,0.0,14.0,512.0,0.05,0.4,0.196044921875
task_aligned,dfa_random,3.0,2.0,0.0,14.0,512.0,0.05,0.4,0.756591796875
low_sample_noisy,dfa_random,0.0,0.0,0.0,14.0,1024.0,0.15,0.1,0.71826171875
low_sample_noisy,dfa_random,1.0,0.0,0.0,14.0,1024.0,0.15,0.1,0.6220703125
low_sample_noisy,dfa_random,0.0,2.0,0.0,14.0,1024.0,0.15,0.1,0.716064453125
task_aligned,dfa_random,3.0,1.0,0.0,14.0,512.0,0.05,0.4,0.740478515625
low_sample_noisy,dfa_random,4.0,2.0,0.0,14.0,1024.0,0.05,0.1,0.75537109375
mixed_context,dfa_random,0.0,1.0,0.0,14.0,4096.0,0.15,0.0,0.803466796875
mixed_context,dfa_random,1.0,1.0,0.0,14.0,4096.0,0.15,0.0,0.76904296875
mixed_context,dfa_random,1.0,0.0,0.0,14.0,4096.0,0.15,0.0,0.7626953125
mixed_context,dfa_random,1.0,2.0,0.0,14.0,4096.0,0.15,0.0,0.7763671875
mixed_context,dfa_random,0.0,0.0,0.0,14.0,2048.0,0.15,0.2,0.5078125
task_aligned,dfa_random,0.0,0.0,0.0,14.0,2048.0,0.05,0.4,0.82080078125
task_aligned,dfa_random,4.0,2.0,0.0,14.0,2048.0,0.15,0.2,0.864501953125
mixed_context,dfa_random,0.0,2.0,0.0,14.0,4096.0,0.15,0.0,0.803466796875
mixed_context,dfa_random,4.0,0.0,0.0,14.0,2048.0,0.05,0.2,0.584228515625
task_aligned,dfa_random,2.0,2.0,0.0,14.0,2048.0,0.15,0.4,0.732666015625
mixed_context,dfa_random,4.0,2.0,0.0,14.0,2048.0,0.05,0.2,0.551513671875
mixed_context,dfa_random,4.0,1.0,0.0,14.0,2048.0,0.05,0.2,0.562255859375
mixed_context,dfa_random,0.0,1.0,0.0,14.0,2048.0,0.15,0.2,0.522216796875
mixed_context,dfa_random,4.0,1.0,0.0,14.0,4096.0,0.05,0.0,0.866455078125
task_aligned,dfa_random,2.0,1.0,0.0,14.0,2048.0,0.15,0.4,0.735107421875
mixed_context,dfa_random,3.0,2.0,0.0,14.0,2048.0,0.05,0.2,0.5791015625
mixed_context,dfa_random,3.0,1.0,0.0,14.0,2048.0,0.05,0.2,0.58154296875
nuisance_dominant,dfa_random,1.0,2.0,0.0,14.0,512.0,0.15,0.1,0.19677734375
nuisance_dominant,dfa_random,1.0,1.0,0.0,14.0,512.0,0.15,0.1,0.20947265625
nuisance_dominant,dfa_random,2.0,1.0,0.0,14.0,512.0,0.15,0.1,0.241455078125
nuisance_dominant,dfa_random,2.0,0.0,0.0,14.0,512.0,0.15,0.1,0.259521484375
low_sample_noisy,dfa_random,4.0,0.0,0.0,14.0,1024.0,0.05,0.1,0.741943359375
nuisance_dominant,dfa_random,3.0,0.0,0.0,14.0,512.0,0.05,0.4,0.189453125
nuisance_dominant,dfa_random,2.0,2.0,0.0,14.0,512.0,0.05,0.4,0.1806640625
low_sample_noisy,dfa_random,2.0,2.0,0.0,14.0,1024.0,0.05,0.1,0.749267578125
low_sample_noisy,dfa_random,3.0,2.0,0.0,14.0,1024.0,0.05,0.1,0.76953125
low_sample_noisy,dfa_random,3.0,1.0,0.0,14.0,1024.0,0.05,0.1,0.7421875
low_sample_noisy,dfa_random,4.0,1.0,0.0,14.0,1024.0,0.05,0.1,0.7587890625
nuisance_dominant,dfa_random,0.0,1.0,0.0,14.0,512.0,0.15,0.1,0.2373046875
task_aligned,dfa_random,4.0,2.0,0.0,14.0,512.0,0.05,0.4,0.8017578125
task_aligned,dfa_random,4.0,1.0,0.0,14.0,512.0,0.05,0.4,0.737060546875
task_aligned,dfa_random,4.0,0.0,0.0,14.0,512.0,0.05,0.4,0.786865234375
low_sample_noisy,dfa_random,2.0,1.0,0.0,14.0,1024.0,0.05,0.1,0.75732421875
low_sample_noisy,dfa_random,3.0,0.0,0.0,14.0,1024.0,0.05,0.1,0.75146484375
task_aligned,dfa_random,0.0,2.0,0.0,14.0,2048.0,0.05,0.4,0.845947265625
mixed_context,dfa_random,4.0,0.0,0.0,14.0,4096.0,0.05,0.0,0.85888671875
mixed_context,dfa_random,0.0,0.0,0.0,14.0,4096.0,0.15,0.0,0.80224609375
mixed_context,dfa_random,4.0,2.0,0.0,14.0,4096.0,0.05,0.0,0.853271484375
mixed_context,dfa_random,2.0,0.0,0.0,14.0,2048.0,0.15,0.2,0.52880859375
task_aligned,dfa_random,0.0,1.0,0.0,14.0,2048.0,0.05,0.4,0.863037109375
mixed_context,dfa_random,3.0,1.0,0.0,14.0,4096.0,0.05,0.0,0.869140625
mixed_context,dfa_random,3.0,2.0,0.0,14.0,4096.0,0.05,0.0,0.864990234375
task_aligned,dfa_random,1.0,2.0,0.0,14.0,2048.0,0.15,0.4,0.725341796875
mixed_context,dfa_random,1.0,2.0,0.0,14.0,2048.0,0.15,0.2,0.4853515625
mixed_context,dfa_random,1.0,1.0,0.0,14.0,2048.0,0.15,0.2,0.447021484375
mixed_context,dfa_random,1.0,0.0,0.0,14.0,2048.0,0.15,0.2,0.472412109375
mixed_context,dfa_random,2.0,1.0,0.0,14.0,2048.0,0.15,0.2,0.52099609375
mixed_context,dfa_random,2.0,2.0,0.0,14.0,4096.0,0.05,0.0,0.852783203125
mixed_context,dfa_random,0.0,2.0,0.0,14.0,2048.0,0.15,0.2,0.498779296875
task_aligned,dfa_random,2.0,0.0,0.0,14.0,2048.0,0.15,0.4,0.697509765625
nuisance_dominant,dfa_random,2.0,1.0,0.0,14.0,512.0,0.05,0.4,0.183349609375
nuisance_dominant,dfa_random,4.0,1.0,0.0,14.0,512.0,0.15,0.1,0.26025390625
nuisance_dominant,dfa_random,4.0,0.0,0.0,14.0,512.0,0.15,0.1,0.2568359375
nuisance_dominant,dfa_random,0.0,0.0,0.0,14.0,512.0,0.05,0.2,0.229736328125
nuisance_dominant,dfa_random,4.0,2.0,0.0,14.0,512.0,0.15,0.1,0.248779296875
nuisance_dominant,dfa_random,2.0,0.0,0.0,14.0,512.0,0.05,0.4,0.19384765625
nuisance_dominant,dfa_random,3.0,1.0,0.0,14.0,512.0,0.15,0.1,0.30029296875
nuisance_dominant,dfa_random,3.0,0.0,0.0,14.0,512.0,0.15,0.1,0.26904296875
nuisance_dominant,dfa_random,3.0,2.0,0.0,14.0,512.0,0.15,0.1,0.27783203125
low_sample_noisy,dfa_random,0.0,2.0,0.0,14.0,1024.0,0.05,0.1,0.749755859375
low_sample_noisy,dfa_random,1.0,2.0,0.0,14.0,1024.0,0.05,0.1,0.70947265625
low_sample_noisy,dfa_random,1.0,1.0,0.0,14.0,1024.0,0.05,0.1,0.683837890625
low_sample_noisy,dfa_random,2.0,0.0,0.0,14.0,1024.0,0.05,0.1,0.760009765625
nuisance_dominant,dfa_random,2.0,2.0,0.0,14.0,512.0,0.15,0.1,0.250244140625
task_aligned,dfa_random,0.0,1.0,0.0,14.0,512.0,0.15,0.4,0.728759765625
task_aligned,dfa_random,0.0,0.0,0.0,14.0,512.0,0.15,0.4,0.775390625
low_sample_noisy,dfa_random,1.0,0.0,0.0,14.0,1024.0,0.05,0.1,0.67578125
mixed_context,dfa_random,2.0,1.0,0.0,14.0,4096.0,0.05,0.0,0.85986328125
mixed_context,dfa_random,2.0,0.0,0.0,14.0,4096.0,0.05,0.0,0.857177734375
mixed_context,dfa_random,1.0,2.0,0.0,14.0,4096.0,0.05,0.0,0.859130859375
mixed_context,dfa_random,3.0,0.0,0.0,14.0,4096.0,0.05,0.0,0.875244140625
mixed_context,dfa_random,3.0,2.0,0.0,14.0,2048.0,0.15,0.2,0.55517578125
mixed_context,dfa_random,1.0,1.0,0.0,14.0,4096.0,0.05,0.0,0.834716796875
task_aligned,dfa_random,1.0,1.0,0.0,14.0,2048.0,0.05,0.4,0.7998046875
task_aligned,dfa_random,1.0,0.0,0.0,14.0,2048.0,0.05,0.4,0.796630859375
mixed_context,dfa_random,3.0,1.0,0.0,14.0,2048.0,0.15,0.2,0.56103515625
mixed_context,dfa_random,4.0,1.0,0.0,14.0,2048.0,0.15,0.2,0.518798828125
mixed_context,dfa_random,4.0,0.0,0.0,14.0,2048.0,0.15,0.2,0.5419921875
mixed_context,dfa_random,0.0,2.0,0.0,14.0,4096.0,0.05,0.0,0.867919921875
mixed_context,dfa_random,2.0,2.0,0.0,14.0,2048.0,0.15,0.2,0.555908203125
mixed_context,dfa_random,3.0,0.0,0.0,14.0,2048.0,0.15,0.2,0.572509765625
task_aligned,dfa_random,1.0,1.0,0.0,14.0,2048.0,0.15,0.4,0.731689453125
task_aligned,dfa_random,1.0,0.0,0.0,14.0,2048.0,0.15,0.4,0.719482421875
nuisance_dominant,dfa_random,1.0,1.0,0.0,14.0,512.0,0.05,0.2,0.201416015625
nuisance_dominant,dfa_random,1.0,0.0,0.0,14.0,512.0,0.05,0.2,0.185791015625
nuisance_dominant,dfa_random,0.0,2.0,0.0,14.0,512.0,0.05,0.2,0.228515625
nuisance_dominant,dfa_random,2.0,0.0,0.0,14.0,512.0,0.05,0.2,0.245361328125
nuisance_dominant,dfa_random,0.0,1.0,0.0,14.0,512.0,0.05,0.2,0.236572265625
nuisance_dominant,dfa_random,1.0,2.0,0.0,14.0,512.0,0.05,0.4,0.168212890625
nuisance_dominant,dfa_random,1.0,1.0,0.0,14.0,512.0,0.05,0.4,0.16796875
low_sample_noisy,dfa_random,4.0,1.0,0.0,14.0,1024.0,0.15,0.0,0.8173828125
low_sample_noisy,dfa_random,0.0,1.0,0.0,14.0,1024.0,0.05,0.1,0.764892578125
low_sample_noisy,dfa_random,0.0,0.0,0.0,14.0,1024.0,0.05,0.1,0.758056640625
low_sample_noisy,dfa_random,4.0,2.0,0.0,14.0,1024.0,0.15,0.0,0.820068359375
task_aligned,dfa_random,0.0,2.0,0.0,14.0,512.0,0.15,0.4,0.710205078125
low_sample_noisy,dfa_random,3.0,2.0,0.0,14.0,1024.0,0.15,0.0,0.831298828125
low_sample_noisy,dfa_random,4.0,0.0,0.0,14.0,1024.0,0.15,0.0,0.812744140625
task_aligned,dfa_random,1.0,0.0,0.0,14.0,512.0,0.15,0.4,0.72412109375
task_aligned,dfa_random,2.0,0.0,0.0,14.0,2048.0,0.05,0.4,0.791748046875
mixed_context,dfa_random,0.0,1.0,0.0,14.0,4096.0,0.05,0.0,0.857421875
mixed_context,dfa_random,0.0,0.0,0.0,14.0,4096.0,0.05,0.0,0.85595703125
mixed_context,dfa_random,1.0,0.0,0.0,14.0,4096.0,0.05,0.0,0.84423828125
task_aligned,dfa_random,1.0,2.0,0.0,14.0,2048.0,0.05,0.4,0.837158203125
mixed_context,dfa_random,4.0,0.0,0.0,14.0,2048.0,0.15,0.4,0.37939453125
mixed_context,dfa_random,4.0,2.0,0.0,14.0,2048.0,0.15,0.4,0.3623046875
mixed_context,dfa_random,4.0,1.0,0.0,14.0,2048.0,0.15,0.4,0.369140625
mixed_context,dfa_random,0.0,2.0,0.0,14.0,2048.0,0.05,0.4,0.389404296875
mixed_context,dfa_random,0.0,1.0,0.0,14.0,2048.0,0.05,0.4,0.41552734375
mixed_context,dfa_random,1.0,0.0,0.0,14.0,2048.0,0.05,0.4,0.367431640625
task_aligned,dfa_random,0.0,2.0,0.0,14.0,2048.0,0.15,0.4,0.787353515625
task_aligned,dfa_random,0.0,1.0,0.0,14.0,2048.0,0.15,0.4,0.777099609375
mixed_context,dfa_random,0.0,0.0,0.0,14.0,2048.0,0.05,0.4,0.388916015625
mixed_context,dfa_random,4.0,2.0,0.0,14.0,2048.0,0.15,0.2,0.52001953125
nuisance_dominant,dfa_random,3.0,0.0,0.0,14.0,512.0,0.05,0.2,0.25341796875
nuisance_dominant,dfa_random,4.0,0.0,0.0,14.0,512.0,0.05,0.2,0.240966796875
nuisance_dominant,dfa_random,3.0,2.0,0.0,14.0,512.0,0.05,0.2,0.261962890625
low_sample_noisy,dfa_random,3.0,0.0,0.0,14.0,1024.0,0.15,0.0,0.829833984375
nuisance_dominant,dfa_random,2.0,1.0,0.0,14.0,512.0,0.05,0.2,0.232421875
nuisance_dominant,dfa_random,2.0,2.0,0.0,14.0,512.0,0.05,0.2,0.24072265625
nuisance_dominant,dfa_random,1.0,0.0,0.0,14.0,512.0,0.05,0.4,0.16162109375
nuisance_dominant,dfa_random,0.0,2.0,0.0,14.0,512.0,0.05,0.4,0.19970703125
low_sample_noisy,dfa_random,2.0,2.0,0.0,14.0,1024.0,0.15,0.0,0.80908203125
low_sample_noisy,dfa_random,2.0,1.0,0.0,14.0,1024.0,0.15,0.0,0.821044921875
low_sample_noisy,dfa_random,2.0,0.0,0.0,14.0,1024.0,0.15,0.0,0.819580078125
low_sample_noisy,dfa_random,3.0,1.0,0.0,14.0,1024.0,0.15,0.0,0.840576171875
nuisance_dominant,dfa_random,1.0,2.0,0.0,14.0,512.0,0.05,0.2,0.183837890625
low_sample_noisy,dfa_random,1.0,2.0,0.0,14.0,1024.0,0.15,0.0,0.779296875
task_aligned,dfa_random,1.0,2.0,0.0,14.0,512.0,0.15,0.4,0.730224609375
task_aligned,dfa_random,1.0,1.0,0.0,14.0,512.0,0.15,0.4,0.713134765625
mixed_context,dfa_random,2.0,1.0,0.0,14.0,2048.0,0.15,0.4,0.391357421875
mixed_context,dfa_random,3.0,1.0,0.0,14.0,2048.0,0.15,0.4,0.40087890625
mixed_context,dfa_random,3.0,0.0,0.0,14.0,2048.0,0.15,0.4,0.413330078125
mixed_context,dfa_random,3.0,2.0,0.0,14.0,2048.0,0.15,0.4,0.387939453125
mixed_context,dfa_random,3.0,0.0,0.0,14.0,2048.0,0.05,0.4,0.4296875
task_aligned,dfa_random,2.0,2.0,0.0,14.0,2048.0,0.05,0.4,0.820068359375
task_aligned,dfa_random,2.0,1.0,0.0,14.0,2048.0,0.05,0.4,0.832763671875
mixed_context,dfa_random,2.0,2.0,0.0,14.0,2048.0,0.15,0.4,0.38818359375
mixed_context,dfa_random,2.0,0.0,0.0,14.0,2048.0,0.05,0.4,0.391845703125
mixed_context,dfa_random,1.0,2.0,0.0,14.0,2048.0,0.05,0.4,0.4072265625
mixed_context,dfa_random,2.0,2.0,0.0,14.0,2048.0,0.05,0.4,0.403564453125
mixed_context,dfa_random,2.0,1.0,0.0,14.0,2048.0,0.05,0.4,0.41015625
mixed_context,dfa_random,3.0,1.0,0.0,14.0,2048.0,0.05,0.4,0.409912109375
mixed_context,dfa_random,1.0,1.0,0.0,14.0,2048.0,0.15,0.4,0.350341796875
task_aligned,dfa_random,0.0,0.0,0.0,14.0,2048.0,0.15,0.4,0.746826171875
task_aligned,dfa_random,4.0,2.0,0.0,14.0,2048.0,0.05,0.4,0.814208984375
mixed_context,dfa_random,1.0,1.0,0.0,14.0,2048.0,0.05,0.4,0.37255859375
nuisance_dominant,dfa_random,4.0,2.0,0.0,14.0,512.0,0.05,0.2,0.2275390625
nuisance_dominant,dfa_random,4.0,1.0,0.0,14.0,512.0,0.05,0.2,0.23681640625
nuisance_dominant,dfa_random,0.0,1.0,0.0,14.0,512.0,0.15,0.2,0.2333984375
nuisance_dominant,dfa_random,0.0,0.0,0.0,14.0,512.0,0.15,0.2,0.234130859375
low_sample_noisy,dfa_random,1.0,1.0,0.0,14.0,1024.0,0.15,0.0,0.765625
low_sample_noisy,dfa_random,1.0,0.0,0.0,14.0,1024.0,0.15,0.0,0.74951171875
nuisance_dominant,dfa_random,0.0,1.0,0.0,14.0,512.0,0.05,0.4,0.186767578125
nuisance_dominant,dfa_random,0.0,0.0,0.0,14.0,512.0,0.05,0.4,0.202880859375
low_sample_noisy,dfa_random,4.0,2.0,0.0,14.0,1024.0,0.05,0.0,0.8681640625
task_aligned,dfa_random,2.0,1.0,0.0,14.0,512.0,0.15,0.4,0.658447265625
low_sample_noisy,dfa_random,0.0,2.0,0.0,14.0,1024.0,0.15,0.0,0.80859375
low_sample_noisy,dfa_random,0.0,1.0,0.0,14.0,1024.0,0.15,0.0,0.821533203125
nuisance_dominant,dfa_random,3.0,1.0,0.0,14.0,512.0,0.05,0.2,0.271728515625
task_aligned,dfa_random,2.0,0.0,0.0,14.0,512.0,0.15,0.4,0.7294921875
low_sample_noisy,dfa_random,4.0,1.0,0.0,14.0,1024.0,0.05,0.0,0.85546875
low_sample_noisy,dfa_random,0.0,0.0,0.0,14.0,1024.0,0.15,0.0,0.813232421875
task_aligned,dfa_random,3.0,0.0,0.0,14.0,2048.0,0.05,0.4,0.86083984375
mixed_context,dfa_random,1.0,0.0,0.0,14.0,2048.0,0.15,0.4,0.338134765625
mixed_context,dfa_random,2.0,0.0,0.0,14.0,2048.0,0.15,0.4,0.37109375
mixed_context,dfa_random,1.0,2.0,0.0,14.0,2048.0,0.15,0.4,0.378662109375
mixed_context,dfa_random,4.0,2.0,0.0,14.0,2048.0,0.05,0.4,0.393310546875
mixed_context,dfa_random,0.0,2.0,0.0,14.0,2048.0,0.15,0.4,0.373291015625
mixed_context,dfa_random,0.0,1.0,0.0,14.0,2048.0,0.15,0.4,0.3984375
task_aligned,dfa_random,3.0,1.0,0.0,14.0,2048.0,0.05,0.4,0.7998046875
task_aligned,dfa_random,4.0,1.0,0.0,14.0,2048.0,0.05,0.4,0.87548828125
task_aligned,dfa_random,4.0,0.0,0.0,14.0,2048.0,0.05,0.4,0.83740234375
mixed_context,dfa_random,4.0,1.0,0.0,14.0,2048.0,0.05,0.4,0.392578125
mixed_context,dfa_random,4.0,0.0,0.0,14.0,2048.0,0.05,0.4,0.401611328125
mixed_context,dfa_random,0.0,0.0,0.0,14.0,2048.0,0.15,0.4,0.3671875
task_aligned,dfa_random,3.0,2.0,0.0,14.0,2048.0,0.05,0.4,0.877197265625
mixed_context,dfa_random,3.0,2.0,0.0,14.0,2048.0,0.05,0.4,0.40283203125
nuisance_dominant,ndfa_random,1.0,1.0,0.0,14.0,512.0,0.15,0.2,0.21435546875
nuisance_dominant,ndfa_random,2.0,1.0,0.0,14.0,512.0,0.15,0.2,0.263427734375
nuisance_dominant,ndfa_random,2.0,0.0,0.0,14.0,512.0,0.15,0.2,0.265380859375
nuisance_dominant,ndfa_random,3.0,0.0,0.0,14.0,512.0,0.15,0.2,0.2763671875
nuisance_dominant,ndfa_random,2.0,2.0,0.0,14.0,512.0,0.15,0.2,0.244140625
nuisance_dominant,ndfa_random,4.0,2.0,0.0,14.0,512.0,0.15,0.2,0.24853515625
nuisance_dominant,ndfa_random,4.0,1.0,0.0,14.0,512.0,0.15,0.2,0.250732421875
nuisance_dominant,ndfa_random,1.0,0.0,0.0,14.0,512.0,0.15,0.2,0.196533203125
nuisance_dominant,ndfa_random,1.0,2.0,0.0,14.0,512.0,0.15,0.2,0.199951171875
low_sample_noisy,ndfa_random,2.0,2.0,0.0,14.0,1024.0,0.05,0.0,0.813232421875
low_sample_noisy,ndfa_random,3.0,2.0,0.0,14.0,1024.0,0.05,0.0,0.834716796875
low_sample_noisy,ndfa_random,3.0,1.0,0.0,14.0,1024.0,0.05,0.0,0.84326171875
low_sample_noisy,ndfa_random,4.0,0.0,0.0,14.0,1024.0,0.05,0.0,0.81591796875
nuisance_dominant,ndfa_random,0.0,2.0,0.0,14.0,512.0,0.15,0.2,0.245849609375
task_aligned,ndfa_random,3.0,0.0,0.0,14.0,512.0,0.15,0.4,0.680908203125
task_aligned,ndfa_random,2.0,2.0,0.0,14.0,512.0,0.15,0.4,0.70556640625
low_sample_noisy,ndfa_random,3.0,0.0,0.0,14.0,1024.0,0.05,0.0,0.84814453125
nuisance_dominant,ndfa_random,3.0,2.0,0.0,14.0,512.0,0.15,0.2,0.259033203125
task_aligned,ndfa_random,4.0,0.0,0.0,14.0,512.0,0.15,0.4,0.712158203125
low_sample_noisy,ndfa_random,0.0,1.0,0.0,14.0,1024.0,0.05,0.0,0.835205078125
task_aligned,ndfa_random,4.0,2.0,0.0,14.0,512.0,0.15,0.4,0.719482421875
task_aligned,ndfa_random,4.0,1.0,0.0,14.0,512.0,0.15,0.4,0.743408203125
nuisance_dominant,ndfa_random,3.0,1.0,0.0,14.0,512.0,0.15,0.2,0.270751953125
low_sample_noisy,ndfa_random,0.0,0.0,0.0,14.0,1024.0,0.05,0.0,0.82763671875
nuisance_dominant,ndfa_random,4.0,0.0,0.0,14.0,512.0,0.15,0.2,0.267578125
low_sample_noisy,ndfa_random,1.0,1.0,0.0,14.0,1024.0,0.05,0.0,0.7978515625
low_sample_noisy,ndfa_random,2.0,1.0,0.0,14.0,1024.0,0.05,0.0,0.8203125
low_sample_noisy,ndfa_random,2.0,0.0,0.0,14.0,1024.0,0.05,0.0,0.820556640625
low_sample_noisy,ndfa_random,1.0,2.0,0.0,14.0,1024.0,0.05,0.0,0.788330078125
low_sample_noisy,ndfa_random,1.0,0.0,0.0,14.0,1024.0,0.05,0.0,0.789306640625
low_sample_noisy,ndfa_random,0.0,2.0,0.0,14.0,1024.0,0.05,0.0,0.81201171875
task_aligned,ndfa_random,3.0,2.0,0.0,14.0,512.0,0.15,0.4,0.685546875
task_aligned,ndfa_random,3.0,1.0,0.0,14.0,512.0,0.15,0.4,0.6806640625
task_aligned,ndfa_random,1.0,1.0,0.0,14.0,1024.0,0.05,0.4,0.768798828125
nuisance_dominant,ndfa_random,1.0,2.0,0.0,14.0,1024.0,0.05,0.4,0.233642578125
nuisance_dominant,ndfa_random,1.0,1.0,0.0,14.0,1024.0,0.05,0.4,0.246826171875
nuisance_dominant,ndfa_random,2.0,1.0,0.0,14.0,1024.0,0.05,0.4,0.327880859375
task_aligned,ndfa_random,1.0,0.0,0.0,14.0,1024.0,0.05,0.4,0.7509765625
nuisance_dominant,ndfa_random,1.0,0.0,0.0,14.0,1024.0,0.05,0.4,0.243896484375
task_aligned,ndfa_random,1.0,2.0,0.0,14.0,1024.0,0.05,0.4,0.75244140625
low_sample_noisy,ndfa_random,3.0,2.0,0.0,14.0,4096.0,0.15,0.4,0.625
low_sample_noisy,ndfa_random,4.0,2.0,0.0,14.0,4096.0,0.15,0.4,0.618408203125
low_sample_noisy,ndfa_random,4.0,1.0,0.0,14.0,4096.0,0.15,0.4,0.60986328125
low_sample_noisy,ndfa_random,4.0,0.0,0.0,14.0,4096.0,0.15,0.4,0.62060546875
low_sample_noisy,ndfa_random,3.0,1.0,0.0,14.0,4096.0,0.15,0.4,0.63720703125
low_sample_noisy,ndfa_random,3.0,0.0,0.0,14.0,4096.0,0.15,0.4,0.617919921875
task_aligned,ndfa_random,1.0,0.0,0.0,14.0,4096.0,0.15,0.4,0.707275390625
task_aligned,ndfa_random,0.0,2.0,0.0,14.0,4096.0,0.15,0.4,0.722412109375
nuisance_dominant,ndfa_random,4.0,0.0,0.0,14.0,1024.0,0.15,0.2,0.43701171875
nuisance_dominant,ndfa_random,0.0,0.0,0.0,14.0,1024.0,0.05,0.4,0.333984375
nuisance_dominant,ndfa_random,4.0,2.0,0.0,14.0,1024.0,0.15,0.2,0.419677734375
nuisance_dominant,ndfa_random,0.0,2.0,0.0,14.0,1024.0,0.05,0.4,0.31982421875
nuisance_dominant,ndfa_random,0.0,1.0,0.0,14.0,1024.0,0.05,0.4,0.340576171875
task_aligned,ndfa_random,2.0,1.0,0.0,14.0,1024.0,0.05,0.4,0.7548828125
task_aligned,ndfa_random,2.0,0.0,0.0,14.0,1024.0,0.05,0.4,0.75732421875
nuisance_dominant,ndfa_random,3.0,2.0,0.0,14.0,1024.0,0.15,0.2,0.46142578125
nuisance_dominant,ndfa_random,4.0,1.0,0.0,14.0,1024.0,0.15,0.2,0.427734375
low_sample_noisy,ndfa_random,0.0,0.0,0.0,14.0,512.0,0.05,0.0,0.65185546875
low_sample_noisy,ndfa_random,1.0,0.0,0.0,14.0,512.0,0.05,0.0,0.578857421875
low_sample_noisy,ndfa_random,0.0,2.0,0.0,14.0,512.0,0.05,0.0,0.627685546875
low_sample_noisy,ndfa_random,1.0,1.0,0.0,14.0,512.0,0.05,0.0,0.61181640625
nuisance_dominant,ndfa_random,3.0,1.0,0.0,14.0,1024.0,0.15,0.2,0.465087890625
task_aligned,ndfa_random,0.0,1.0,0.0,14.0,4096.0,0.15,0.4,0.722412109375
task_aligned,ndfa_random,0.0,0.0,0.0,14.0,4096.0,0.15,0.4,0.695068359375
low_sample_noisy,ndfa_random,0.0,1.0,0.0,14.0,512.0,0.05,0.0,0.66357421875
task_aligned,ndfa_random,0.0,1.0,0.0,14.0,1024.0,0.05,0.4,0.784423828125
nuisance_dominant,ndfa_random,3.0,1.0,0.0,14.0,1024.0,0.05,0.4,0.36669921875
nuisance_dominant,ndfa_random,4.0,1.0,0.0,14.0,1024.0,0.05,0.4,0.32861328125
nuisance_dominant,ndfa_random,4.0,0.0,0.0,14.0,1024.0,0.05,0.4,0.331298828125
low_sample_noisy,ndfa_random,2.0,1.0,0.0,14.0,4096.0,0.15,0.4,0.610107421875
nuisance_dominant,ndfa_random,3.0,0.0,0.0,14.0,1024.0,0.05,0.4,0.362548828125
nuisance_dominant,ndfa_random,2.0,2.0,0.0,14.0,1024.0,0.05,0.4,0.3251953125
task_aligned,ndfa_random,0.0,2.0,0.0,14.0,1024.0,0.05,0.4,0.7919921875
task_aligned,ndfa_random,2.0,0.0,0.0,14.0,4096.0,0.15,0.4,0.7177734375
task_aligned,ndfa_random,1.0,2.0,0.0,14.0,4096.0,0.15,0.4,0.7158203125
low_sample_noisy,ndfa_random,2.0,0.0,0.0,14.0,4096.0,0.15,0.4,0.61572265625
low_sample_noisy,ndfa_random,1.0,2.0,0.0,14.0,4096.0,0.15,0.4,0.605224609375
low_sample_noisy,ndfa_random,2.0,2.0,0.0,14.0,4096.0,0.15,0.4,0.600341796875
nuisance_dominant,ndfa_random,2.0,0.0,0.0,14.0,1024.0,0.05,0.4,0.336181640625
task_aligned,ndfa_random,1.0,1.0,0.0,14.0,4096.0,0.15,0.4,0.7294921875
low_sample_noisy,ndfa_random,1.0,1.0,0.0,14.0,4096.0,0.15,0.4,0.5986328125
nuisance_dominant,ndfa_random,2.0,1.0,0.0,14.0,1024.0,0.15,0.2,0.43017578125
nuisance_dominant,ndfa_random,2.0,0.0,0.0,14.0,1024.0,0.15,0.2,0.4228515625
nuisance_dominant,ndfa_random,3.0,0.0,0.0,14.0,1024.0,0.15,0.2,0.470458984375
nuisance_dominant,ndfa_random,2.0,2.0,0.0,14.0,1024.0,0.15,0.2,0.430419921875
low_sample_noisy,ndfa_random,3.0,2.0,0.0,14.0,512.0,0.05,0.0,0.6728515625
low_sample_noisy,ndfa_random,3.0,1.0,0.0,14.0,512.0,0.05,0.0,0.673583984375
task_aligned,ndfa_random,3.0,0.0,0.0,14.0,1024.0,0.05,0.4,0.7724609375
task_aligned,ndfa_random,2.0,2.0,0.0,14.0,1024.0,0.05,0.4,0.775634765625
low_sample_noisy,ndfa_random,2.0,0.0,0.0,14.0,512.0,0.05,0.0,0.68701171875
task_aligned,ndfa_random,4.0,2.0,0.0,14.0,4096.0,0.05,0.4,0.7734375
low_sample_noisy,ndfa_random,3.0,0.0,0.0,14.0,512.0,0.05,0.0,0.701416015625
low_sample_noisy,ndfa_random,2.0,2.0,0.0,14.0,512.0,0.05,0.0,0.68017578125
nuisance_dominant,ndfa_random,1.0,0.0,0.0,14.0,1024.0,0.15,0.2,0.318359375
task_aligned,ndfa_random,4.0,1.0,0.0,14.0,4096.0,0.05,0.4,0.812744140625
low_sample_noisy,ndfa_random,1.0,2.0,0.0,14.0,512.0,0.05,0.0,0.591552734375
low_sample_noisy,ndfa_random,2.0,1.0,0.0,14.0,512.0,0.05,0.0,0.659423828125
nuisance_dominant,ndfa_random,4.0,2.0,0.0,14.0,1024.0,0.05,0.4,0.325927734375
nuisance_dominant,ndfa_random,0.0,2.0,0.0,14.0,1024.0,0.15,0.4,0.294677734375
nuisance_dominant,ndfa_random,0.0,1.0,0.0,14.0,1024.0,0.15,0.4,0.3154296875
nuisance_dominant,ndfa_random,1.0,0.0,0.0,14.0,1024.0,0.15,0.4,0.233154296875
low_sample_noisy,ndfa_random,0.0,2.0,0.0,14.0,4096.0,0.15,0.4,0.593017578125
task_aligned,ndfa_random,0.0,0.0,0.0,14.0,1024.0,0.05,0.4,0.80615234375
task_aligned,ndfa_random,4.0,2.0,0.0,14.0,1024.0,0.15,0.2,0.852294921875
nuisance_dominant,ndfa_random,0.0,0.0,0.0,14.0,1024.0,0.15,0.4,0.32470703125
low_sample_noisy,ndfa_random,4.0,2.0,0.0,14.0,4096.0,0.05,0.4,0.663818359375
low_sample_noisy,ndfa_random,4.0,1.0,0.0,14.0,4096.0,0.05,0.4,0.652587890625
low_sample_noisy,ndfa_random,0.0,1.0,0.0,14.0,4096.0,0.15,0.4,0.62060546875
low_sample_noisy,ndfa_random,0.0,0.0,0.0,14.0,4096.0,0.15,0.4,0.597412109375
low_sample_noisy,ndfa_random,1.0,0.0,0.0,14.0,4096.0,0.15,0.4,0.5927734375
nuisance_dominant,ndfa_random,3.0,2.0,0.0,14.0,1024.0,0.05,0.4,0.361083984375
task_aligned,ndfa_random,2.0,2.0,0.0,14.0,4096.0,0.15,0.4,0.71484375
task_aligned,ndfa_random,2.0,1.0,0.0,14.0,4096.0,0.15,0.4,0.66650390625
low_sample_noisy,ndfa_random,4.0,0.0,0.0,14.0,4096.0,0.05,0.4,0.662353515625
nuisance_dominant,ndfa_random,0.0,2.0,0.0,14.0,1024.0,0.15,0.2,0.4130859375
nuisance_dominant,ndfa_random,1.0,2.0,0.0,14.0,1024.0,0.15,0.2,0.322021484375
nuisance_dominant,ndfa_random,1.0,1.0,0.0,14.0,1024.0,0.15,0.2,0.335693359375
low_sample_noisy,ndfa_random,0.0,1.0,0.0,14.0,512.0,0.15,0.0,0.6171875
nuisance_dominant,ndfa_random,0.0,0.0,0.0,14.0,1024.0,0.15,0.2,0.4267578125
nuisance_dominant,ndfa_random,0.0,1.0,0.0,14.0,1024.0,0.15,0.2,0.424072265625
task_aligned,ndfa_random,3.0,2.0,0.0,14.0,1024.0,0.05,0.4,0.775634765625
task_aligned,ndfa_random,3.0,1.0,0.0,14.0,1024.0,0.05,0.4,0.777587890625
low_sample_noisy,ndfa_random,0.0,0.0,0.0,14.0,512.0,0.15,0.0,0.61474609375
low_sample_noisy,ndfa_random,4.0,2.0,0.0,14.0,512.0,0.05,0.0,0.668701171875
low_sample_noisy,ndfa_random,4.0,1.0,0.0,14.0,512.0,0.05,0.0,0.66015625
low_sample_noisy,ndfa_random,0.0,2.0,0.0,14.0,512.0,0.15,0.0,0.588623046875
nuisance_dominant,ndfa_random,4.0,1.0,0.0,14.0,1024.0,0.05,0.2,0.468994140625
low_sample_noisy,ndfa_random,4.0,0.0,0.0,14.0,512.0,0.05,0.0,0.6669921875
task_aligned,ndfa_random,4.0,0.0,0.0,14.0,4096.0,0.05,0.4,0.76806640625
task_aligned,ndfa_random,3.0,2.0,0.0,14.0,4096.0,0.05,0.4,0.787109375
task_aligned,ndfa_random,4.0,1.0,0.0,14.0,1024.0,0.15,0.2,0.84912109375
nuisance_dominant,ndfa_random,2.0,2.0,0.0,14.0,1024.0,0.15,0.4,0.302978515625
nuisance_dominant,ndfa_random,2.0,1.0,0.0,14.0,1024.0,0.15,0.4,0.305419921875
nuisance_dominant,ndfa_random,3.0,1.0,0.0,14.0,1024.0,0.15,0.4,0.3408203125
task_aligned,ndfa_random,4.0,0.0,0.0,14.0,1024.0,0.15,0.2,0.8369140625
nuisance_dominant,ndfa_random,1.0,1.0,0.0,14.0,1024.0,0.15,0.4,0.24267578125
nuisance_dominant,ndfa_random,2.0,0.0,0.0,14.0,1024.0,0.15,0.4,0.312255859375
nuisance_dominant,ndfa_random,1.0,2.0,0.0,14.0,1024.0,0.15,0.4,0.22412109375
low_sample_noisy,ndfa_random,3.0,1.0,0.0,14.0,4096.0,0.05,0.4,0.667724609375
low_sample_noisy,ndfa_random,3.0,0.0,0.0,14.0,4096.0,0.05,0.4,0.649658203125
low_sample_noisy,ndfa_random,3.0,2.0,0.0,14.0,4096.0,0.05,0.4,0.66357421875
task_aligned,ndfa_random,3.0,1.0,0.0,14.0,4096.0,0.15,0.4,0.71728515625
task_aligned,ndfa_random,3.0,0.0,0.0,14.0,4096.0,0.15,0.4,0.71728515625
low_sample_noisy,ndfa_random,2.0,2.0,0.0,14.0,4096.0,0.05,0.4,0.635009765625
low_sample_noisy,ndfa_random,2.0,1.0,0.0,14.0,4096.0,0.05,0.4,0.645263671875
nuisance_dominant,ndfa_random,4.0,0.0,0.0,14.0,1024.0,0.05,0.2,0.479248046875
nuisance_dominant,ndfa_random,3.0,2.0,0.0,14.0,1024.0,0.05,0.2,0.500244140625
nuisance_dominant,ndfa_random,3.0,1.0,0.0,14.0,1024.0,0.05,0.2,0.493896484375
nuisance_dominant,ndfa_random,4.0,2.0,0.0,14.0,1024.0,0.05,0.2,0.471923828125
nuisance_dominant,ndfa_random,3.0,0.0,0.0,14.0,1024.0,0.05,0.2,0.5146484375
task_aligned,ndfa_random,4.0,1.0,0.0,14.0,1024.0,0.05,0.4,0.78515625
task_aligned,ndfa_random,4.0,0.0,0.0,14.0,1024.0,0.05,0.4,0.77490234375
low_sample_noisy,ndfa_random,1.0,2.0,0.0,14.0,512.0,0.15,0.0,0.558837890625
low_sample_noisy,ndfa_random,2.0,2.0,0.0,14.0,512.0,0.15,0.0,0.636962890625
low_sample_noisy,ndfa_random,2.0,1.0,0.0,14.0,512.0,0.15,0.0,0.617919921875
low_sample_noisy,ndfa_random,2.0,0.0,0.0,14.0,512.0,0.15,0.0,0.6474609375
task_aligned,ndfa_random,3.0,0.0,0.0,14.0,4096.0,0.05,0.4,0.78955078125
low_sample_noisy,ndfa_random,1.0,0.0,0.0,14.0,512.0,0.15,0.0,0.53955078125
low_sample_noisy,ndfa_random,1.0,1.0,0.0,14.0,512.0,0.15,0.0,0.572021484375
task_aligned,ndfa_random,3.0,1.0,0.0,14.0,4096.0,0.05,0.4,0.77880859375
nuisance_dominant,ndfa_random,4.0,2.0,0.0,14.0,1024.0,0.15,0.4,0.30517578125
nuisance_dominant,ndfa_random,4.0,1.0,0.0,14.0,1024.0,0.15,0.4,0.303955078125
nuisance_dominant,ndfa_random,4.0,0.0,0.0,14.0,1024.0,0.15,0.4,0.311767578125
nuisance_dominant,ndfa_random,0.0,1.0,0.0,14.0,2048.0,0.05,0.0,0.79541015625
low_sample_noisy,ndfa_random,1.0,1.0,0.0,14.0,4096.0,0.05,0.4,0.64794921875
nuisance_dominant,ndfa_random,3.0,2.0,0.0,14.0,1024.0,0.15,0.4,0.337646484375
task_aligned,ndfa_random,3.0,2.0,0.0,14.0,1024.0,0.15,0.2,0.858642578125
task_aligned,ndfa_random,3.0,1.0,0.0,14.0,1024.0,0.15,0.2,0.862548828125
low_sample_noisy,ndfa_random,1.0,0.0,0.0,14.0,4096.0,0.05,0.4,0.638671875
low_sample_noisy,ndfa_random,2.0,0.0,0.0,14.0,4096.0,0.05,0.4,0.6435546875
low_sample_noisy,ndfa_random,1.0,2.0,0.0,14.0,4096.0,0.05,0.4,0.65087890625
nuisance_dominant,ndfa_random,3.0,0.0,0.0,14.0,1024.0,0.15,0.4,0.3427734375
low_sample_noisy,ndfa_random,0.0,1.0,0.0,14.0,4096.0,0.05,0.4,0.6572265625
low_sample_noisy,ndfa_random,0.0,2.0,0.0,14.0,4096.0,0.05,0.4,0.634765625
task_aligned,ndfa_random,4.0,0.0,0.0,14.0,4096.0,0.15,0.4,0.684814453125
task_aligned,ndfa_random,3.0,2.0,0.0,14.0,4096.0,0.15,0.4,0.710205078125
task_aligned,ndfa_random,0.0,0.0,0.0,14.0,1024.0,0.15,0.4,0.757568359375
nuisance_dominant,ndfa_random,2.0,0.0,0.0,14.0,1024.0,0.05,0.2,0.46728515625
nuisance_dominant,ndfa_random,1.0,2.0,0.0,14.0,1024.0,0.05,0.2,0.348876953125
nuisance_dominant,ndfa_random,2.0,2.0,0.0,14.0,1024.0,0.05,0.2,0.4755859375
nuisance_dominant,ndfa_random,2.0,1.0,0.0,14.0,1024.0,0.05,0.2,0.472900390625
task_aligned,ndfa_random,4.0,2.0,0.0,14.0,1024.0,0.05,0.4,0.756103515625
nuisance_dominant,ndfa_random,1.0,0.0,0.0,14.0,1024.0,0.05,0.2,0.340576171875
nuisance_dominant,ndfa_random,0.0,2.0,0.0,14.0,1024.0,0.05,0.2,0.45703125
nuisance_dominant,ndfa_random,1.0,1.0,0.0,14.0,1024.0,0.05,0.2,0.355712890625
low_sample_noisy,ndfa_random,3.0,0.0,0.0,14.0,512.0,0.15,0.0,0.66650390625
low_sample_noisy,ndfa_random,4.0,0.0,0.0,14.0,512.0,0.15,0.0,0.637451171875
low_sample_noisy,ndfa_random,3.0,2.0,0.0,14.0,512.0,0.15,0.0,0.64599609375
low_sample_noisy,ndfa_random,4.0,1.0,0.0,14.0,512.0,0.15,0.0,0.625
nuisance_dominant,ndfa_random,0.0,1.0,0.0,14.0,1024.0,0.05,0.2,0.474853515625
task_aligned,ndfa_random,2.0,2.0,0.0,14.0,4096.0,0.05,0.4,0.785400390625
task_aligned,ndfa_random,2.0,1.0,0.0,14.0,4096.0,0.05,0.4,0.73876953125
low_sample_noisy,ndfa_random,3.0,1.0,0.0,14.0,512.0,0.15,0.0,0.640625
task_aligned,ndfa_random,3.0,0.0,0.0,14.0,1024.0,0.15,0.2,0.858154296875
nuisance_dominant,ndfa_random,1.0,1.0,0.0,14.0,2048.0,0.05,0.0,0.75634765625
nuisance_dominant,ndfa_random,2.0,1.0,0.0,14.0,2048.0,0.05,0.0,0.781005859375
nuisance_dominant,ndfa_random,2.0,0.0,0.0,14.0,2048.0,0.05,0.0,0.786865234375
low_sample_noisy,ndfa_random,4.0,2.0,0.0,14.0,4096.0,0.15,0.2,0.754638671875
task_aligned,ndfa_random,2.0,2.0,0.0,14.0,1024.0,0.15,0.2,0.847900390625
nuisance_dominant,ndfa_random,0.0,2.0,0.0,14.0,2048.0,0.05,0.0,0.775634765625
nuisance_dominant,ndfa_random,1.0,0.0,0.0,14.0,2048.0,0.05,0.0,0.7451171875
task_aligned,ndfa_random,4.0,1.0,0.0,14.0,4096.0,0.15,0.4,0.728515625
low_sample_noisy,ndfa_random,4.0,1.0,0.0,14.0,4096.0,0.15,0.2,0.7490234375
low_sample_noisy,ndfa_random,4.0,0.0,0.0,14.0,4096.0,0.15,0.2,0.751220703125
low_sample_noisy,ndfa_random,3.0,2.0,0.0,14.0,4096.0,0.15,0.2,0.758544921875
low_sample_noisy,ndfa_random,0.0,0.0,0.0,14.0,4096.0,0.05,0.4,0.634765625
nuisance_dominant,ndfa_random,0.0,0.0,0.0,14.0,2048.0,0.05,0.0,0.78271484375
low_sample_noisy,ndfa_random,3.0,1.0,0.0,14.0,4096.0,0.15,0.2,0.7587890625
task_aligned,ndfa_random,4.0,2.0,0.0,14.0,4096.0,0.15,0.4,0.69580078125
nuisance_dominant,ndfa_random,4.0,1.0,0.0,14.0,1024.0,0.15,0.1,0.4990234375
nuisance_dominant,ndfa_random,4.0,0.0,0.0,14.0,1024.0,0.15,0.1,0.4970703125
nuisance_dominant,ndfa_random,0.0,0.0,0.0,14.0,1024.0,0.05,0.2,0.458740234375
nuisance_dominant,ndfa_random,4.0,2.0,0.0,14.0,1024.0,0.15,0.1,0.4931640625
low_sample_noisy,ndfa_random,1.0,1.0,0.0,14.0,512.0,0.05,0.1,0.548828125
task_aligned,ndfa_random,0.0,2.0,0.0,14.0,1024.0,0.15,0.4,0.7490234375
task_aligned,ndfa_random,0.0,1.0,0.0,14.0,1024.0,0.15,0.4,0.734619140625
low_sample_noisy,ndfa_random,0.0,0.0,0.0,14.0,512.0,0.05,0.1,0.575927734375
low_sample_noisy,ndfa_random,1.0,0.0,0.0,14.0,512.0,0.05,0.1,0.506591796875
low_sample_noisy,ndfa_random,0.0,2.0,0.0,14.0,512.0,0.05,0.1,0.550537109375
low_sample_noisy,ndfa_random,1.0,2.0,0.0,14.0,512.0,0.05,0.1,0.512451171875
nuisance_dominant,ndfa_random,3.0,0.0,0.0,14.0,1024.0,0.15,0.1,0.5400390625
task_aligned,ndfa_random,2.0,0.0,0.0,14.0,4096.0,0.05,0.4,0.799560546875
task_aligned,ndfa_random,1.0,2.0,0.0,14.0,4096.0,0.05,0.4,0.784912109375
task_aligned,ndfa_random,1.0,1.0,0.0,14.0,4096.0,0.05,0.4,0.7890625
low_sample_noisy,ndfa_random,4.0,2.0,0.0,14.0,512.0,0.15,0.0,0.636474609375
low_sample_noisy,ndfa_random,0.0,1.0,0.0,14.0,512.0,0.05,0.1,0.582763671875
nuisance_dominant,ndfa_random,2.0,2.0,0.0,14.0,2048.0,0.05,0.0,0.790283203125
nuisance_dominant,ndfa_random,3.0,2.0,0.0,14.0,2048.0,0.05,0.0,0.802490234375
nuisance_dominant,ndfa_random,3.0,1.0,0.0,14.0,2048.0,0.05,0.0,0.795654296875
nuisance_dominant,ndfa_random,4.0,0.0,0.0,14.0,2048.0,0.05,0.0,0.804443359375
low_sample_noisy,ndfa_random,2.0,2.0,0.0,14.0,4096.0,0.15,0.2,0.751708984375
task_aligned,ndfa_random,2.0,1.0,0.0,14.0,1024.0,0.15,0.2,0.840087890625
task_aligned,ndfa_random,2.0,0.0,0.0,14.0,1024.0,0.15,0.2,0.8369140625
nuisance_dominant,ndfa_random,3.0,0.0,0.0,14.0,2048.0,0.05,0.0,0.80712890625
low_sample_noisy,ndfa_random,1.0,2.0,0.0,14.0,4096.0,0.15,0.2,0.7177734375
task_aligned,ndfa_random,0.0,1.0,0.0,14.0,512.0,0.05,0.0,0.939208984375
low_sample_noisy,ndfa_random,2.0,1.0,0.0,14.0,4096.0,0.15,0.2,0.7548828125
low_sample_noisy,ndfa_random,2.0,0.0,0.0,14.0,4096.0,0.15,0.2,0.763427734375
low_sample_noisy,ndfa_random,3.0,0.0,0.0,14.0,4096.0,0.15,0.2,0.7509765625
nuisance_dominant,ndfa_random,1.0,2.0,0.0,14.0,2048.0,0.05,0.0,0.74365234375
task_aligned,ndfa_random,0.0,0.0,0.0,14.0,512.0,0.05,0.0,0.94140625
low_sample_noisy,ndfa_random,1.0,1.0,0.0,14.0,4096.0,0.15,0.2,0.71875
low_sample_noisy,ndfa_random,1.0,0.0,0.0,14.0,4096.0,0.15,0.2,0.715576171875
nuisance_dominant,ndfa_random,2.0,2.0,0.0,14.0,1024.0,0.15,0.1,0.4912109375
nuisance_dominant,ndfa_random,3.0,2.0,0.0,14.0,1024.0,0.15,0.1,0.517578125
nuisance_dominant,ndfa_random,3.0,1.0,0.0,14.0,1024.0,0.15,0.1,0.5224609375
low_sample_noisy,ndfa_random,2.0,2.0,0.0,14.0,512.0,0.05,0.1,0.589111328125
task_aligned,ndfa_random,1.0,0.0,0.0,14.0,1024.0,0.15,0.4,0.674560546875
nuisance_dominant,ndfa_random,2.0,1.0,0.0,14.0,1024.0,0.15,0.1,0.5009765625
task_aligned,ndfa_random,1.0,1.0,0.0,14.0,1024.0,0.15,0.4,0.686279296875
task_aligned,ndfa_random,1.0,0.0,0.0,14.0,4096.0,0.05,0.4,0.766845703125
low_sample_noisy,ndfa_random,2.0,1.0,0.0,14.0,512.0,0.05,0.1,0.588134765625
low_sample_noisy,ndfa_random,3.0,1.0,0.0,14.0,512.0,0.05,0.1,0.596923828125
low_sample_noisy,ndfa_random,3.0,0.0,0.0,14.0,512.0,0.05,0.1,0.630126953125
task_aligned,ndfa_random,0.0,2.0,0.0,14.0,4096.0,0.05,0.4,0.791259765625
low_sample_noisy,ndfa_random,2.0,0.0,0.0,14.0,512.0,0.05,0.1,0.5947265625
nuisance_dominant,ndfa_random,0.0,2.0,0.0,14.0,2048.0,0.15,0.0,0.70556640625
nuisance_dominant,ndfa_random,0.0,1.0,0.0,14.0,2048.0,0.15,0.0,0.72021484375
nuisance_dominant,ndfa_random,1.0,1.0,0.0,14.0,2048.0,0.15,0.0,0.64501953125
nuisance_dominant,ndfa_random,1.0,0.0,0.0,14.0,2048.0,0.15,0.0,0.650634765625
task_aligned,ndfa_random,1.0,1.0,0.0,14.0,1024.0,0.15,0.2,0.838134765625
task_aligned,ndfa_random,1.0,0.0,0.0,14.0,1024.0,0.15,0.2,0.825927734375
nuisance_dominant,ndfa_random,4.0,1.0,0.0,14.0,2048.0,0.05,0.0,0.79931640625
nuisance_dominant,ndfa_random,0.0,0.0,0.0,14.0,2048.0,0.15,0.0,0.700927734375
nuisance_dominant,ndfa_random,4.0,2.0,0.0,14.0,2048.0,0.05,0.0,0.821533203125
low_sample_noisy,ndfa_random,0.0,1.0,0.0,14.0,4096.0,0.15,0.2,0.7568359375
low_sample_noisy,ndfa_random,0.0,0.0,0.0,14.0,4096.0,0.15,0.2,0.75048828125
low_sample_noisy,ndfa_random,0.0,2.0,0.0,14.0,4096.0,0.15,0.2,0.754150390625
task_aligned,ndfa_random,1.0,2.0,0.0,14.0,1024.0,0.15,0.2,0.83544921875
task_aligned,ndfa_random,1.0,0.0,0.0,14.0,512.0,0.05,0.0,0.921630859375
task_aligned,ndfa_random,0.0,2.0,0.0,14.0,512.0,0.05,0.0,0.94189453125
low_sample_noisy,ndfa_random,4.0,2.0,0.0,14.0,4096.0,0.05,0.2,0.800537109375
low_sample_noisy,ndfa_random,4.0,1.0,0.0,14.0,4096.0,0.05,0.2,0.78564453125
task_aligned,ndfa_random,2.0,1.0,0.0,14.0,1024.0,0.15,0.4,0.680419921875
nuisance_dominant,ndfa_random,1.0,1.0,0.0,14.0,1024.0,0.15,0.1,0.39794921875
nuisance_dominant,ndfa_random,1.0,0.0,0.0,14.0,1024.0,0.15,0.1,0.392578125
nuisance_dominant,ndfa_random,2.0,0.0,0.0,14.0,1024.0,0.15,0.1,0.5009765625
nuisance_dominant,ndfa_random,1.0,2.0,0.0,14.0,1024.0,0.15,0.1,0.392822265625
task_aligned,ndfa_random,2.0,0.0,0.0,14.0,1024.0,0.15,0.4,0.691162109375
task_aligned,ndfa_random,1.0,2.0,0.0,14.0,1024.0,0.15,0.4,0.67236328125
nuisance_dominant,ndfa_random,0.0,0.0,0.0,14.0,1024.0,0.15,0.1,0.472412109375
nuisance_dominant,ndfa_random,0.0,2.0,0.0,14.0,1024.0,0.15,0.1,0.463623046875
nuisance_dominant,ndfa_random,0.0,1.0,0.0,14.0,1024.0,0.15,0.1,0.47119140625
low_sample_noisy,ndfa_random,4.0,2.0,0.0,14.0,512.0,0.05,0.1,0.593505859375
low_sample_noisy,ndfa_random,4.0,1.0,0.0,14.0,512.0,0.05,0.1,0.58154296875
low_sample_noisy,ndfa_random,0.0,0.0,0.0,14.0,512.0,0.15,0.1,0.5390625
task_aligned,ndfa_random,0.0,1.0,0.0,14.0,4096.0,0.05,0.4,0.787353515625
task_aligned,ndfa_random,0.0,0.0,0.0,14.0,4096.0,0.05,0.4,0.764404296875
low_sample_noisy,ndfa_random,4.0,0.0,0.0,14.0,512.0,0.05,0.1,0.59521484375
low_sample_noisy,ndfa_random,3.0,2.0,0.0,14.0,512.0,0.05,0.1,0.6162109375
task_aligned,ndfa_random,0.0,2.0,0.0,14.0,1024.0,0.15,0.2,0.86376953125
nuisance_dominant,ndfa_random,2.0,0.0,0.0,14.0,2048.0,0.15,0.0,0.7216796875
nuisance_dominant,ndfa_random,3.0,0.0,0.0,14.0,2048.0,0.15,0.0,0.756103515625
nuisance_dominant,ndfa_random,2.0,2.0,0.0,14.0,2048.0,0.15,0.0,0.72216796875
low_sample_noisy,ndfa_random,3.0,1.0,0.0,14.0,4096.0,0.05,0.2,0.795166015625
task_aligned,ndfa_random,0.0,1.0,0.0,14.0,1024.0,0.15,0.2,0.868408203125
nuisance_dominant,ndfa_random,1.0,2.0,0.0,14.0,2048.0,0.15,0.0,0.650634765625
low_sample_noisy,ndfa_random,3.0,0.0,0.0,14.0,4096.0,0.05,0.2,0.792724609375
low_sample_noisy,ndfa_random,4.0,0.0,0.0,14.0,4096.0,0.05,0.2,0.795654296875
low_sample_noisy,ndfa_random,3.0,2.0,0.0,14.0,4096.0,0.05,0.2,0.794677734375
task_aligned,ndfa_random,1.0,1.0,0.0,14.0,512.0,0.05,0.0,0.923583984375
low_sample_noisy,ndfa_random,2.0,2.0,0.0,14.0,4096.0,0.05,0.2,0.786865234375
task_aligned,ndfa_random,1.0,2.0,0.0,14.0,512.0,0.05,0.0,0.924560546875
nuisance_dominant,ndfa_random,3.0,1.0,0.0,14.0,1024.0,0.05,0.1,0.561767578125
nuisance_dominant,ndfa_random,4.0,1.0,0.0,14.0,1024.0,0.05,0.1,0.547607421875
nuisance_dominant,ndfa_random,4.0,0.0,0.0,14.0,1024.0,0.05,0.1,0.548095703125
nuisance_dominant,ndfa_random,4.0,2.0,0.0,14.0,1024.0,0.05,0.1,0.544189453125
low_sample_noisy,ndfa_random,2.0,0.0,0.0,14.0,512.0,0.15,0.1,0.56103515625
task_aligned,ndfa_random,3.0,0.0,0.0,14.0,1024.0,0.15,0.4,0.700439453125
task_aligned,ndfa_random,2.0,2.0,0.0,14.0,1024.0,0.15,0.4,0.69775390625
nuisance_dominant,ndfa_random,3.0,2.0,0.0,14.0,1024.0,0.05,0.1,0.561767578125
low_sample_noisy,ndfa_random,1.0,0.0,0.0,14.0,512.0,0.15,0.1,0.481201171875
low_sample_noisy,ndfa_random,0.0,2.0,0.0,14.0,512.0,0.15,0.1,0.52294921875
low_sample_noisy,ndfa_random,1.0,2.0,0.0,14.0,512.0,0.15,0.1,0.48291015625
low_sample_noisy,ndfa_random,1.0,1.0,0.0,14.0,512.0,0.15,0.1,0.5087890625
low_sample_noisy,ndfa_random,2.0,1.0,0.0,14.0,512.0,0.15,0.1,0.549560546875
nuisance_dominant,ndfa_random,2.0,1.0,0.0,14.0,1024.0,0.05,0.1,0.55419921875
task_aligned,ndfa_random,4.0,2.0,0.0,14.0,4096.0,0.15,0.2,0.854736328125
task_aligned,ndfa_random,4.0,1.0,0.0,14.0,4096.0,0.15,0.2,0.863037109375
low_sample_noisy,ndfa_random,0.0,1.0,0.0,14.0,512.0,0.15,0.1,0.544921875
nuisance_dominant,ndfa_random,3.0,2.0,0.0,14.0,2048.0,0.15,0.0,0.744873046875
nuisance_dominant,ndfa_random,3.0,1.0,0.0,14.0,2048.0,0.15,0.0,0.741455078125
nuisance_dominant,ndfa_random,4.0,1.0,0.0,14.0,2048.0,0.15,0.0,0.715087890625
nuisance_dominant,ndfa_random,4.0,0.0,0.0,14.0,2048.0,0.15,0.0,0.732666015625
low_sample_noisy,ndfa_random,2.0,0.0,0.0,14.0,4096.0,0.05,0.2,0.803955078125
task_aligned,ndfa_random,0.0,0.0,0.0,14.0,1024.0,0.15,0.2,0.88037109375
task_aligned,ndfa_random,4.0,2.0,0.0,14.0,1024.0,0.05,0.2,0.88671875
low_sample_noisy,ndfa_random,0.0,2.0,0.0,14.0,4096.0,0.05,0.2,0.802978515625
task_aligned,ndfa_random,2.0,2.0,0.0,14.0,512.0,0.05,0.0,0.932861328125
low_sample_noisy,ndfa_random,1.0,2.0,0.0,14.0,4096.0,0.05,0.2,0.772705078125
low_sample_noisy,ndfa_random,1.0,1.0,0.0,14.0,4096.0,0.05,0.2,0.774658203125
low_sample_noisy,ndfa_random,2.0,1.0,0.0,14.0,4096.0,0.05,0.2,0.791015625
nuisance_dominant,ndfa_random,2.0,1.0,0.0,14.0,2048.0,0.15,0.0,0.710205078125
task_aligned,ndfa_random,2.0,1.0,0.0,14.0,512.0,0.05,0.0,0.935791015625
task_aligned,ndfa_random,2.0,0.0,0.0,14.0,512.0,0.05,0.0,0.93994140625
low_sample_noisy,ndfa_random,0.0,1.0,0.0,14.0,4096.0,0.05,0.2,0.795166015625
low_sample_noisy,ndfa_random,1.0,0.0,0.0,14.0,4096.0,0.05,0.2,0.77001953125
nuisance_dominant,ndfa_random,1.0,1.0,0.0,14.0,1024.0,0.05,0.1,0.43798828125
nuisance_dominant,ndfa_random,2.0,0.0,0.0,14.0,1024.0,0.05,0.1,0.5576171875
nuisance_dominant,ndfa_random,3.0,0.0,0.0,14.0,1024.0,0.05,0.1,0.583740234375
nuisance_dominant,ndfa_random,2.0,2.0,0.0,14.0,1024.0,0.05,0.1,0.542724609375
low_sample_noisy,ndfa_random,4.0,0.0,0.0,14.0,512.0,0.15,0.1,0.561279296875
task_aligned,ndfa_random,3.0,2.0,0.0,14.0,1024.0,0.15,0.4,0.705322265625
task_aligned,ndfa_random,3.0,1.0,0.0,14.0,1024.0,0.15,0.4,0.71142578125
nuisance_dominant,ndfa_random,1.0,2.0,0.0,14.0,1024.0,0.05,0.1,0.433837890625
task_aligned,ndfa_random,4.0,0.0,0.0,14.0,4096.0,0.15,0.2,0.863525390625
low_sample_noisy,ndfa_random,3.0,2.0,0.0,14.0,512.0,0.15,0.1,0.58251953125
low_sample_noisy,ndfa_random,3.0,1.0,0.0,14.0,512.0,0.15,0.1,0.5732421875
low_sample_noisy,ndfa_random,3.0,0.0,0.0,14.0,512.0,0.15,0.1,0.602783203125
low_sample_noisy,ndfa_random,4.0,1.0,0.0,14.0,512.0,0.15,0.1,0.556396484375
nuisance_dominant,ndfa_random,0.0,2.0,0.0,14.0,1024.0,0.05,0.1,0.503662109375
task_aligned,ndfa_random,3.0,2.0,0.0,14.0,4096.0,0.15,0.2,0.85986328125
low_sample_noisy,ndfa_random,2.0,2.0,0.0,14.0,512.0,0.15,0.1,0.558349609375
nuisance_dominant,ndfa_random,0.0,1.0,0.0,14.0,2048.0,0.05,0.1,0.7060546875
nuisance_dominant,ndfa_random,1.0,1.0,0.0,14.0,2048.0,0.05,0.1,0.66748046875
nuisance_dominant,ndfa_random,1.0,0.0,0.0,14.0,2048.0,0.05,0.1,0.664794921875
nuisance_dominant,ndfa_random,2.0,0.0,0.0,14.0,2048.0,0.05,0.1,0.705322265625
nuisance_dominant,ndfa_random,1.0,2.0,0.0,14.0,2048.0,0.05,0.1,0.6650390625
task_aligned,ndfa_random,4.0,1.0,0.0,14.0,1024.0,0.05,0.2,0.893798828125
task_aligned,ndfa_random,4.0,0.0,0.0,14.0,1024.0,0.05,0.2,0.879150390625
nuisance_dominant,ndfa_random,0.0,0.0,0.0,14.0,2048.0,0.05,0.1,0.704833984375
nuisance_dominant,ndfa_random,0.0,2.0,0.0,14.0,2048.0,0.05,0.1,0.690673828125
low_sample_noisy,ndfa_random,3.0,2.0,0.0,14.0,4096.0,0.15,0.1,0.820556640625
low_sample_noisy,ndfa_random,4.0,2.0,0.0,14.0,4096.0,0.15,0.1,0.814453125
low_sample_noisy,ndfa_random,4.0,1.0,0.0,14.0,4096.0,0.15,0.1,0.8125
low_sample_noisy,ndfa_random,0.0,0.0,0.0,14.0,4096.0,0.05,0.2,0.794189453125
nuisance_dominant,ndfa_random,4.0,2.0,0.0,14.0,2048.0,0.15,0.0,0.747802734375
task_aligned,ndfa_random,3.0,1.0,0.0,14.0,512.0,0.05,0.0,0.935302734375
task_aligned,ndfa_random,3.0,0.0,0.0,14.0,512.0,0.05,0.0,0.9375
low_sample_noisy,ndfa_random,4.0,0.0,0.0,14.0,4096.0,0.15,0.1,0.80908203125
nuisance_dominant,ndfa_random,0.0,1.0,0.0,14.0,1024.0,0.05,0.1,0.53076171875
nuisance_dominant,ndfa_random,0.0,0.0,0.0,14.0,1024.0,0.05,0.1,0.524658203125
nuisance_dominant,ndfa_random,4.0,2.0,0.0,14.0,1024.0,0.15,0.0,0.5576171875
nuisance_dominant,ndfa_random,1.0,0.0,0.0,14.0,1024.0,0.05,0.1,0.431884765625
low_sample_noisy,ndfa_random,0.0,2.0,0.0,14.0,512.0,0.05,0.2,0.4990234375
nuisance_dominant,ndfa_random,4.0,1.0,0.0,14.0,1024.0,0.15,0.0,0.564453125
task_aligned,ndfa_random,4.0,1.0,0.0,14.0,1024.0,0.15,0.4,0.703125
task_aligned,ndfa_random,4.0,0.0,0.0,14.0,1024.0,0.15,0.4,0.71484375
low_sample_noisy,ndfa_random,0.0,1.0,0.0,14.0,512.0,0.05,0.2,0.537353515625
low_sample_noisy,ndfa_random,1.0,1.0,0.0,14.0,512.0,0.05,0.2,0.474365234375
low_sample_noisy,ndfa_random,1.0,0.0,0.0,14.0,512.0,0.05,0.2,0.439208984375
nuisance_dominant,ndfa_random,3.0,2.0,0.0,14.0,1024.0,0.15,0.0,0.600341796875
task_aligned,ndfa_random,3.0,0.0,0.0,14.0,4096.0,0.15,0.2,0.8525390625
low_sample_noisy,ndfa_random,4.0,2.0,0.0,14.0,512.0,0.15,0.1,0.562255859375
low_sample_noisy,ndfa_random,0.0,0.0,0.0,14.0,512.0,0.05,0.2,0.51318359375
task_aligned,ndfa_random,3.0,1.0,0.0,14.0,4096.0,0.15,0.2,0.853759765625
nuisance_dominant,ndfa_random,3.0,1.0,0.0,14.0,2048.0,0.05,0.1,0.725341796875
nuisance_dominant,ndfa_random,3.0,0.0,0.0,14.0,2048.0,0.05,0.1,0.733642578125
nuisance_dominant,ndfa_random,2.0,2.0,0.0,14.0,2048.0,0.05,0.1,0.711181640625
nuisance_dominant,ndfa_random,4.0,0.0,0.0,14.0,2048.0,0.05,0.1,0.734619140625
task_aligned,ndfa_random,3.0,1.0,0.0,14.0,1024.0,0.05,0.2,0.890625
nuisance_dominant,ndfa_random,2.0,1.0,0.0,14.0,2048.0,0.05,0.1,0.699462890625
task_aligned,ndfa_random,3.0,2.0,0.0,14.0,1024.0,0.05,0.2,0.89697265625
low_sample_noisy,ndfa_random,2.0,1.0,0.0,14.0,4096.0,0.15,0.1,0.810791015625
low_sample_noisy,ndfa_random,3.0,1.0,0.0,14.0,4096.0,0.15,0.1,0.82275390625
low_sample_noisy,ndfa_random,3.0,0.0,0.0,14.0,4096.0,0.15,0.1,0.820556640625
low_sample_noisy,ndfa_random,2.0,2.0,0.0,14.0,4096.0,0.15,0.1,0.815185546875
task_aligned,ndfa_random,4.0,0.0,0.0,14.0,512.0,0.05,0.0,0.9375
task_aligned,ndfa_random,3.0,2.0,0.0,14.0,512.0,0.05,0.0,0.934326171875
low_sample_noisy,ndfa_random,2.0,0.0,0.0,14.0,4096.0,0.15,0.1,0.816162109375
low_sample_noisy,ndfa_random,1.0,2.0,0.0,14.0,4096.0,0.15,0.1,0.78857421875
task_aligned,ndfa_random,0.0,0.0,0.0,14.0,2048.0,0.05,0.0,0.95654296875
nuisance_dominant,ndfa_random,3.0,1.0,0.0,14.0,1024.0,0.15,0.0,0.60791015625
nuisance_dominant,ndfa_random,3.0,0.0,0.0,14.0,1024.0,0.15,0.0,0.608642578125
nuisance_dominant,ndfa_random,4.0,0.0,0.0,14.0,1024.0,0.15,0.0,0.55517578125
task_aligned,ndfa_random,4.0,2.0,0.0,14.0,1024.0,0.15,0.4,0.696533203125
nuisance_dominant,ndfa_random,2.0,1.0,0.0,14.0,1024.0,0.15,0.0,0.55322265625
nuisance_dominant,ndfa_random,2.0,0.0,0.0,14.0,1024.0,0.15,0.0,0.55224609375
nuisance_dominant,ndfa_random,2.0,2.0,0.0,14.0,1024.0,0.15,0.0,0.55224609375
low_sample_noisy,ndfa_random,2.0,2.0,0.0,14.0,512.0,0.05,0.2,0.5380859375
low_sample_noisy,ndfa_random,2.0,1.0,0.0,14.0,512.0,0.05,0.2,0.540771484375
low_sample_noisy,ndfa_random,3.0,0.0,0.0,14.0,512.0,0.05,0.2,0.55517578125
task_aligned,ndfa_random,2.0,1.0,0.0,14.0,4096.0,0.15,0.2,0.855712890625
low_sample_noisy,ndfa_random,1.0,2.0,0.0,14.0,512.0,0.05,0.2,0.4443359375
low_sample_noisy,ndfa_random,2.0,0.0,0.0,14.0,512.0,0.05,0.2,0.541748046875
task_aligned,ndfa_random,2.0,2.0,0.0,14.0,4096.0,0.15,0.2,0.8681640625
nuisance_dominant,ndfa_random,0.0,0.0,0.0,14.0,2048.0,0.15,0.1,0.632080078125
nuisance_dominant,ndfa_random,1.0,0.0,0.0,14.0,2048.0,0.15,0.1,0.578125
nuisance_dominant,ndfa_random,0.0,2.0,0.0,14.0,2048.0,0.15,0.1,0.633056640625
low_sample_noisy,ndfa_random,1.0,0.0,0.0,14.0,4096.0,0.15,0.1,0.783447265625
task_aligned,ndfa_random,2.0,2.0,0.0,14.0,1024.0,0.05,0.2,0.8818359375
nuisance_dominant,ndfa_random,4.0,1.0,0.0,14.0,2048.0,0.05,0.1,0.715087890625
nuisance_dominant,ndfa_random,4.0,2.0,0.0,14.0,2048.0,0.05,0.1,0.748291015625
task_aligned,ndfa_random,3.0,0.0,0.0,14.0,1024.0,0.05,0.2,0.88525390625
low_sample_noisy,ndfa_random,0.0,2.0,0.0,14.0,4096.0,0.15,0.1,0.805908203125
low_sample_noisy,ndfa_random,0.0,1.0,0.0,14.0,4096.0,0.15,0.1,0.815673828125
low_sample_noisy,ndfa_random,0.0,0.0,0.0,14.0,4096.0,0.15,0.1,0.8125
low_sample_noisy,ndfa_random,1.0,1.0,0.0,14.0,4096.0,0.15,0.1,0.787353515625
nuisance_dominant,ndfa_random,3.0,2.0,0.0,14.0,2048.0,0.05,0.1,0.7265625
low_sample_noisy,ndfa_random,4.0,2.0,0.0,14.0,4096.0,0.05,0.1,0.857666015625
task_aligned,ndfa_random,4.0,2.0,0.0,14.0,512.0,0.05,0.0,0.943359375
task_aligned,ndfa_random,4.0,1.0,0.0,14.0,512.0,0.05,0.0,0.93408203125
task_aligned,ndfa_random,0.0,2.0,0.0,14.0,2048.0,0.05,0.0,0.9560546875
nuisance_dominant,ndfa_random,1.0,1.0,0.0,14.0,1024.0,0.15,0.0,0.460205078125
nuisance_dominant,ndfa_random,1.0,0.0,0.0,14.0,1024.0,0.15,0.0,0.4619140625
nuisance_dominant,ndfa_random,1.0,2.0,0.0,14.0,1024.0,0.15,0.0,0.458740234375
low_sample_noisy,ndfa_random,0.0,0.0,0.0,14.0,512.0,0.15,0.2,0.477783203125
task_aligned,ndfa_random,0.0,1.0,0.0,14.0,2048.0,0.05,0.0,0.95849609375
nuisance_dominant,ndfa_random,0.0,1.0,0.0,14.0,1024.0,0.15,0.0,0.544677734375
nuisance_dominant,ndfa_random,0.0,2.0,0.0,14.0,1024.0,0.15,0.0,0.52978515625
low_sample_noisy,ndfa_random,3.0,2.0,0.0,14.0,512.0,0.05,0.2,0.525390625
low_sample_noisy,ndfa_random,3.0,1.0,0.0,14.0,512.0,0.05,0.2,0.546875
low_sample_noisy,ndfa_random,4.0,2.0,0.0,14.0,512.0,0.05,0.2,0.508056640625
low_sample_noisy,ndfa_random,4.0,1.0,0.0,14.0,512.0,0.05,0.2,0.51025390625
low_sample_noisy,ndfa_random,0.0,1.0,0.0,14.0,512.0,0.15,0.2,0.510009765625
nuisance_dominant,ndfa_random,4.0,1.0,0.0,14.0,1024.0,0.05,0.0,0.6240234375
task_aligned,ndfa_random,2.0,0.0,0.0,14.0,4096.0,0.15,0.2,0.8603515625
task_aligned,ndfa_random,1.0,2.0,0.0,14.0,4096.0,0.15,0.2,0.854248046875
low_sample_noisy,ndfa_random,4.0,0.0,0.0,14.0,512.0,0.05,0.2,0.522216796875
nuisance_dominant,ndfa_random,1.0,2.0,0.0,14.0,2048.0,0.15,0.1,0.586181640625
task_aligned,ndfa_random,2.0,1.0,0.0,14.0,1024.0,0.05,0.2,0.873046875
nuisance_dominant,ndfa_random,2.0,1.0,0.0,14.0,2048.0,0.15,0.1,0.630615234375
nuisance_dominant,ndfa_random,2.0,0.0,0.0,14.0,2048.0,0.15,0.1,0.640625
low_sample_noisy,ndfa_random,4.0,1.0,0.0,14.0,4096.0,0.05,0.1,0.851318359375
low_sample_noisy,ndfa_random,4.0,0.0,0.0,14.0,4096.0,0.05,0.1,0.84619140625
task_aligned,ndfa_random,2.0,0.0,0.0,14.0,1024.0,0.05,0.2,0.87255859375
nuisance_dominant,ndfa_random,1.0,1.0,0.0,14.0,2048.0,0.15,0.1,0.57861328125
low_sample_noisy,ndfa_random,3.0,0.0,0.0,14.0,4096.0,0.05,0.1,0.851318359375
task_aligned,ndfa_random,0.0,1.0,0.0,14.0,512.0,0.15,0.0,0.920166015625
low_sample_noisy,ndfa_random,3.0,2.0,0.0,14.0,4096.0,0.05,0.1,0.8486328125
low_sample_noisy,ndfa_random,3.0,1.0,0.0,14.0,4096.0,0.05,0.1,0.855712890625
nuisance_dominant,ndfa_random,0.0,1.0,0.0,14.0,2048.0,0.15,0.1,0.646240234375
task_aligned,ndfa_random,0.0,0.0,0.0,14.0,512.0,0.15,0.0,0.921875
low_sample_noisy,ndfa_random,2.0,2.0,0.0,14.0,4096.0,0.05,0.1,0.8427734375
low_sample_noisy,ndfa_random,2.0,1.0,0.0,14.0,4096.0,0.05,0.1,0.84521484375
task_aligned,ndfa_random,1.0,0.0,0.0,14.0,2048.0,0.05,0.0,0.95703125
nuisance_dominant,ndfa_random,4.0,0.0,0.0,14.0,1024.0,0.05,0.0,0.626220703125
nuisance_dominant,ndfa_random,0.0,0.0,0.0,14.0,1024.0,0.15,0.0,0.548583984375
nuisance_dominant,ndfa_random,4.0,2.0,0.0,14.0,1024.0,0.05,0.0,0.62255859375
low_sample_noisy,ndfa_random,1.0,2.0,0.0,14.0,512.0,0.15,0.2,0.414794921875
nuisance_dominant,ndfa_random,3.0,2.0,0.0,14.0,1024.0,0.05,0.0,0.655029296875
nuisance_dominant,ndfa_random,3.0,1.0,0.0,14.0,1024.0,0.05,0.0,0.662109375
task_aligned,ndfa_random,1.0,1.0,0.0,14.0,2048.0,0.05,0.0,0.961181640625
task_aligned,ndfa_random,1.0,1.0,0.0,14.0,4096.0,0.15,0.2,0.857421875
low_sample_noisy,ndfa_random,1.0,1.0,0.0,14.0,512.0,0.15,0.2,0.450439453125
low_sample_noisy,ndfa_random,1.0,0.0,0.0,14.0,512.0,0.15,0.2,0.421142578125
low_sample_noisy,ndfa_random,2.0,0.0,0.0,14.0,512.0,0.15,0.2,0.519287109375
nuisance_dominant,ndfa_random,2.0,2.0,0.0,14.0,1024.0,0.05,0.0,0.61083984375
task_aligned,ndfa_random,1.0,0.0,0.0,14.0,4096.0,0.15,0.2,0.84765625
task_aligned,ndfa_random,0.0,2.0,0.0,14.0,4096.0,0.15,0.2,0.866943359375
low_sample_noisy,ndfa_random,0.0,2.0,0.0,14.0,512.0,0.15,0.2,0.47314453125
nuisance_dominant,ndfa_random,3.0,0.0,0.0,14.0,2048.0,0.15,0.1,0.678955078125
nuisance_dominant,ndfa_random,4.0,1.0,0.0,14.0,2048.0,0.15,0.1,0.63671875
nuisance_dominant,ndfa_random,4.0,0.0,0.0,14.0,2048.0,0.15,0.1,0.668701171875
nuisance_dominant,ndfa_random,0.0,0.0,0.0,14.0,2048.0,0.05,0.2,0.614501953125
nuisance_dominant,ndfa_random,4.0,2.0,0.0,14.0,2048.0,0.15,0.1,0.67236328125
task_aligned,ndfa_random,1.0,2.0,0.0,14.0,1024.0,0.05,0.2,0.879150390625
task_aligned,ndfa_random,1.0,1.0,0.0,14.0,1024.0,0.05,0.2,0.884521484375
nuisance_dominant,ndfa_random,3.0,2.0,0.0,14.0,2048.0,0.15,0.1,0.67626953125
nuisance_dominant,ndfa_random,3.0,1.0,0.0,14.0,2048.0,0.15,0.1,0.673095703125
task_aligned,ndfa_random,1.0,0.0,0.0,14.0,512.0,0.15,0.0,0.891845703125
low_sample_noisy,ndfa_random,1.0,2.0,0.0,14.0,4096.0,0.05,0.1,0.835205078125
low_sample_noisy,ndfa_random,1.0,1.0,0.0,14.0,4096.0,0.05,0.1,0.832275390625
low_sample_noisy,ndfa_random,2.0,0.0,0.0,14.0,4096.0,0.05,0.1,0.852783203125
nuisance_dominant,ndfa_random,2.0,2.0,0.0,14.0,2048.0,0.15,0.1,0.64501953125
task_aligned,ndfa_random,0.0,2.0,0.0,14.0,512.0,0.15,0.0,0.921142578125
low_sample_noisy,ndfa_random,0.0,2.0,0.0,14.0,4096.0,0.05,0.1,0.853759765625
low_sample_noisy,ndfa_random,1.0,0.0,0.0,14.0,4096.0,0.05,0.1,0.83837890625
nuisance_dominant,ndfa_random,2.0,1.0,0.0,14.0,1024.0,0.05,0.0,0.625
nuisance_dominant,ndfa_random,2.0,0.0,0.0,14.0,1024.0,0.05,0.0,0.6171875
nuisance_dominant,ndfa_random,3.0,0.0,0.0,14.0,1024.0,0.05,0.0,0.670654296875
task_aligned,ndfa_random,1.0,2.0,0.0,14.0,2048.0,0.05,0.0,0.95849609375
nuisance_dominant,ndfa_random,1.0,2.0,0.0,14.0,1024.0,0.05,0.0,0.513916015625
task_aligned,ndfa_random,2.0,1.0,0.0,14.0,2048.0,0.05,0.0,0.959716796875
task_aligned,ndfa_random,2.0,0.0,0.0,14.0,2048.0,0.05,0.0,0.957763671875
low_sample_noisy,ndfa_random,3.0,0.0,0.0,14.0,512.0,0.15,0.2,0.528076171875
low_sample_noisy,ndfa_random,4.0,0.0,0.0,14.0,512.0,0.15,0.2,0.503173828125
low_sample_noisy,ndfa_random,3.0,2.0,0.0,14.0,512.0,0.15,0.2,0.501220703125
low_sample_noisy,ndfa_random,3.0,1.0,0.0,14.0,512.0,0.15,0.2,0.521484375
task_aligned,ndfa_random,0.0,0.0,0.0,14.0,4096.0,0.15,0.2,0.860595703125
low_sample_noisy,ndfa_random,2.0,1.0,0.0,14.0,512.0,0.15,0.2,0.510986328125
low_sample_noisy,ndfa_random,2.0,2.0,0.0,14.0,512.0,0.15,0.2,0.506591796875
task_aligned,ndfa_random,0.0,1.0,0.0,14.0,4096.0,0.15,0.2,0.871826171875
task_aligned,ndfa_random,1.0,0.0,0.0,14.0,1024.0,0.05,0.2,0.873046875
nuisance_dominant,ndfa_random,1.0,0.0,0.0,14.0,2048.0,0.05,0.2,0.59326171875
nuisance_dominant,ndfa_random,0.0,2.0,0.0,14.0,2048.0,0.05,0.2,0.596923828125
nuisance_dominant,ndfa_random,1.0,2.0,0.0,14.0,2048.0,0.05,0.2,0.5986328125
task_aligned,ndfa_random,0.0,2.0,0.0,14.0,1024.0,0.05,0.2,0.897216796875
task_aligned,ndfa_random,0.0,1.0,0.0,14.0,1024.0,0.05,0.2,0.900146484375
nuisance_dominant,ndfa_random,0.0,1.0,0.0,14.0,2048.0,0.05,0.2,0.62060546875
low_sample_noisy,ndfa_random,4.0,1.0,0.0,14.0,4096.0,0.15,0.0,0.8671875
low_sample_noisy,ndfa_random,0.0,1.0,0.0,14.0,4096.0,0.05,0.1,0.85498046875
low_sample_noisy,ndfa_random,0.0,0.0,0.0,14.0,4096.0,0.05,0.1,0.8515625
low_sample_noisy,ndfa_random,4.0,2.0,0.0,14.0,4096.0,0.15,0.0,0.86865234375
low_sample_noisy,ndfa_random,4.0,0.0,0.0,14.0,4096.0,0.15,0.0,0.8701171875
low_sample_noisy,ndfa_random,3.0,2.0,0.0,14.0,4096.0,0.15,0.0,0.8779296875
task_aligned,ndfa_random,1.0,2.0,0.0,14.0,512.0,0.15,0.0,0.896240234375
task_aligned,ndfa_random,1.0,1.0,0.0,14.0,512.0,0.15,0.0,0.896240234375
task_aligned,ndfa_random,3.0,0.0,0.0,14.0,2048.0,0.05,0.0,0.960205078125
nuisance_dominant,ndfa_random,0.0,2.0,0.0,14.0,1024.0,0.05,0.0,0.59375
nuisance_dominant,ndfa_random,0.0,1.0,0.0,14.0,1024.0,0.05,0.0,0.626220703125
nuisance_dominant,ndfa_random,1.0,1.0,0.0,14.0,1024.0,0.05,0.0,0.5205078125
nuisance_dominant,ndfa_random,1.0,0.0,0.0,14.0,1024.0,0.05,0.0,0.517333984375
task_aligned,ndfa_random,2.0,2.0,0.0,14.0,2048.0,0.05,0.0,0.958740234375
mixed_context,ndfa_random,4.0,2.0,0.0,14.0,512.0,0.15,0.4,0.2685546875
mixed_context,ndfa_random,4.0,1.0,0.0,14.0,512.0,0.15,0.4,0.261962890625
nuisance_dominant,ndfa_random,0.0,0.0,0.0,14.0,1024.0,0.05,0.0,0.606201171875
low_sample_noisy,ndfa_random,4.0,1.0,0.0,14.0,512.0,0.15,0.2,0.49072265625
low_sample_noisy,ndfa_random,0.0,1.0,0.0,14.0,512.0,0.05,0.4,0.40478515625
low_sample_noisy,ndfa_random,0.0,0.0,0.0,14.0,512.0,0.05,0.4,0.39306640625
low_sample_noisy,ndfa_random,0.0,2.0,0.0,14.0,512.0,0.05,0.4,0.371826171875
mixed_context,ndfa_random,4.0,0.0,0.0,14.0,512.0,0.15,0.4,0.243896484375
task_aligned,ndfa_random,4.0,2.0,0.0,14.0,4096.0,0.05,0.2,0.899169921875
task_aligned,ndfa_random,4.0,1.0,0.0,14.0,4096.0,0.05,0.2,0.90478515625
low_sample_noisy,ndfa_random,4.0,2.0,0.0,14.0,512.0,0.15,0.2,0.48583984375
task_aligned,ndfa_random,0.0,0.0,0.0,14.0,1024.0,0.05,0.2,0.90673828125
nuisance_dominant,ndfa_random,2.0,2.0,0.0,14.0,2048.0,0.05,0.2,0.6201171875
nuisance_dominant,ndfa_random,3.0,2.0,0.0,14.0,2048.0,0.05,0.2,0.655517578125
nuisance_dominant,ndfa_random,3.0,1.0,0.0,14.0,2048.0,0.05,0.2,0.641357421875
low_sample_noisy,ndfa_random,3.0,0.0,0.0,14.0,4096.0,0.15,0.0,0.8798828125
task_aligned,ndfa_random,4.0,2.0,0.0,14.0,1024.0,0.15,0.1,0.89404296875
nuisance_dominant,ndfa_random,2.0,0.0,0.0,14.0,2048.0,0.05,0.2,0.626953125
nuisance_dominant,ndfa_random,2.0,1.0,0.0,14.0,2048.0,0.05,0.2,0.6181640625
task_aligned,ndfa_random,2.0,1.0,0.0,14.0,512.0,0.15,0.0,0.91357421875
low_sample_noisy,ndfa_random,2.0,2.0,0.0,14.0,4096.0,0.15,0.0,0.863525390625
low_sample_noisy,ndfa_random,2.0,1.0,0.0,14.0,4096.0,0.15,0.0,0.8671875
low_sample_noisy,ndfa_random,3.0,1.0,0.0,14.0,4096.0,0.15,0.0,0.87353515625
nuisance_dominant,ndfa_random,1.0,1.0,0.0,14.0,2048.0,0.05,0.2,0.588623046875
task_aligned,ndfa_random,2.0,0.0,0.0,14.0,512.0,0.15,0.0,0.9111328125
low_sample_noisy,ndfa_random,2.0,0.0,0.0,14.0,4096.0,0.15,0.0,0.862548828125
task_aligned,ndfa_random,2.0,2.0,0.0,14.0,512.0,0.15,0.0,0.910400390625
mixed_context,ndfa_random,3.0,0.0,0.0,14.0,512.0,0.15,0.4,0.266357421875
mixed_context,ndfa_random,2.0,2.0,0.0,14.0,512.0,0.15,0.4,0.25
mixed_context,ndfa_random,3.0,2.0,0.0,14.0,512.0,0.15,0.4,0.26123046875
mixed_context,ndfa_random,3.0,1.0,0.0,14.0,512.0,0.15,0.4,0.250244140625
low_sample_noisy,ndfa_random,3.0,0.0,0.0,14.0,512.0,0.05,0.4,0.386474609375
low_sample_noisy,ndfa_random,2.0,2.0,0.0,14.0,512.0,0.05,0.4,0.329833984375
task_aligned,ndfa_random,3.0,2.0,0.0,14.0,2048.0,0.05,0.0,0.959228515625
task_aligned,ndfa_random,3.0,1.0,0.0,14.0,2048.0,0.05,0.0,0.955078125
low_sample_noisy,ndfa_random,1.0,2.0,0.0,14.0,512.0,0.05,0.4,0.321044921875
low_sample_noisy,ndfa_random,1.0,1.0,0.0,14.0,512.0,0.05,0.4,0.350341796875
low_sample_noisy,ndfa_random,2.0,1.0,0.0,14.0,512.0,0.05,0.4,0.356201171875
low_sample_noisy,ndfa_random,2.0,0.0,0.0,14.0,512.0,0.05,0.4,0.363037109375
mixed_context,ndfa_random,1.0,2.0,0.0,14.0,512.0,0.15,0.4,0.236083984375
task_aligned,ndfa_random,4.0,0.0,0.0,14.0,4096.0,0.05,0.2,0.90869140625
task_aligned,ndfa_random,3.0,2.0,0.0,14.0,4096.0,0.05,0.2,0.90380859375
low_sample_noisy,ndfa_random,1.0,0.0,0.0,14.0,512.0,0.05,0.4,0.337890625
nuisance_dominant,ndfa_random,4.0,0.0,0.0,14.0,2048.0,0.05,0.2,0.659912109375
nuisance_dominant,ndfa_random,0.0,0.0,0.0,14.0,2048.0,0.15,0.2,0.560302734375
nuisance_dominant,ndfa_random,4.0,2.0,0.0,14.0,2048.0,0.05,0.2,0.669677734375
nuisance_dominant,ndfa_random,0.0,1.0,0.0,14.0,2048.0,0.15,0.2,0.560302734375
low_sample_noisy,ndfa_random,1.0,1.0,0.0,14.0,4096.0,0.15,0.0,0.840576171875
task_aligned,ndfa_random,4.0,1.0,0.0,14.0,1024.0,0.15,0.1,0.894775390625
task_aligned,ndfa_random,4.0,0.0,0.0,14.0,1024.0,0.15,0.1,0.88623046875
nuisance_dominant,ndfa_random,4.0,1.0,0.0,14.0,2048.0,0.05,0.2,0.64501953125
low_sample_noisy,ndfa_random,0.0,1.0,0.0,14.0,4096.0,0.15,0.0,0.861572265625
task_aligned,ndfa_random,3.0,1.0,0.0,14.0,512.0,0.15,0.0,0.91357421875
low_sample_noisy,ndfa_random,1.0,0.0,0.0,14.0,4096.0,0.15,0.0,0.843505859375
low_sample_noisy,ndfa_random,0.0,2.0,0.0,14.0,4096.0,0.15,0.0,0.86572265625
low_sample_noisy,ndfa_random,1.0,2.0,0.0,14.0,4096.0,0.15,0.0,0.837646484375
nuisance_dominant,ndfa_random,3.0,0.0,0.0,14.0,2048.0,0.05,0.2,0.655517578125
task_aligned,ndfa_random,3.0,0.0,0.0,14.0,512.0,0.15,0.0,0.91357421875
low_sample_noisy,ndfa_random,0.0,0.0,0.0,14.0,4096.0,0.15,0.0,0.86962890625
low_sample_noisy,ndfa_random,4.0,2.0,0.0,14.0,4096.0,0.05,0.0,0.918212890625
mixed_context,ndfa_random,1.0,1.0,0.0,14.0,512.0,0.15,0.4,0.25634765625
mixed_context,ndfa_random,2.0,1.0,0.0,14.0,512.0,0.15,0.4,0.2490234375
mixed_context,ndfa_random,2.0,0.0,0.0,14.0,512.0,0.15,0.4,0.245361328125
low_sample_noisy,ndfa_random,4.0,2.0,0.0,14.0,512.0,0.05,0.4,0.35498046875
task_aligned,ndfa_random,4.0,0.0,0.0,14.0,2048.0,0.05,0.0,0.957275390625
mixed_context,ndfa_random,1.0,0.0,0.0,14.0,512.0,0.15,0.4,0.242431640625
mixed_context,ndfa_random,0.0,2.0,0.0,14.0,512.0,0.15,0.4,0.265625
task_aligned,ndfa_random,4.0,1.0,0.0,14.0,2048.0,0.05,0.0,0.955078125
low_sample_noisy,ndfa_random,4.0,1.0,0.0,14.0,512.0,0.05,0.4,0.366455078125
low_sample_noisy,ndfa_random,4.0,0.0,0.0,14.0,512.0,0.05,0.4,0.372314453125
low_sample_noisy,ndfa_random,3.0,2.0,0.0,14.0,512.0,0.05,0.4,0.3896484375
low_sample_noisy,ndfa_random,0.0,0.0,0.0,14.0,512.0,0.15,0.4,0.3818359375
mixed_context,ndfa_random,0.0,0.0,0.0,14.0,512.0,0.15,0.4,0.279541015625
task_aligned,ndfa_random,3.0,0.0,0.0,14.0,4096.0,0.05,0.2,0.887451171875
low_sample_noisy,ndfa_random,3.0,1.0,0.0,14.0,512.0,0.05,0.4,0.3994140625
task_aligned,ndfa_random,3.0,1.0,0.0,14.0,4096.0,0.05,0.2,0.900634765625
nuisance_dominant,ndfa_random,2.0,0.0,0.0,14.0,2048.0,0.15,0.2,0.57421875
nuisance_dominant,ndfa_random,1.0,2.0,0.0,14.0,2048.0,0.15,0.2,0.52392578125
nuisance_dominant,ndfa_random,2.0,2.0,0.0,14.0,2048.0,0.15,0.2,0.56787109375
task_aligned,ndfa_random,3.0,2.0,0.0,14.0,1024.0,0.15,0.1,0.9013671875
task_aligned,ndfa_random,3.0,1.0,0.0,14.0,1024.0,0.15,0.1,0.89990234375
nuisance_dominant,ndfa_random,0.0,2.0,0.0,14.0,2048.0,0.15,0.2,0.54833984375
nuisance_dominant,ndfa_random,1.0,1.0,0.0,14.0,2048.0,0.15,0.2,0.520751953125
nuisance_dominant,ndfa_random,1.0,0.0,0.0,14.0,2048.0,0.15,0.2,0.52099609375
low_sample_noisy,ndfa_random,4.0,0.0,0.0,14.0,4096.0,0.05,0.0,0.908447265625
low_sample_noisy,ndfa_random,3.0,2.0,0.0,14.0,4096.0,0.05,0.0,0.915771484375
low_sample_noisy,ndfa_random,4.0,1.0,0.0,14.0,4096.0,0.05,0.0,0.9130859375
task_aligned,ndfa_random,4.0,0.0,0.0,14.0,512.0,0.15,0.0,0.911865234375
task_aligned,ndfa_random,3.0,2.0,0.0,14.0,512.0,0.15,0.0,0.91015625
low_sample_noisy,ndfa_random,3.0,1.0,0.0,14.0,4096.0,0.05,0.0,0.91162109375
low_sample_noisy,ndfa_random,3.0,0.0,0.0,14.0,4096.0,0.05,0.0,0.912109375
mixed_context,ndfa_random,4.0,2.0,0.0,14.0,512.0,0.05,0.4,0.272705078125
mixed_context,ndfa_random,4.0,1.0,0.0,14.0,512.0,0.05,0.4,0.26904296875
mixed_context,ndfa_random,4.0,0.0,0.0,14.0,512.0,0.05,0.4,0.255615234375
mixed_context,ndfa_random,0.0,1.0,0.0,14.0,512.0,0.15,0.4,0.279541015625
mixed_context,ndfa_random,3.0,2.0,0.0,14.0,512.0,0.05,0.4,0.269775390625
task_aligned,ndfa_random,0.0,0.0,0.0,14.0,2048.0,0.15,0.0,0.937744140625
task_aligned,ndfa_random,4.0,2.0,0.0,14.0,2048.0,0.05,0.0,0.950439453125
low_sample_noisy,ndfa_random,1.0,0.0,0.0,14.0,512.0,0.15,0.4,0.32421875
low_sample_noisy,ndfa_random,2.0,0.0,0.0,14.0,512.0,0.15,0.4,0.35400390625
low_sample_noisy,ndfa_random,1.0,2.0,0.0,14.0,512.0,0.15,0.4,0.30224609375
low_sample_noisy,ndfa_random,1.0,1.0,0.0,14.0,512.0,0.15,0.4,0.33740234375
task_aligned,ndfa_random,2.0,1.0,0.0,14.0,4096.0,0.05,0.2,0.893310546875
low_sample_noisy,ndfa_random,0.0,1.0,0.0,14.0,512.0,0.15,0.4,0.392578125
low_sample_noisy,ndfa_random,0.0,2.0,0.0,14.0,512.0,0.15,0.4,0.3603515625
task_aligned,ndfa_random,2.0,2.0,0.0,14.0,4096.0,0.05,0.2,0.9072265625
nuisance_dominant,ndfa_random,4.0,0.0,0.0,14.0,2048.0,0.15,0.2,0.600341796875
nuisance_dominant,ndfa_random,3.0,2.0,0.0,14.0,2048.0,0.15,0.2,0.614013671875
nuisance_dominant,ndfa_random,3.0,1.0,0.0,14.0,2048.0,0.15,0.2,0.587890625
nuisance_dominant,ndfa_random,4.0,2.0,0.0,14.0,2048.0,0.15,0.2,0.60498046875
low_sample_noisy,ndfa_random,2.0,0.0,0.0,14.0,4096.0,0.05,0.0,0.901611328125
task_aligned,ndfa_random,2.0,2.0,0.0,14.0,1024.0,0.15,0.1,0.892822265625
nuisance_dominant,ndfa_random,3.0,0.0,0.0,14.0,2048.0,0.15,0.2,0.60302734375
task_aligned,ndfa_random,3.0,0.0,0.0,14.0,1024.0,0.15,0.1,0.895263671875
low_sample_noisy,ndfa_random,1.0,2.0,0.0,14.0,4096.0,0.05,0.0,0.893798828125
low_sample_noisy,ndfa_random,2.0,2.0,0.0,14.0,4096.0,0.05,0.0,0.8974609375
low_sample_noisy,ndfa_random,2.0,1.0,0.0,14.0,4096.0,0.05,0.0,0.900634765625
nuisance_dominant,ndfa_random,2.0,1.0,0.0,14.0,2048.0,0.15,0.2,0.561279296875
task_aligned,ndfa_random,4.0,1.0,0.0,14.0,512.0,0.15,0.0,0.9111328125
low_sample_noisy,ndfa_random,1.0,1.0,0.0,14.0,4096.0,0.05,0.0,0.90087890625
low_sample_noisy,ndfa_random,1.0,0.0,0.0,14.0,4096.0,0.05,0.0,0.900390625
task_aligned,ndfa_random,4.0,2.0,0.0,14.0,512.0,0.15,0.0,0.91650390625
task_aligned,ndfa_random,0.0,2.0,0.0,14.0,2048.0,0.15,0.0,0.9365234375
mixed_context,ndfa_random,2.0,2.0,0.0,14.0,512.0,0.05,0.4,0.249267578125
mixed_context,ndfa_random,2.0,1.0,0.0,14.0,512.0,0.05,0.4,0.25
mixed_context,ndfa_random,3.0,1.0,0.0,14.0,512.0,0.05,0.4,0.257568359375
mixed_context,ndfa_random,3.0,0.0,0.0,14.0,512.0,0.05,0.4,0.271728515625
task_aligned,ndfa_random,0.0,1.0,0.0,14.0,2048.0,0.15,0.0,0.934814453125
mixed_context,ndfa_random,1.0,2.0,0.0,14.0,512.0,0.05,0.4,0.241943359375
mixed_context,ndfa_random,1.0,1.0,0.0,14.0,512.0,0.05,0.4,0.270263671875
mixed_context,ndfa_random,2.0,0.0,0.0,14.0,512.0,0.05,0.4,0.24658203125
task_aligned,ndfa_random,2.0,0.0,0.0,14.0,4096.0,0.05,0.2,0.8935546875
low_sample_noisy,ndfa_random,3.0,1.0,0.0,14.0,512.0,0.15,0.4,0.376220703125
low_sample_noisy,ndfa_random,3.0,0.0,0.0,14.0,512.0,0.15,0.4,0.369873046875
low_sample_noisy,ndfa_random,3.0,2.0,0.0,14.0,512.0,0.15,0.4,0.37548828125
mixed_context,ndfa_random,1.0,0.0,0.0,14.0,512.0,0.05,0.4,0.260009765625
task_aligned,ndfa_random,1.0,2.0,0.0,14.0,4096.0,0.05,0.2,0.9013671875
low_sample_noisy,ndfa_random,2.0,1.0,0.0,14.0,512.0,0.15,0.4,0.340576171875
low_sample_noisy,ndfa_random,2.0,2.0,0.0,14.0,512.0,0.15,0.4,0.320556640625
task_aligned,ndfa_random,2.0,1.0,0.0,14.0,1024.0,0.15,0.1,0.884521484375
nuisance_dominant,ndfa_random,0.0,2.0,0.0,14.0,2048.0,0.05,0.4,0.4619140625
nuisance_dominant,ndfa_random,1.0,2.0,0.0,14.0,2048.0,0.05,0.4,0.451416015625
nuisance_dominant,ndfa_random,1.0,1.0,0.0,14.0,2048.0,0.05,0.4,0.4453125
low_sample_noisy,ndfa_random,0.0,1.0,0.0,14.0,4096.0,0.05,0.0,0.902587890625
task_aligned,ndfa_random,2.0,0.0,0.0,14.0,1024.0,0.15,0.1,0.89013671875
nuisance_dominant,ndfa_random,0.0,0.0,0.0,14.0,2048.0,0.05,0.4,0.464599609375
nuisance_dominant,ndfa_random,0.0,1.0,0.0,14.0,2048.0,0.05,0.4,0.46630859375
low_sample_noisy,ndfa_random,0.0,0.0,0.0,14.0,4096.0,0.05,0.0,0.9111328125
low_sample_noisy,ndfa_random,4.0,2.0,0.0,14.0,2048.0,0.15,0.4,0.581298828125
low_sample_noisy,ndfa_random,4.0,1.0,0.0,14.0,2048.0,0.15,0.4,0.586669921875
low_sample_noisy,ndfa_random,0.0,2.0,0.0,14.0,4096.0,0.05,0.0,0.906982421875
nuisance_dominant,ndfa_random,4.0,1.0,0.0,14.0,2048.0,0.15,0.2,0.591796875
low_sample_noisy,ndfa_random,4.0,0.0,0.0,14.0,2048.0,0.15,0.4,0.587158203125
task_aligned,ndfa_random,0.0,1.0,0.0,14.0,512.0,0.05,0.1,0.9130859375
task_aligned,ndfa_random,0.0,0.0,0.0,14.0,512.0,0.05,0.1,0.90673828125
mixed_context,ndfa_random,0.0,0.0,0.0,14.0,512.0,0.05,0.4,0.2939453125
task_aligned,ndfa_random,1.0,1.0,0.0,14.0,2048.0,0.15,0.0,0.9248046875
mixed_context,ndfa_random,0.0,2.0,0.0,14.0,512.0,0.05,0.4,0.27587890625
mixed_context,ndfa_random,0.0,1.0,0.0,14.0,512.0,0.05,0.4,0.302001953125
mixed_context,ndfa_random,0.0,2.0,0.0,14.0,1024.0,0.05,0.0,0.514892578125
task_aligned,ndfa_random,1.0,0.0,0.0,14.0,2048.0,0.15,0.0,0.92431640625
mixed_context,ndfa_random,4.0,2.0,0.0,14.0,512.0,0.15,0.2,0.316162109375
task_aligned,ndfa_random,1.0,0.0,0.0,14.0,4096.0,0.05,0.2,0.896728515625
task_aligned,ndfa_random,0.0,2.0,0.0,14.0,4096.0,0.05,0.2,0.90966796875
mixed_context,ndfa_random,0.0,1.0,0.0,14.0,1024.0,0.05,0.0,0.532470703125
mixed_context,ndfa_random,0.0,0.0,0.0,14.0,1024.0,0.05,0.0,0.514404296875
mixed_context,ndfa_random,1.0,0.0,0.0,14.0,1024.0,0.05,0.0,0.464111328125
mixed_context,ndfa_random,3.0,2.0,0.0,14.0,512.0,0.15,0.2,0.3232421875
low_sample_noisy,ndfa_random,4.0,2.0,0.0,14.0,512.0,0.15,0.4,0.339111328125
low_sample_noisy,ndfa_random,4.0,1.0,0.0,14.0,512.0,0.15,0.4,0.351318359375
low_sample_noisy,ndfa_random,4.0,0.0,0.0,14.0,512.0,0.15,0.4,0.35986328125
task_aligned,ndfa_random,1.0,1.0,0.0,14.0,4096.0,0.05,0.2,0.900634765625
task_aligned,ndfa_random,1.0,2.0,0.0,14.0,1024.0,0.15,0.1,0.880859375
nuisance_dominant,ndfa_random,3.0,0.0,0.0,14.0,2048.0,0.05,0.4,0.486083984375
nuisance_dominant,ndfa_random,2.0,2.0,0.0,14.0,2048.0,0.05,0.4,0.458740234375
nuisance_dominant,ndfa_random,3.0,1.0,0.0,14.0,2048.0,0.05,0.4,0.4892578125
low_sample_noisy,ndfa_random,3.0,1.0,0.0,14.0,2048.0,0.15,0.4,0.579345703125
task_aligned,ndfa_random,1.0,1.0,0.0,14.0,1024.0,0.15,0.1,0.8828125
nuisance_dominant,ndfa_random,2.0,0.0,0.0,14.0,2048.0,0.05,0.4,0.46533203125
nuisance_dominant,ndfa_random,2.0,1.0,0.0,14.0,2048.0,0.05,0.4,0.46240234375
low_sample_noisy,ndfa_random,2.0,1.0,0.0,14.0,2048.0,0.15,0.4,0.536376953125
task_aligned,ndfa_random,1.0,0.0,0.0,14.0,512.0,0.05,0.1,0.899169921875
low_sample_noisy,ndfa_random,3.0,0.0,0.0,14.0,2048.0,0.15,0.4,0.545654296875
low_sample_noisy,ndfa_random,2.0,2.0,0.0,14.0,2048.0,0.15,0.4,0.53759765625
low_sample_noisy,ndfa_random,3.0,2.0,0.0,14.0,2048.0,0.15,0.4,0.560546875
nuisance_dominant,ndfa_random,1.0,0.0,0.0,14.0,2048.0,0.05,0.4,0.451904296875
task_aligned,ndfa_random,0.0,2.0,0.0,14.0,512.0,0.05,0.1,0.90673828125
low_sample_noisy,ndfa_random,2.0,0.0,0.0,14.0,2048.0,0.15,0.4,0.5341796875
low_sample_noisy,ndfa_random,1.0,2.0,0.0,14.0,2048.0,0.15,0.4,0.5712890625
mixed_context,ndfa_random,3.0,1.0,0.0,14.0,512.0,0.15,0.2,0.338134765625
mixed_context,ndfa_random,4.0,1.0,0.0,14.0,512.0,0.15,0.2,0.310302734375
mixed_context,ndfa_random,4.0,0.0,0.0,14.0,512.0,0.15,0.2,0.31884765625
mixed_context,ndfa_random,2.0,0.0,0.0,14.0,1024.0,0.05,0.0,0.53125
mixed_context,ndfa_random,3.0,0.0,0.0,14.0,512.0,0.15,0.2,0.334716796875
task_aligned,ndfa_random,2.0,0.0,0.0,14.0,2048.0,0.15,0.0,0.9326171875
task_aligned,ndfa_random,1.0,2.0,0.0,14.0,2048.0,0.15,0.0,0.923583984375
task_aligned,ndfa_random,0.0,1.0,0.0,14.0,4096.0,0.05,0.2,0.914794921875
mixed_context,ndfa_random,1.0,2.0,0.0,14.0,1024.0,0.05,0.0,0.469482421875
mixed_context,ndfa_random,2.0,2.0,0.0,14.0,1024.0,0.05,0.0,0.53857421875
mixed_context,ndfa_random,2.0,1.0,0.0,14.0,1024.0,0.05,0.0,0.52490234375
task_aligned,ndfa_random,0.0,0.0,0.0,14.0,4096.0,0.05,0.2,0.896728515625
mixed_context,ndfa_random,1.0,1.0,0.0,14.0,1024.0,0.05,0.0,0.457275390625
task_aligned,ndfa_random,0.0,1.0,0.0,14.0,1024.0,0.15,0.1,0.8974609375
nuisance_dominant,ndfa_random,0.0,0.0,0.0,14.0,2048.0,0.15,0.4,0.425537109375
nuisance_dominant,ndfa_random,4.0,2.0,0.0,14.0,2048.0,0.05,0.4,0.50927734375
nuisance_dominant,ndfa_random,0.0,2.0,0.0,14.0,2048.0,0.15,0.4,0.42041015625
nuisance_dominant,ndfa_random,0.0,1.0,0.0,14.0,2048.0,0.15,0.4,0.435791015625
nuisance_dominant,ndfa_random,4.0,1.0,0.0,14.0,2048.0,0.05,0.4,0.5087890625
nuisance_dominant,ndfa_random,4.0,0.0,0.0,14.0,2048.0,0.05,0.4,0.513671875
nuisance_dominant,ndfa_random,3.0,2.0,0.0,14.0,2048.0,0.05,0.4,0.48388671875
task_aligned,ndfa_random,1.0,0.0,0.0,14.0,1024.0,0.15,0.1,0.878173828125
task_aligned,ndfa_random,0.0,2.0,0.0,14.0,1024.0,0.15,0.1,0.901123046875
low_sample_noisy,ndfa_random,1.0,0.0,0.0,14.0,2048.0,0.15,0.4,0.551513671875
low_sample_noisy,ndfa_random,0.0,2.0,0.0,14.0,2048.0,0.15,0.4,0.5517578125
low_sample_noisy,ndfa_random,1.0,1.0,0.0,14.0,2048.0,0.15,0.4,0.558837890625
task_aligned,ndfa_random,1.0,1.0,0.0,14.0,512.0,0.05,0.1,0.902587890625
low_sample_noisy,ndfa_random,0.0,0.0,0.0,14.0,2048.0,0.15,0.4,0.5595703125
low_sample_noisy,ndfa_random,0.0,1.0,0.0,14.0,2048.0,0.15,0.4,0.5576171875
task_aligned,ndfa_random,1.0,2.0,0.0,14.0,512.0,0.05,0.1,0.901611328125
mixed_context,ndfa_random,2.0,0.0,0.0,14.0,512.0,0.15,0.2,0.313720703125
mixed_context,ndfa_random,1.0,2.0,0.0,14.0,512.0,0.15,0.2,0.29833984375
mixed_context,ndfa_random,2.0,2.0,0.0,14.0,512.0,0.15,0.2,0.310546875
mixed_context,ndfa_random,2.0,1.0,0.0,14.0,512.0,0.15,0.2,0.324951171875
task_aligned,ndfa_random,2.0,1.0,0.0,14.0,2048.0,0.15,0.0,0.934326171875
mixed_context,ndfa_random,1.0,0.0,0.0,14.0,512.0,0.15,0.2,0.285400390625
mixed_context,ndfa_random,0.0,2.0,0.0,14.0,512.0,0.15,0.2,0.307861328125
mixed_context,ndfa_random,1.0,1.0,0.0,14.0,512.0,0.15,0.2,0.29150390625
task_aligned,ndfa_random,3.0,0.0,0.0,14.0,2048.0,0.15,0.0,0.939208984375
mixed_context,ndfa_random,4.0,0.0,0.0,14.0,1024.0,0.05,0.0,0.525390625
mixed_context,ndfa_random,3.0,2.0,0.0,14.0,1024.0,0.05,0.0,0.536865234375
mixed_context,ndfa_random,4.0,1.0,0.0,14.0,1024.0,0.05,0.0,0.499755859375
task_aligned,ndfa_random,2.0,2.0,0.0,14.0,2048.0,0.15,0.0,0.93310546875
task_aligned,ndfa_random,4.0,1.0,0.0,14.0,4096.0,0.15,0.1,0.906982421875
mixed_context,ndfa_random,3.0,0.0,0.0,14.0,1024.0,0.05,0.0,0.5439453125
mixed_context,ndfa_random,3.0,1.0,0.0,14.0,1024.0,0.05,0.0,0.550048828125
task_aligned,ndfa_random,4.0,2.0,0.0,14.0,4096.0,0.15,0.1,0.898681640625
task_aligned,ndfa_random,0.0,0.0,0.0,14.0,1024.0,0.15,0.1,0.90087890625
nuisance_dominant,ndfa_random,1.0,1.0,0.0,14.0,2048.0,0.15,0.4,0.39208984375
nuisance_dominant,ndfa_random,2.0,1.0,0.0,14.0,2048.0,0.15,0.4,0.4208984375
nuisance_dominant,ndfa_random,2.0,0.0,0.0,14.0,2048.0,0.15,0.4,0.418701171875
low_sample_noisy,ndfa_random,4.0,0.0,0.0,14.0,2048.0,0.05,0.4,0.623046875
task_aligned,ndfa_random,4.0,2.0,0.0,14.0,1024.0,0.05,0.1,0.923095703125
nuisance_dominant,ndfa_random,1.0,0.0,0.0,14.0,2048.0,0.15,0.4,0.41064453125
low_sample_noisy,ndfa_random,3.0,2.0,0.0,14.0,2048.0,0.05,0.4,0.590087890625
low_sample_noisy,ndfa_random,4.0,2.0,0.0,14.0,2048.0,0.05,0.4,0.61474609375
low_sample_noisy,ndfa_random,4.0,1.0,0.0,14.0,2048.0,0.05,0.4,0.61962890625
low_sample_noisy,ndfa_random,3.0,1.0,0.0,14.0,2048.0,0.05,0.4,0.603271484375
task_aligned,ndfa_random,2.0,1.0,0.0,14.0,512.0,0.05,0.1,0.8994140625
task_aligned,ndfa_random,2.0,0.0,0.0,14.0,512.0,0.05,0.1,0.911865234375
task_aligned,ndfa_random,3.0,2.0,0.0,14.0,2048.0,0.15,0.0,0.93505859375
mixed_context,ndfa_random,0.0,0.0,0.0,14.0,512.0,0.15,0.2,0.31591796875
mixed_context,ndfa_random,4.0,2.0,0.0,14.0,512.0,0.05,0.2,0.32666015625
mixed_context,ndfa_random,0.0,1.0,0.0,14.0,512.0,0.15,0.2,0.308349609375
mixed_context,ndfa_random,1.0,1.0,0.0,14.0,1024.0,0.15,0.0,0.41943359375
task_aligned,ndfa_random,3.0,1.0,0.0,14.0,2048.0,0.15,0.0,0.933349609375
mixed_context,ndfa_random,4.0,0.0,0.0,14.0,512.0,0.05,0.2,0.3330078125
mixed_context,ndfa_random,4.0,1.0,0.0,14.0,512.0,0.05,0.2,0.322509765625
mixed_context,ndfa_random,0.0,0.0,0.0,14.0,1024.0,0.15,0.0,0.490966796875
mixed_context,ndfa_random,4.0,2.0,0.0,14.0,1024.0,0.05,0.0,0.5
mixed_context,ndfa_random,1.0,0.0,0.0,14.0,1024.0,0.15,0.0,0.42822265625
mixed_context,ndfa_random,0.0,2.0,0.0,14.0,1024.0,0.15,0.0,0.486572265625
mixed_context,ndfa_random,1.0,2.0,0.0,14.0,1024.0,0.15,0.0,0.427490234375
mixed_context,ndfa_random,3.0,0.0,0.0,14.0,512.0,0.05,0.2,0.34716796875
task_aligned,ndfa_random,4.0,0.0,0.0,14.0,4096.0,0.15,0.1,0.9013671875
task_aligned,ndfa_random,3.0,2.0,0.0,14.0,4096.0,0.15,0.1,0.908935546875
mixed_context,ndfa_random,0.0,1.0,0.0,14.0,1024.0,0.15,0.0,0.5048828125
nuisance_dominant,ndfa_random,3.0,0.0,0.0,14.0,2048.0,0.15,0.4,0.44873046875
task_aligned,ndfa_random,4.0,1.0,0.0,14.0,1024.0,0.05,0.1,0.91748046875
nuisance_dominant,ndfa_random,3.0,2.0,0.0,14.0,2048.0,0.15,0.4,0.448486328125
nuisance_dominant,ndfa_random,3.0,1.0,0.0,14.0,2048.0,0.15,0.4,0.452880859375
low_sample_noisy,ndfa_random,2.0,2.0,0.0,14.0,2048.0,0.05,0.4,0.5712890625
task_aligned,ndfa_random,4.0,0.0,0.0,14.0,1024.0,0.05,0.1,0.909912109375
nuisance_dominant,ndfa_random,2.0,2.0,0.0,14.0,2048.0,0.15,0.4,0.4169921875
task_aligned,ndfa_random,3.0,1.0,0.0,14.0,512.0,0.05,0.1,0.9150390625
low_sample_noisy,ndfa_random,2.0,1.0,0.0,14.0,2048.0,0.05,0.4,0.56884765625
low_sample_noisy,ndfa_random,2.0,0.0,0.0,14.0,2048.0,0.05,0.4,0.5625
low_sample_noisy,ndfa_random,3.0,0.0,0.0,14.0,2048.0,0.05,0.4,0.5791015625
nuisance_dominant,ndfa_random,1.0,2.0,0.0,14.0,2048.0,0.15,0.4,0.401611328125
task_aligned,ndfa_random,3.0,0.0,0.0,14.0,512.0,0.05,0.1,0.912841796875
task_aligned,ndfa_random,2.0,2.0,0.0,14.0,512.0,0.05,0.1,0.90283203125
low_sample_noisy,ndfa_random,1.0,1.0,0.0,14.0,2048.0,0.05,0.4,0.5986328125
low_sample_noisy,ndfa_random,1.0,0.0,0.0,14.0,2048.0,0.05,0.4,0.58935546875
low_sample_noisy,ndfa_random,1.0,2.0,0.0,14.0,2048.0,0.05,0.4,0.61474609375
mixed_context,ndfa_random,2.0,0.0,0.0,14.0,512.0,0.05,0.2,0.32666015625
mixed_context,ndfa_random,2.0,2.0,0.0,14.0,512.0,0.05,0.2,0.3291015625
mixed_context,ndfa_random,3.0,2.0,0.0,14.0,512.0,0.05,0.2,0.344482421875
mixed_context,ndfa_random,3.0,1.0,0.0,14.0,512.0,0.05,0.2,0.3544921875
mixed_context,ndfa_random,3.0,1.0,0.0,14.0,1024.0,0.15,0.0,0.5126953125
task_aligned,ndfa_random,4.0,1.0,0.0,14.0,2048.0,0.15,0.0,0.93310546875
task_aligned,ndfa_random,4.0,0.0,0.0,14.0,2048.0,0.15,0.0,0.9345703125
mixed_context,ndfa_random,2.0,1.0,0.0,14.0,512.0,0.05,0.2,0.345947265625
mixed_context,ndfa_random,2.0,0.0,0.0,14.0,1024.0,0.15,0.0,0.50146484375
mixed_context,ndfa_random,3.0,0.0,0.0,14.0,1024.0,0.15,0.0,0.509033203125
mixed_context,ndfa_random,2.0,2.0,0.0,14.0,1024.0,0.15,0.0,0.50634765625
mixed_context,ndfa_random,2.0,1.0,0.0,14.0,1024.0,0.15,0.0,0.494140625
mixed_context,ndfa_random,3.0,2.0,0.0,14.0,1024.0,0.15,0.0,0.504150390625
mixed_context,ndfa_random,1.0,1.0,0.0,14.0,512.0,0.05,0.2,0.306396484375
task_aligned,ndfa_random,3.0,1.0,0.0,14.0,4096.0,0.15,0.1,0.9052734375
task_aligned,ndfa_random,3.0,0.0,0.0,14.0,4096.0,0.15,0.1,0.904052734375
nuisance_dominant,ndfa_random,4.0,1.0,0.0,14.0,2048.0,0.15,0.4,0.466552734375
nuisance_dominant,ndfa_random,0.0,2.0,0.0,14.0,4096.0,0.05,0.0,0.842041015625
nuisance_dominant,ndfa_random,0.0,1.0,0.0,14.0,4096.0,0.05,0.0,0.848388671875
nuisance_dominant,ndfa_random,1.0,1.0,0.0,14.0,4096.0,0.05,0.0,0.833251953125
nuisance_dominant,ndfa_random,1.0,0.0,0.0,14.0,4096.0,0.05,0.0,0.828125
task_aligned,ndfa_random,3.0,2.0,0.0,14.0,1024.0,0.05,0.1,0.921142578125
task_aligned,ndfa_random,3.0,1.0,0.0,14.0,1024.0,0.05,0.1,0.9189453125
nuisance_dominant,ndfa_random,0.0,0.0,0.0,14.0,4096.0,0.05,0.0,0.84814453125
nuisance_dominant,ndfa_random,4.0,2.0,0.0,14.0,2048.0,0.15,0.4,0.4658203125
task_aligned,ndfa_random,4.0,0.0,0.0,14.0,512.0,0.05,0.1,0.8994140625
low_sample_noisy,ndfa_random,0.0,1.0,0.0,14.0,2048.0,0.05,0.4,0.583251953125
low_sample_noisy,ndfa_random,0.0,0.0,0.0,14.0,2048.0,0.05,0.4,0.590576171875
low_sample_noisy,ndfa_random,0.0,2.0,0.0,14.0,2048.0,0.05,0.4,0.5791015625
nuisance_dominant,ndfa_random,4.0,0.0,0.0,14.0,2048.0,0.15,0.4,0.46142578125
task_aligned,ndfa_random,3.0,2.0,0.0,14.0,512.0,0.05,0.1,0.914794921875
low_sample_noisy,ndfa_random,4.0,1.0,0.0,14.0,2048.0,0.15,0.2,0.728759765625
low_sample_noisy,ndfa_random,4.0,2.0,0.0,14.0,2048.0,0.15,0.2,0.734619140625
mixed_context,ndfa_random,1.0,0.0,0.0,14.0,512.0,0.05,0.2,0.295654296875
mixed_context,ndfa_random,0.0,2.0,0.0,14.0,512.0,0.05,0.2,0.3173828125
mixed_context,ndfa_random,0.0,1.0,0.0,14.0,512.0,0.05,0.2,0.326416015625
mixed_context,ndfa_random,1.0,2.0,0.0,14.0,512.0,0.05,0.2,0.302978515625
mixed_context,ndfa_random,0.0,0.0,0.0,14.0,1024.0,0.05,0.1,0.474853515625
task_aligned,ndfa_random,4.0,2.0,0.0,14.0,2048.0,0.15,0.0,0.932861328125
mixed_context,ndfa_random,0.0,0.0,0.0,14.0,512.0,0.05,0.2,0.3193359375
task_aligned,ndfa_random,0.0,0.0,0.0,14.0,2048.0,0.05,0.1,0.926025390625
mixed_context,ndfa_random,4.0,2.0,0.0,14.0,1024.0,0.15,0.0,0.47216796875
mixed_context,ndfa_random,0.0,2.0,0.0,14.0,1024.0,0.05,0.1,0.48388671875
mixed_context,ndfa_random,0.0,1.0,0.0,14.0,1024.0,0.05,0.1,0.498779296875
mixed_context,ndfa_random,4.0,1.0,0.0,14.0,512.0,0.15,0.1,0.366455078125
task_aligned,ndfa_random,2.0,1.0,0.0,14.0,4096.0,0.15,0.1,0.899658203125
mixed_context,ndfa_random,4.0,1.0,0.0,14.0,1024.0,0.15,0.0,0.4677734375
mixed_context,ndfa_random,4.0,0.0,0.0,14.0,1024.0,0.15,0.0,0.487060546875
task_aligned,ndfa_random,2.0,2.0,0.0,14.0,4096.0,0.15,0.1,0.90673828125
nuisance_dominant,ndfa_random,2.0,2.0,0.0,14.0,4096.0,0.05,0.0,0.8388671875
nuisance_dominant,ndfa_random,2.0,1.0,0.0,14.0,4096.0,0.05,0.0,0.8369140625
nuisance_dominant,ndfa_random,2.0,0.0,0.0,14.0,4096.0,0.05,0.0,0.841796875
nuisance_dominant,ndfa_random,3.0,1.0,0.0,14.0,4096.0,0.05,0.0,0.860107421875
task_aligned,ndfa_random,3.0,0.0,0.0,14.0,1024.0,0.05,0.1,0.9208984375
task_aligned,ndfa_random,2.0,2.0,0.0,14.0,1024.0,0.05,0.1,0.917724609375
nuisance_dominant,ndfa_random,1.0,2.0,0.0,14.0,4096.0,0.05,0.0,0.826416015625
low_sample_noisy,ndfa_random,3.0,0.0,0.0,14.0,2048.0,0.15,0.2,0.738525390625
low_sample_noisy,ndfa_random,4.0,0.0,0.0,14.0,2048.0,0.15,0.2,0.732666015625
low_sample_noisy,ndfa_random,3.0,2.0,0.0,14.0,2048.0,0.15,0.2,0.7294921875
low_sample_noisy,ndfa_random,3.0,1.0,0.0,14.0,2048.0,0.15,0.2,0.7255859375
task_aligned,ndfa_random,4.0,2.0,0.0,14.0,512.0,0.05,0.1,0.90673828125
task_aligned,ndfa_random,4.0,1.0,0.0,14.0,512.0,0.05,0.1,0.911376953125
low_sample_noisy,ndfa_random,2.0,2.0,0.0,14.0,2048.0,0.15,0.2,0.701904296875
low_sample_noisy,ndfa_random,2.0,1.0,0.0,14.0,2048.0,0.15,0.2,0.69384765625
task_aligned,ndfa_random,0.0,1.0,0.0,14.0,2048.0,0.05,0.1,0.93408203125
mixed_context,ndfa_random,4.0,0.0,0.0,14.0,512.0,0.15,0.1,0.35107421875
mixed_context,ndfa_random,3.0,2.0,0.0,14.0,512.0,0.15,0.1,0.35595703125
mixed_context,ndfa_random,4.0,2.0,0.0,14.0,512.0,0.15,0.1,0.3505859375
mixed_context,ndfa_random,3.0,1.0,0.0,14.0,512.0,0.15,0.1,0.34375
mixed_context,ndfa_random,3.0,0.0,0.0,14.0,512.0,0.15,0.1,0.354736328125
mixed_context,ndfa_random,2.0,2.0,0.0,14.0,512.0,0.15,0.1,0.33935546875
task_aligned,ndfa_random,0.0,2.0,0.0,14.0,2048.0,0.05,0.1,0.927734375
mixed_context,ndfa_random,2.0,0.0,0.0,14.0,1024.0,0.05,0.1,0.480712890625
mixed_context,ndfa_random,1.0,2.0,0.0,14.0,1024.0,0.05,0.1,0.420654296875
mixed_context,ndfa_random,2.0,1.0,0.0,14.0,1024.0,0.05,0.1,0.474853515625
task_aligned,ndfa_random,1.0,2.0,0.0,14.0,4096.0,0.15,0.1,0.89208984375
mixed_context,ndfa_random,1.0,0.0,0.0,14.0,1024.0,0.05,0.1,0.40966796875
mixed_context,ndfa_random,1.0,1.0,0.0,14.0,1024.0,0.05,0.1,0.412109375
task_aligned,ndfa_random,2.0,0.0,0.0,14.0,4096.0,0.15,0.1,0.908447265625
nuisance_dominant,ndfa_random,4.0,1.0,0.0,14.0,4096.0,0.05,0.0,0.859130859375
nuisance_dominant,ndfa_random,0.0,1.0,0.0,14.0,4096.0,0.15,0.0,0.77099609375
nuisance_dominant,ndfa_random,0.0,0.0,0.0,14.0,4096.0,0.15,0.0,0.7705078125
low_sample_noisy,ndfa_random,1.0,2.0,0.0,14.0,2048.0,0.15,0.2,0.69384765625
task_aligned,ndfa_random,2.0,0.0,0.0,14.0,1024.0,0.05,0.1,0.91845703125
nuisance_dominant,ndfa_random,4.0,0.0,0.0,14.0,4096.0,0.05,0.0,0.8564453125
nuisance_dominant,ndfa_random,3.0,2.0,0.0,14.0,4096.0,0.05,0.0,0.864501953125
task_aligned,ndfa_random,2.0,1.0,0.0,14.0,1024.0,0.05,0.1,0.91748046875
low_sample_noisy,ndfa_random,1.0,1.0,0.0,14.0,2048.0,0.15,0.2,0.6875
low_sample_noisy,ndfa_random,1.0,0.0,0.0,14.0,2048.0,0.15,0.2,0.686767578125
low_sample_noisy,ndfa_random,0.0,2.0,0.0,14.0,2048.0,0.15,0.2,0.68603515625
low_sample_noisy,ndfa_random,2.0,0.0,0.0,14.0,2048.0,0.15,0.2,0.699462890625
nuisance_dominant,ndfa_random,3.0,0.0,0.0,14.0,4096.0,0.05,0.0,0.86376953125
task_aligned,ndfa_random,0.0,0.0,0.0,14.0,512.0,0.15,0.1,0.890869140625
low_sample_noisy,ndfa_random,0.0,1.0,0.0,14.0,2048.0,0.15,0.2,0.69970703125
task_aligned,ndfa_random,0.0,1.0,0.0,14.0,512.0,0.15,0.1,0.888916015625
task_aligned,ndfa_random,1.0,1.0,0.0,14.0,2048.0,0.05,0.1,0.93408203125
mixed_context,ndfa_random,2.0,0.0,0.0,14.0,512.0,0.15,0.1,0.338134765625
mixed_context,ndfa_random,1.0,2.0,0.0,14.0,512.0,0.15,0.1,0.322021484375
mixed_context,ndfa_random,2.0,1.0,0.0,14.0,512.0,0.15,0.1,0.354736328125
mixed_context,ndfa_random,4.0,1.0,0.0,14.0,1024.0,0.05,0.1,0.449951171875
task_aligned,ndfa_random,1.0,0.0,0.0,14.0,2048.0,0.05,0.1,0.934326171875
mixed_context,ndfa_random,1.0,0.0,0.0,14.0,512.0,0.15,0.1,0.3203125
mixed_context,ndfa_random,1.0,1.0,0.0,14.0,512.0,0.15,0.1,0.31689453125
mixed_context,ndfa_random,3.0,1.0,0.0,14.0,1024.0,0.05,0.1,0.496337890625
task_aligned,ndfa_random,1.0,1.0,0.0,14.0,4096.0,0.15,0.1,0.89453125
mixed_context,ndfa_random,4.0,0.0,0.0,14.0,1024.0,0.05,0.1,0.472412109375
mixed_context,ndfa_random,3.0,2.0,0.0,14.0,1024.0,0.05,0.1,0.486328125
mixed_context,ndfa_random,4.0,2.0,0.0,14.0,1024.0,0.05,0.1,0.464599609375
mixed_context,ndfa_random,0.0,0.0,0.0,14.0,512.0,0.15,0.1,0.341064453125
task_aligned,ndfa_random,1.0,0.0,0.0,14.0,4096.0,0.15,0.1,0.886962890625
mixed_context,ndfa_random,3.0,0.0,0.0,14.0,1024.0,0.05,0.1,0.496337890625
mixed_context,ndfa_random,2.0,2.0,0.0,14.0,1024.0,0.05,0.1,0.491455078125
nuisance_dominant,ndfa_random,1.0,0.0,0.0,14.0,4096.0,0.15,0.0,0.72119140625
task_aligned,ndfa_random,1.0,2.0,0.0,14.0,1024.0,0.05,0.1,0.916259765625
nuisance_dominant,ndfa_random,1.0,2.0,0.0,14.0,4096.0,0.15,0.0,0.728515625
nuisance_dominant,ndfa_random,1.0,1.0,0.0,14.0,4096.0,0.15,0.0,0.732421875
low_sample_noisy,ndfa_random,0.0,0.0,0.0,14.0,2048.0,0.15,0.2,0.7001953125
low_sample_noisy,ndfa_random,4.0,2.0,0.0,14.0,2048.0,0.05,0.2,0.77099609375
task_aligned,ndfa_random,1.0,1.0,0.0,14.0,1024.0,0.05,0.1,0.918212890625
nuisance_dominant,ndfa_random,0.0,2.0,0.0,14.0,4096.0,0.15,0.0,0.768310546875
task_aligned,ndfa_random,1.0,0.0,0.0,14.0,512.0,0.15,0.1,0.86767578125
task_aligned,ndfa_random,0.0,2.0,0.0,14.0,512.0,0.15,0.1,0.877197265625
low_sample_noisy,ndfa_random,4.0,1.0,0.0,14.0,2048.0,0.05,0.2,0.765869140625
low_sample_noisy,ndfa_random,4.0,0.0,0.0,14.0,2048.0,0.05,0.2,0.767578125
nuisance_dominant,ndfa_random,4.0,2.0,0.0,14.0,4096.0,0.05,0.0,0.86669921875
low_sample_noisy,ndfa_random,3.0,2.0,0.0,14.0,2048.0,0.05,0.2,0.7548828125
low_sample_noisy,ndfa_random,3.0,1.0,0.0,14.0,2048.0,0.05,0.2,0.757568359375
low_sample_noisy,ndfa_random,3.0,0.0,0.0,14.0,2048.0,0.05,0.2,0.762939453125
task_aligned,ndfa_random,2.0,0.0,0.0,14.0,2048.0,0.05,0.1,0.92431640625
mixed_context,ndfa_random,4.0,2.0,0.0,14.0,512.0,0.05,0.1,0.3720703125
mixed_context,ndfa_random,0.0,2.0,0.0,14.0,512.0,0.15,0.1,0.33642578125
mixed_context,ndfa_random,0.0,1.0,0.0,14.0,512.0,0.15,0.1,0.34716796875
mixed_context,ndfa_random,1.0,0.0,0.0,14.0,1024.0,0.15,0.1,0.384521484375
task_aligned,ndfa_random,1.0,2.0,0.0,14.0,2048.0,0.05,0.1,0.93505859375
mixed_context,ndfa_random,4.0,0.0,0.0,14.0,512.0,0.05,0.1,0.36376953125
mixed_context,ndfa_random,4.0,1.0,0.0,14.0,512.0,0.05,0.1,0.373779296875
task_aligned,ndfa_random,0.0,0.0,0.0,14.0,4096.0,0.15,0.1,0.8984375
mixed_context,ndfa_random,0.0,2.0,0.0,14.0,1024.0,0.15,0.1,0.45458984375
mixed_context,ndfa_random,0.0,1.0,0.0,14.0,1024.0,0.15,0.1,0.466552734375
mixed_context,ndfa_random,1.0,1.0,0.0,14.0,1024.0,0.15,0.1,0.3916015625
mixed_context,ndfa_random,3.0,1.0,0.0,14.0,512.0,0.05,0.1,0.36083984375
mixed_context,ndfa_random,0.0,0.0,0.0,14.0,1024.0,0.15,0.1,0.4560546875
task_aligned,ndfa_random,0.0,2.0,0.0,14.0,4096.0,0.15,0.1,0.909423828125
task_aligned,ndfa_random,0.0,1.0,0.0,14.0,4096.0,0.15,0.1,0.9150390625
task_aligned,ndfa_random,1.0,0.0,0.0,14.0,1024.0,0.05,0.1,0.91357421875
nuisance_dominant,ndfa_random,3.0,2.0,0.0,14.0,4096.0,0.15,0.0,0.804931640625
nuisance_dominant,ndfa_random,3.0,1.0,0.0,14.0,4096.0,0.15,0.0,0.7998046875
nuisance_dominant,ndfa_random,4.0,1.0,0.0,14.0,4096.0,0.15,0.0,0.78662109375
nuisance_dominant,ndfa_random,4.0,0.0,0.0,14.0,4096.0,0.15,0.0,0.781494140625
task_aligned,ndfa_random,0.0,2.0,0.0,14.0,1024.0,0.05,0.1,0.916748046875
nuisance_dominant,ndfa_random,2.0,2.0,0.0,14.0,4096.0,0.15,0.0,0.772216796875
nuisance_dominant,ndfa_random,2.0,1.0,0.0,14.0,4096.0,0.15,0.0,0.775146484375
nuisance_dominant,ndfa_random,3.0,0.0,0.0,14.0,4096.0,0.15,0.0,0.797119140625
task_aligned,ndfa_random,1.0,2.0,0.0,14.0,512.0,0.15,0.1,0.8779296875
low_sample_noisy,ndfa_random,2.0,1.0,0.0,14.0,2048.0,0.05,0.2,0.73291015625
low_sample_noisy,ndfa_random,2.0,0.0,0.0,14.0,2048.0,0.05,0.2,0.739013671875
low_sample_noisy,ndfa_random,2.0,2.0,0.0,14.0,2048.0,0.05,0.2,0.7333984375
nuisance_dominant,ndfa_random,2.0,0.0,0.0,14.0,4096.0,0.15,0.0,0.77734375
task_aligned,ndfa_random,1.0,1.0,0.0,14.0,512.0,0.15,0.1,0.87109375
low_sample_noisy,ndfa_random,1.0,1.0,0.0,14.0,2048.0,0.05,0.2,0.73681640625
low_sample_noisy,ndfa_random,1.0,2.0,0.0,14.0,2048.0,0.05,0.2,0.75048828125
task_aligned,ndfa_random,2.0,1.0,0.0,14.0,2048.0,0.05,0.1,0.927490234375
mixed_context,ndfa_random,3.0,0.0,0.0,14.0,512.0,0.05,0.1,0.366943359375
mixed_context,ndfa_random,2.0,2.0,0.0,14.0,512.0,0.05,0.1,0.36181640625
mixed_context,ndfa_random,3.0,2.0,0.0,14.0,512.0,0.05,0.1,0.380615234375
mixed_context,ndfa_random,2.0,1.0,0.0,14.0,512.0,0.05,0.1,0.3623046875
task_aligned,ndfa_random,3.0,0.0,0.0,14.0,2048.0,0.05,0.1,0.92919921875
task_aligned,ndfa_random,2.0,2.0,0.0,14.0,2048.0,0.05,0.1,0.92529296875
mixed_context,ndfa_random,2.0,1.0,0.0,14.0,1024.0,0.15,0.1,0.447998046875
mixed_context,ndfa_random,3.0,1.0,0.0,14.0,1024.0,0.15,0.1,0.470458984375
mixed_context,ndfa_random,3.0,0.0,0.0,14.0,1024.0,0.15,0.1,0.463623046875
mixed_context,ndfa_random,2.0,2.0,0.0,14.0,1024.0,0.15,0.1,0.4599609375
task_aligned,ndfa_random,4.0,1.0,0.0,14.0,4096.0,0.05,0.1,0.932861328125
mixed_context,ndfa_random,1.0,2.0,0.0,14.0,1024.0,0.15,0.1,0.393798828125
mixed_context,ndfa_random,2.0,0.0,0.0,14.0,1024.0,0.15,0.1,0.454833984375
task_aligned,ndfa_random,4.0,2.0,0.0,14.0,4096.0,0.05,0.1,0.938720703125
task_aligned,ndfa_random,4.0,2.0,0.0,14.0,1024.0,0.15,0.0,0.924072265625
nuisance_dominant,ndfa_random,0.0,1.0,0.0,14.0,4096.0,0.05,0.1,0.785400390625
nuisance_dominant,ndfa_random,0.0,0.0,0.0,14.0,4096.0,0.05,0.1,0.79052734375
nuisance_dominant,ndfa_random,1.0,0.0,0.0,14.0,4096.0,0.05,0.1,0.750732421875
nuisance_dominant,ndfa_random,4.0,2.0,0.0,14.0,4096.0,0.15,0.0,0.786865234375
task_aligned,ndfa_random,0.0,1.0,0.0,14.0,1024.0,0.05,0.1,0.91796875
task_aligned,ndfa_random,0.0,0.0,0.0,14.0,1024.0,0.05,0.1,0.922607421875
low_sample_noisy,ndfa_random,0.0,0.0,0.0,14.0,2048.0,0.05,0.2,0.729248046875
low_sample_noisy,ndfa_random,1.0,0.0,0.0,14.0,2048.0,0.05,0.2,0.73095703125
low_sample_noisy,ndfa_random,0.0,2.0,0.0,14.0,2048.0,0.05,0.2,0.718017578125
low_sample_noisy,ndfa_random,0.0,1.0,0.0,14.0,2048.0,0.05,0.2,0.72802734375
task_aligned,ndfa_random,2.0,0.0,0.0,14.0,512.0,0.15,0.1,0.88427734375
low_sample_noisy,ndfa_random,4.0,1.0,0.0,14.0,2048.0,0.15,0.1,0.787109375
low_sample_noisy,ndfa_random,4.0,2.0,0.0,14.0,2048.0,0.15,0.1,0.79345703125
task_aligned,ndfa_random,2.0,1.0,0.0,14.0,512.0,0.15,0.1,0.875732421875
task_aligned,ndfa_random,3.0,2.0,0.0,14.0,2048.0,0.05,0.1,0.927734375
mixed_context,ndfa_random,1.0,1.0,0.0,14.0,512.0,0.05,0.1,0.336181640625
mixed_context,ndfa_random,1.0,0.0,0.0,14.0,512.0,0.05,0.1,0.330322265625
mixed_context,ndfa_random,2.0,0.0,0.0,14.0,512.0,0.05,0.1,0.35302734375
mixed_context,ndfa_random,1.0,2.0,0.0,14.0,512.0,0.05,0.1,0.335693359375
task_aligned,ndfa_random,3.0,1.0,0.0,14.0,2048.0,0.05,0.1,0.93505859375
mixed_context,ndfa_random,0.0,1.0,0.0,14.0,512.0,0.05,0.1,0.368408203125
mixed_context,ndfa_random,0.0,0.0,0.0,14.0,512.0,0.05,0.1,0.364501953125
mixed_context,ndfa_random,0.0,2.0,0.0,14.0,512.0,0.05,0.1,0.355224609375
task_aligned,ndfa_random,4.0,0.0,0.0,14.0,4096.0,0.05,0.1,0.9404296875
mixed_context,ndfa_random,4.0,2.0,0.0,14.0,1024.0,0.15,0.1,0.44140625
mixed_context,ndfa_random,4.0,1.0,0.0,14.0,1024.0,0.15,0.1,0.428466796875
mixed_context,ndfa_random,0.0,0.0,0.0,14.0,1024.0,0.05,0.2,0.4365234375
mixed_context,ndfa_random,4.0,2.0,0.0,14.0,512.0,0.15,0.0,0.3828125
task_aligned,ndfa_random,3.0,2.0,0.0,14.0,4096.0,0.05,0.1,0.933349609375
mixed_context,ndfa_random,3.0,2.0,0.0,14.0,1024.0,0.15,0.1,0.4541015625
mixed_context,ndfa_random,4.0,0.0,0.0,14.0,1024.0,0.15,0.1,0.439453125
task_aligned,ndfa_random,4.0,1.0,0.0,14.0,1024.0,0.15,0.0,0.921875
nuisance_dominant,ndfa_random,2.0,0.0,0.0,14.0,4096.0,0.05,0.1,0.785888671875
nuisance_dominant,ndfa_random,3.0,0.0,0.0,14.0,4096.0,0.05,0.1,0.78955078125
nuisance_dominant,ndfa_random,2.0,2.0,0.0,14.0,4096.0,0.05,0.1,0.78271484375
low_sample_noisy,ndfa_random,3.0,2.0,0.0,14.0,2048.0,0.15,0.1,0.79736328125
task_aligned,ndfa_random,4.0,0.0,0.0,14.0,1024.0,0.15,0.0,0.917724609375
nuisance_dominant,ndfa_random,1.0,1.0,0.0,14.0,4096.0,0.05,0.1,0.753662109375
nuisance_dominant,ndfa_random,1.0,2.0,0.0,14.0,4096.0,0.05,0.1,0.757080078125
task_aligned,ndfa_random,2.0,2.0,0.0,14.0,512.0,0.15,0.1,0.885986328125
low_sample_noisy,ndfa_random,3.0,1.0,0.0,14.0,2048.0,0.15,0.1,0.801025390625
low_sample_noisy,ndfa_random,3.0,0.0,0.0,14.0,2048.0,0.15,0.1,0.8046875
low_sample_noisy,ndfa_random,4.0,0.0,0.0,14.0,2048.0,0.15,0.1,0.78857421875
nuisance_dominant,ndfa_random,0.0,2.0,0.0,14.0,4096.0,0.05,0.1,0.7890625
low_sample_noisy,ndfa_random,2.0,2.0,0.0,14.0,2048.0,0.15,0.1,0.77880859375
task_aligned,ndfa_random,3.0,1.0,0.0,14.0,512.0,0.15,0.1,0.8876953125
task_aligned,ndfa_random,3.0,0.0,0.0,14.0,512.0,0.15,0.1,0.88134765625
mixed_context,ndfa_random,3.0,2.0,0.0,14.0,512.0,0.15,0.0,0.381591796875
task_aligned,ndfa_random,4.0,1.0,0.0,14.0,2048.0,0.05,0.1,0.93603515625
mixed_context,ndfa_random,4.0,1.0,0.0,14.0,512.0,0.15,0.0,0.3935546875
mixed_context,ndfa_random,4.0,0.0,0.0,14.0,512.0,0.15,0.0,0.37255859375
mixed_context,ndfa_random,2.0,1.0,0.0,14.0,1024.0,0.05,0.2,0.42138671875
mixed_context,ndfa_random,2.0,0.0,0.0,14.0,1024.0,0.05,0.2,0.417724609375
task_aligned,ndfa_random,4.0,0.0,0.0,14.0,2048.0,0.05,0.1,0.92724609375
mixed_context,ndfa_random,3.0,1.0,0.0,14.0,512.0,0.15,0.0,0.37744140625
task_aligned,ndfa_random,3.0,1.0,0.0,14.0,4096.0,0.05,0.1,0.929443359375
task_aligned,ndfa_random,3.0,0.0,0.0,14.0,4096.0,0.05,0.1,0.93017578125
mixed_context,ndfa_random,1.0,2.0,0.0,14.0,1024.0,0.05,0.2,0.370361328125
mixed_context,ndfa_random,1.0,1.0,0.0,14.0,1024.0,0.05,0.2,0.369140625
mixed_context,ndfa_random,2.0,1.0,0.0,14.0,512.0,0.15,0.0,0.37890625
mixed_context,ndfa_random,1.0,0.0,0.0,14.0,1024.0,0.05,0.2,0.360107421875
mixed_context,ndfa_random,0.0,2.0,0.0,14.0,1024.0,0.05,0.2,0.441650390625
mixed_context,ndfa_random,0.0,1.0,0.0,14.0,1024.0,0.05,0.2,0.447265625
task_aligned,ndfa_random,3.0,2.0,0.0,14.0,1024.0,0.15,0.0,0.93505859375
nuisance_dominant,ndfa_random,4.0,1.0,0.0,14.0,4096.0,0.05,0.1,0.79052734375
nuisance_dominant,ndfa_random,4.0,0.0,0.0,14.0,4096.0,0.05,0.1,0.7900390625
nuisance_dominant,ndfa_random,4.0,2.0,0.0,14.0,4096.0,0.05,0.1,0.799072265625
low_sample_noisy,ndfa_random,2.0,0.0,0.0,14.0,2048.0,0.15,0.1,0.77197265625
task_aligned,ndfa_random,3.0,1.0,0.0,14.0,1024.0,0.15,0.0,0.92724609375
nuisance_dominant,ndfa_random,3.0,1.0,0.0,14.0,4096.0,0.05,0.1,0.79638671875
nuisance_dominant,ndfa_random,3.0,2.0,0.0,14.0,4096.0,0.05,0.1,0.795654296875
low_sample_noisy,ndfa_random,1.0,0.0,0.0,14.0,2048.0,0.15,0.1,0.755615234375
task_aligned,ndfa_random,4.0,0.0,0.0,14.0,512.0,0.15,0.1,0.87353515625
low_sample_noisy,ndfa_random,1.0,2.0,0.0,14.0,2048.0,0.15,0.1,0.758544921875
low_sample_noisy,ndfa_random,1.0,1.0,0.0,14.0,2048.0,0.15,0.1,0.7587890625
low_sample_noisy,ndfa_random,2.0,1.0,0.0,14.0,2048.0,0.15,0.1,0.771240234375
nuisance_dominant,ndfa_random,2.0,1.0,0.0,14.0,4096.0,0.05,0.1,0.788818359375
task_aligned,ndfa_random,3.0,2.0,0.0,14.0,512.0,0.15,0.1,0.88623046875
low_sample_noisy,ndfa_random,0.0,2.0,0.0,14.0,2048.0,0.15,0.1,0.766357421875
low_sample_noisy,ndfa_random,0.0,1.0,0.0,14.0,2048.0,0.15,0.1,0.783447265625
mixed_context,ndfa_random,2.0,0.0,0.0,14.0,512.0,0.15,0.0,0.37744140625
mixed_context,ndfa_random,3.0,0.0,0.0,14.0,512.0,0.15,0.0,0.380126953125
mixed_context,ndfa_random,2.0,2.0,0.0,14.0,512.0,0.15,0.0,0.38134765625
mixed_context,ndfa_random,4.0,0.0,0.0,14.0,1024.0,0.05,0.2,0.42626953125
task_aligned,ndfa_random,4.0,2.0,0.0,14.0,2048.0,0.05,0.1,0.92724609375
mixed_context,ndfa_random,1.0,2.0,0.0,14.0,512.0,0.15,0.0,0.341552734375
mixed_context,ndfa_random,1.0,1.0,0.0,14.0,512.0,0.15,0.0,0.343505859375
task_aligned,ndfa_random,0.0,0.0,0.0,14.0,2048.0,0.15,0.1,0.90576171875
mixed_context,ndfa_random,3.0,2.0,0.0,14.0,1024.0,0.05,0.2,0.43798828125
mixed_context,ndfa_random,3.0,1.0,0.0,14.0,1024.0,0.05,0.2,0.441162109375
mixed_context,ndfa_random,3.0,0.0,0.0,14.0,1024.0,0.05,0.2,0.450439453125
mixed_context,ndfa_random,4.0,1.0,0.0,14.0,1024.0,0.05,0.2,0.406005859375
mixed_context,ndfa_random,0.0,2.0,0.0,14.0,512.0,0.15,0.0,0.369140625
task_aligned,ndfa_random,2.0,1.0,0.0,14.0,4096.0,0.05,0.1,0.92626953125
mixed_context,ndfa_random,2.0,2.0,0.0,14.0,1024.0,0.05,0.2,0.4208984375
task_aligned,ndfa_random,2.0,2.0,0.0,14.0,4096.0,0.05,0.1,0.935546875
task_aligned,ndfa_random,2.0,2.0,0.0,14.0,1024.0,0.15,0.0,0.924560546875
nuisance_dominant,ndfa_random,1.0,1.0,0.0,14.0,4096.0,0.15,0.1,0.66015625
nuisance_dominant,ndfa_random,1.0,0.0,0.0,14.0,4096.0,0.15,0.1,0.66357421875
nuisance_dominant,ndfa_random,2.0,0.0,0.0,14.0,4096.0,0.15,0.1,0.7138671875
nuisance_dominant,ndfa_random,0.0,2.0,0.0,14.0,4096.0,0.15,0.1,0.714599609375
nuisance_dominant,ndfa_random,0.0,1.0,0.0,14.0,4096.0,0.15,0.1,0.7197265625
nuisance_dominant,ndfa_random,0.0,0.0,0.0,14.0,4096.0,0.15,0.1,0.716064453125
task_aligned,ndfa_random,3.0,0.0,0.0,14.0,1024.0,0.15,0.0,0.928955078125
low_sample_noisy,ndfa_random,4.0,2.0,0.0,14.0,2048.0,0.05,0.1,0.83154296875
low_sample_noisy,ndfa_random,4.0,1.0,0.0,14.0,2048.0,0.05,0.1,0.826171875
low_sample_noisy,ndfa_random,0.0,0.0,0.0,14.0,2048.0,0.15,0.1,0.7802734375
task_aligned,ndfa_random,4.0,1.0,0.0,14.0,512.0,0.15,0.1,0.88232421875
low_sample_noisy,ndfa_random,3.0,2.0,0.0,14.0,2048.0,0.05,0.1,0.82568359375
low_sample_noisy,ndfa_random,4.0,0.0,0.0,14.0,2048.0,0.05,0.1,0.83056640625
task_aligned,ndfa_random,4.0,2.0,0.0,14.0,512.0,0.15,0.1,0.876220703125
mixed_context,ndfa_random,0.0,1.0,0.0,14.0,512.0,0.15,0.0,0.37744140625
mixed_context,ndfa_random,0.0,0.0,0.0,14.0,512.0,0.15,0.0,0.38134765625
mixed_context,ndfa_random,4.0,2.0,0.0,14.0,512.0,0.05,0.0,0.4033203125
mixed_context,ndfa_random,1.0,0.0,0.0,14.0,512.0,0.15,0.0,0.34814453125
task_aligned,ndfa_random,0.0,2.0,0.0,14.0,2048.0,0.15,0.1,0.90966796875
task_aligned,ndfa_random,0.0,1.0,0.0,14.0,2048.0,0.15,0.1,0.909423828125
mixed_context,ndfa_random,4.0,1.0,0.0,14.0,512.0,0.05,0.0,0.404296875
mixed_context,ndfa_random,0.0,1.0,0.0,14.0,1024.0,0.15,0.2,0.430419921875
mixed_context,ndfa_random,1.0,1.0,0.0,14.0,1024.0,0.15,0.2,0.348388671875
mixed_context,ndfa_random,1.0,0.0,0.0,14.0,1024.0,0.15,0.2,0.342041015625
mixed_context,ndfa_random,0.0,2.0,0.0,14.0,1024.0,0.15,0.2,0.4140625
task_aligned,ndfa_random,2.0,0.0,0.0,14.0,4096.0,0.05,0.1,0.936279296875
task_aligned,ndfa_random,1.0,2.0,0.0,14.0,4096.0,0.05,0.1,0.931396484375
mixed_context,ndfa_random,0.0,0.0,0.0,14.0,1024.0,0.15,0.2,0.4150390625
mixed_context,ndfa_random,4.0,2.0,0.0,14.0,1024.0,0.05,0.2,0.423828125
nuisance_dominant,ndfa_random,3.0,1.0,0.0,14.0,4096.0,0.15,0.1,0.73681640625
nuisance_dominant,ndfa_random,3.0,0.0,0.0,14.0,4096.0,0.15,0.1,0.73779296875
nuisance_dominant,ndfa_random,2.0,2.0,0.0,14.0,4096.0,0.15,0.1,0.714111328125
nuisance_dominant,ndfa_random,4.0,0.0,0.0,14.0,4096.0,0.15,0.1,0.7158203125
low_sample_noisy,ndfa_random,2.0,2.0,0.0,14.0,2048.0,0.05,0.1,0.813232421875
task_aligned,ndfa_random,2.0,0.0,0.0,14.0,1024.0,0.15,0.0,0.9287109375
nuisance_dominant,ndfa_random,2.0,1.0,0.0,14.0,4096.0,0.15,0.1,0.718994140625
task_aligned,ndfa_random,2.0,1.0,0.0,14.0,1024.0,0.15,0.0,0.92919921875
low_sample_noisy,ndfa_random,2.0,1.0,0.0,14.0,2048.0,0.05,0.1,0.812744140625
low_sample_noisy,ndfa_random,3.0,1.0,0.0,14.0,2048.0,0.05,0.1,0.836669921875
low_sample_noisy,ndfa_random,3.0,0.0,0.0,14.0,2048.0,0.05,0.1,0.828857421875
nuisance_dominant,ndfa_random,1.0,2.0,0.0,14.0,4096.0,0.15,0.1,0.671142578125
task_aligned,ndfa_random,0.0,0.0,0.0,14.0,512.0,0.05,0.2,0.88916015625
low_sample_noisy,ndfa_random,2.0,0.0,0.0,14.0,2048.0,0.05,0.1,0.80517578125
low_sample_noisy,ndfa_random,1.0,2.0,0.0,14.0,2048.0,0.05,0.1,0.810546875
task_aligned,ndfa_random,0.0,1.0,0.0,14.0,512.0,0.05,0.2,0.885009765625
mixed_context,ndfa_random,2.0,0.0,0.0,14.0,512.0,0.05,0.0,0.397216796875
mixed_context,ndfa_random,3.0,1.0,0.0,14.0,512.0,0.05,0.0,0.399169921875
mixed_context,ndfa_random,3.0,0.0,0.0,14.0,512.0,0.05,0.0,0.4013671875
mixed_context,ndfa_random,4.0,0.0,0.0,14.0,512.0,0.05,0.0,0.3837890625
mixed_context,ndfa_random,3.0,2.0,0.0,14.0,512.0,0.05,0.0,0.412109375
task_aligned,ndfa_random,1.0,1.0,0.0,14.0,2048.0,0.15,0.1,0.9033203125
task_aligned,ndfa_random,1.0,0.0,0.0,14.0,2048.0,0.15,0.1,0.904296875
mixed_context,ndfa_random,2.0,2.0,0.0,14.0,512.0,0.05,0.0,0.4033203125
mixed_context,ndfa_random,2.0,1.0,0.0,14.0,512.0,0.05,0.0,0.40234375
task_aligned,ndfa_random,1.0,1.0,0.0,14.0,4096.0,0.05,0.1,0.927734375
mixed_context,ndfa_random,2.0,2.0,0.0,14.0,1024.0,0.15,0.2,0.39892578125
mixed_context,ndfa_random,2.0,1.0,0.0,14.0,1024.0,0.15,0.2,0.39892578125
mixed_context,ndfa_random,3.0,0.0,0.0,14.0,1024.0,0.15,0.2,0.417236328125
mixed_context,ndfa_random,1.0,2.0,0.0,14.0,512.0,0.05,0.0,0.36376953125
task_aligned,ndfa_random,1.0,0.0,0.0,14.0,4096.0,0.05,0.1,0.927734375
mixed_context,ndfa_random,1.0,2.0,0.0,14.0,1024.0,0.15,0.2,0.35107421875
mixed_context,ndfa_random,2.0,0.0,0.0,14.0,1024.0,0.15,0.2,0.40283203125
nuisance_dominant,ndfa_random,4.0,1.0,0.0,14.0,4096.0,0.15,0.1,0.72021484375
nuisance_dominant,ndfa_random,0.0,0.0,0.0,14.0,4096.0,0.05,0.2,0.71630859375
nuisance_dominant,ndfa_random,1.0,0.0,0.0,14.0,4096.0,0.05,0.2,0.676513671875
nuisance_dominant,ndfa_random,0.0,2.0,0.0,14.0,4096.0,0.05,0.2,0.7216796875
low_sample_noisy,ndfa_random,1.0,0.0,0.0,14.0,2048.0,0.05,0.1,0.807861328125
task_aligned,ndfa_random,1.0,2.0,0.0,14.0,1024.0,0.15,0.0,0.9296875
task_aligned,ndfa_random,1.0,1.0,0.0,14.0,1024.0,0.15,0.0,0.921875
nuisance_dominant,ndfa_random,4.0,2.0,0.0,14.0,4096.0,0.15,0.1,0.72119140625
low_sample_noisy,ndfa_random,4.0,2.0,0.0,14.0,2048.0,0.15,0.0,0.856201171875
low_sample_noisy,ndfa_random,0.0,2.0,0.0,14.0,2048.0,0.05,0.1,0.796142578125
low_sample_noisy,ndfa_random,0.0,1.0,0.0,14.0,2048.0,0.05,0.1,0.80810546875
low_sample_noisy,ndfa_random,0.0,0.0,0.0,14.0,2048.0,0.05,0.1,0.80712890625
low_sample_noisy,ndfa_random,1.0,1.0,0.0,14.0,2048.0,0.05,0.1,0.810546875
nuisance_dominant,ndfa_random,3.0,2.0,0.0,14.0,4096.0,0.15,0.1,0.739501953125
task_aligned,ndfa_random,1.0,0.0,0.0,14.0,512.0,0.05,0.2,0.863037109375
task_aligned,ndfa_random,0.0,2.0,0.0,14.0,512.0,0.05,0.2,0.883056640625
mixed_context,ndfa_random,0.0,2.0,0.0,14.0,512.0,0.05,0.0,0.382568359375
task_aligned,ndfa_random,2.0,0.0,0.0,14.0,2048.0,0.15,0.1,0.895751953125
mixed_context,ndfa_random,1.0,1.0,0.0,14.0,512.0,0.05,0.0,0.372802734375
mixed_context,ndfa_random,1.0,0.0,0.0,14.0,512.0,0.05,0.0,0.362548828125
mixed_context,ndfa_random,0.0,0.0,0.0,14.0,1024.0,0.05,0.4,0.349609375
task_aligned,ndfa_random,1.0,2.0,0.0,14.0,2048.0,0.15,0.1,0.908935546875
mixed_context,ndfa_random,0.0,1.0,0.0,14.0,512.0,0.05,0.0,0.402099609375
task_aligned,ndfa_random,0.0,2.0,0.0,14.0,4096.0,0.05,0.1,0.938720703125
mixed_context,ndfa_random,4.0,2.0,0.0,14.0,1024.0,0.15,0.2,0.3974609375
mixed_context,ndfa_random,4.0,1.0,0.0,14.0,1024.0,0.15,0.2,0.38330078125
mixed_context,ndfa_random,0.0,1.0,0.0,14.0,1024.0,0.05,0.4,0.363037109375
mixed_context,ndfa_random,4.0,1.0,0.0,14.0,4096.0,0.15,0.4,0.46630859375
task_aligned,ndfa_random,0.0,1.0,0.0,14.0,4096.0,0.05,0.1,0.93798828125
task_aligned,ndfa_random,0.0,0.0,0.0,14.0,4096.0,0.05,0.1,0.929931640625
mixed_context,ndfa_random,3.0,2.0,0.0,14.0,1024.0,0.15,0.2,0.41796875
mixed_context,ndfa_random,3.0,1.0,0.0,14.0,1024.0,0.15,0.2,0.41259765625
mixed_context,ndfa_random,4.0,0.0,0.0,14.0,1024.0,0.15,0.2,0.391357421875
task_aligned,ndfa_random,1.0,0.0,0.0,14.0,1024.0,0.15,0.0,0.920166015625
nuisance_dominant,ndfa_random,2.0,1.0,0.0,14.0,4096.0,0.05,0.2,0.720458984375
nuisance_dominant,ndfa_random,2.0,0.0,0.0,14.0,4096.0,0.05,0.2,0.724609375
nuisance_dominant,ndfa_random,2.0,2.0,0.0,14.0,4096.0,0.05,0.2,0.72802734375
low_sample_noisy,ndfa_random,4.0,0.0,0.0,14.0,2048.0,0.15,0.0,0.852294921875
task_aligned,ndfa_random,0.0,2.0,0.0,14.0,1024.0,0.15,0.0,0.929931640625
nuisance_dominant,ndfa_random,1.0,1.0,0.0,14.0,4096.0,0.05,0.2,0.688232421875
nuisance_dominant,ndfa_random,1.0,2.0,0.0,14.0,4096.0,0.05,0.2,0.685791015625
low_sample_noisy,ndfa_random,2.0,2.0,0.0,14.0,2048.0,0.15,0.0,0.85107421875
low_sample_noisy,ndfa_random,2.0,1.0,0.0,14.0,2048.0,0.15,0.0,0.8408203125
low_sample_noisy,ndfa_random,3.0,2.0,0.0,14.0,2048.0,0.15,0.0,0.865966796875
low_sample_noisy,ndfa_random,3.0,1.0,0.0,14.0,2048.0,0.15,0.0,0.859619140625
low_sample_noisy,ndfa_random,4.0,1.0,0.0,14.0,2048.0,0.15,0.0,0.848388671875
nuisance_dominant,ndfa_random,0.0,1.0,0.0,14.0,4096.0,0.05,0.2,0.734130859375
task_aligned,ndfa_random,1.0,2.0,0.0,14.0,512.0,0.05,0.2,0.871826171875
task_aligned,ndfa_random,1.0,1.0,0.0,14.0,512.0,0.05,0.2,0.8740234375
low_sample_noisy,ndfa_random,3.0,0.0,0.0,14.0,2048.0,0.15,0.0,0.86083984375
task_aligned,ndfa_random,2.0,2.0,0.0,14.0,2048.0,0.15,0.1,0.90283203125
mixed_context,ndfa_random,4.0,0.0,0.0,14.0,4096.0,0.15,0.4,0.4912109375
mixed_context,ndfa_random,0.0,0.0,0.0,14.0,512.0,0.05,0.0,0.39990234375
mixed_context,ndfa_random,4.0,2.0,0.0,14.0,4096.0,0.15,0.4,0.468017578125
mixed_context,ndfa_random,1.0,1.0,0.0,14.0,1024.0,0.05,0.4,0.291015625
task_aligned,ndfa_random,2.0,1.0,0.0,14.0,2048.0,0.15,0.1,0.89111328125
mixed_context,ndfa_random,3.0,2.0,0.0,14.0,4096.0,0.15,0.4,0.466796875
mixed_context,ndfa_random,1.0,0.0,0.0,14.0,1024.0,0.05,0.4,0.291015625
mixed_context,ndfa_random,2.0,0.0,0.0,14.0,1024.0,0.05,0.4,0.330322265625
mixed_context,ndfa_random,1.0,2.0,0.0,14.0,1024.0,0.05,0.4,0.30517578125
mixed_context,ndfa_random,0.0,2.0,0.0,14.0,1024.0,0.05,0.4,0.358154296875
task_aligned,ndfa_random,4.0,2.0,0.0,14.0,4096.0,0.15,0.0,0.937744140625
task_aligned,ndfa_random,4.0,1.0,0.0,14.0,4096.0,0.15,0.0,0.937255859375
nuisance_dominant,ndfa_random,4.0,1.0,0.0,14.0,4096.0,0.05,0.2,0.720458984375
nuisance_dominant,ndfa_random,4.0,0.0,0.0,14.0,4096.0,0.05,0.2,0.72216796875
nuisance_dominant,ndfa_random,0.0,0.0,0.0,14.0,4096.0,0.15,0.2,0.648193359375
nuisance_dominant,ndfa_random,4.0,2.0,0.0,14.0,4096.0,0.05,0.2,0.738037109375
task_aligned,ndfa_random,4.0,2.0,0.0,14.0,1024.0,0.05,0.0,0.94921875
nuisance_dominant,ndfa_random,3.0,1.0,0.0,14.0,4096.0,0.05,0.2,0.72265625
nuisance_dominant,ndfa_random,3.0,0.0,0.0,14.0,4096.0,0.05,0.2,0.728271484375
nuisance_dominant,ndfa_random,3.0,2.0,0.0,14.0,4096.0,0.05,0.2,0.7265625
task_aligned,ndfa_random,0.0,1.0,0.0,14.0,1024.0,0.15,0.0,0.9248046875
low_sample_noisy,ndfa_random,1.0,2.0,0.0,14.0,2048.0,0.15,0.0,0.823486328125
low_sample_noisy,ndfa_random,1.0,1.0,0.0,14.0,2048.0,0.15,0.0,0.827880859375
low_sample_noisy,ndfa_random,2.0,0.0,0.0,14.0,2048.0,0.15,0.0,0.84423828125
task_aligned,ndfa_random,0.0,0.0,0.0,14.0,1024.0,0.15,0.0,0.93212890625
task_aligned,ndfa_random,2.0,0.0,0.0,14.0,512.0,0.05,0.2,0.881103515625
low_sample_noisy,ndfa_random,0.0,2.0,0.0,14.0,2048.0,0.15,0.0,0.835693359375
low_sample_noisy,ndfa_random,1.0,0.0,0.0,14.0,2048.0,0.15,0.0,0.818115234375
task_aligned,ndfa_random,2.0,1.0,0.0,14.0,512.0,0.05,0.2,0.8720703125
task_aligned,ndfa_random,3.0,0.0,0.0,14.0,2048.0,0.15,0.1,0.8974609375
mixed_context,ndfa_random,2.0,2.0,0.0,14.0,4096.0,0.15,0.4,0.441162109375
mixed_context,ndfa_random,2.0,1.0,0.0,14.0,4096.0,0.15,0.4,0.433837890625
mixed_context,ndfa_random,3.0,1.0,0.0,14.0,4096.0,0.15,0.4,0.469482421875
mixed_context,ndfa_random,3.0,0.0,0.0,14.0,4096.0,0.15,0.4,0.469482421875
mixed_context,ndfa_random,2.0,0.0,0.0,14.0,4096.0,0.15,0.4,0.44580078125
mixed_context,ndfa_random,1.0,2.0,0.0,14.0,4096.0,0.15,0.4,0.426513671875
mixed_context,ndfa_random,1.0,1.0,0.0,14.0,4096.0,0.15,0.4,0.416015625
task_aligned,ndfa_random,3.0,2.0,0.0,14.0,2048.0,0.15,0.1,0.896484375
task_aligned,ndfa_random,3.0,1.0,0.0,14.0,2048.0,0.15,0.1,0.902099609375
mixed_context,ndfa_random,3.0,1.0,0.0,14.0,1024.0,0.05,0.4,0.340576171875
mixed_context,ndfa_random,3.0,0.0,0.0,14.0,1024.0,0.05,0.4,0.32861328125
mixed_context,ndfa_random,3.0,2.0,0.0,14.0,1024.0,0.05,0.4,0.35693359375
task_aligned,ndfa_random,3.0,2.0,0.0,14.0,4096.0,0.15,0.0,0.941162109375
mixed_context,ndfa_random,2.0,1.0,0.0,14.0,1024.0,0.05,0.4,0.348388671875
mixed_context,ndfa_random,2.0,2.0,0.0,14.0,1024.0,0.05,0.4,0.328125
task_aligned,ndfa_random,4.0,0.0,0.0,14.0,4096.0,0.15,0.0,0.940185546875
nuisance_dominant,ndfa_random,0.0,2.0,0.0,14.0,4096.0,0.15,0.2,0.64697265625
nuisance_dominant,ndfa_random,1.0,2.0,0.0,14.0,4096.0,0.15,0.2,0.604248046875
nuisance_dominant,ndfa_random,1.0,1.0,0.0,14.0,4096.0,0.15,0.2,0.59765625
low_sample_noisy,ndfa_random,4.0,2.0,0.0,14.0,2048.0,0.05,0.0,0.894775390625
nuisance_dominant,ndfa_random,0.0,1.0,0.0,14.0,4096.0,0.15,0.2,0.655029296875
task_aligned,ndfa_random,4.0,1.0,0.0,14.0,1024.0,0.05,0.0,0.94970703125
task_aligned,ndfa_random,4.0,0.0,0.0,14.0,1024.0,0.05,0.0,0.947998046875
task_aligned,ndfa_random,3.0,0.0,0.0,14.0,512.0,0.05,0.2,0.874755859375
low_sample_noisy,ndfa_random,4.0,1.0,0.0,14.0,2048.0,0.05,0.0,0.884521484375
low_sample_noisy,ndfa_random,0.0,1.0,0.0,14.0,2048.0,0.15,0.0,0.84765625
low_sample_noisy,ndfa_random,0.0,0.0,0.0,14.0,2048.0,0.15,0.0,0.84375
task_aligned,ndfa_random,2.0,2.0,0.0,14.0,512.0,0.05,0.2,0.8896484375
low_sample_noisy,ndfa_random,4.0,0.0,0.0,14.0,2048.0,0.05,0.0,0.886474609375
task_aligned,ndfa_random,4.0,1.0,0.0,14.0,2048.0,0.15,0.1,0.90087890625
mixed_context,ndfa_random,0.0,2.0,0.0,14.0,4096.0,0.15,0.4,0.4404296875
mixed_context,ndfa_random,0.0,1.0,0.0,14.0,4096.0,0.15,0.4,0.47509765625
mixed_context,ndfa_random,1.0,0.0,0.0,14.0,4096.0,0.15,0.4,0.417236328125
mixed_context,ndfa_random,0.0,2.0,0.0,14.0,1024.0,0.15,0.4,0.341064453125
task_aligned,ndfa_random,4.0,0.0,0.0,14.0,2048.0,0.15,0.1,0.8994140625
mixed_context,ndfa_random,4.0,2.0,0.0,14.0,4096.0,0.05,0.4,0.5224609375
mixed_context,ndfa_random,0.0,0.0,0.0,14.0,4096.0,0.15,0.4,0.445556640625
mixed_context,ndfa_random,4.0,2.0,0.0,14.0,1024.0,0.05,0.4,0.339111328125
task_aligned,ndfa_random,3.0,1.0,0.0,14.0,4096.0,0.15,0.0,0.9423828125
mixed_context,ndfa_random,0.0,1.0,0.0,14.0,1024.0,0.15,0.4,0.343505859375
mixed_context,ndfa_random,0.0,0.0,0.0,14.0,1024.0,0.15,0.4,0.33544921875
mixed_context,ndfa_random,1.0,0.0,0.0,14.0,1024.0,0.15,0.4,0.27734375
mixed_context,ndfa_random,3.0,2.0,0.0,14.0,4096.0,0.05,0.4,0.518310546875
task_aligned,ndfa_random,3.0,0.0,0.0,14.0,4096.0,0.15,0.0,0.9365234375
mixed_context,ndfa_random,4.0,1.0,0.0,14.0,1024.0,0.05,0.4,0.328369140625
mixed_context,ndfa_random,4.0,0.0,0.0,14.0,1024.0,0.05,0.4,0.334716796875
nuisance_dominant,ndfa_random,2.0,1.0,0.0,14.0,4096.0,0.15,0.2,0.653076171875
task_aligned,ndfa_random,3.0,2.0,0.0,14.0,1024.0,0.05,0.0,0.9501953125
nuisance_dominant,ndfa_random,3.0,0.0,0.0,14.0,4096.0,0.15,0.2,0.6728515625
nuisance_dominant,ndfa_random,2.0,2.0,0.0,14.0,4096.0,0.15,0.2,0.659912109375
low_sample_noisy,ndfa_random,3.0,1.0,0.0,14.0,2048.0,0.05,0.0,0.89404296875
task_aligned,ndfa_random,3.0,1.0,0.0,14.0,1024.0,0.05,0.0,0.955078125
nuisance_dominant,ndfa_random,2.0,0.0,0.0,14.0,4096.0,0.15,0.2,0.656982421875
task_aligned,ndfa_random,3.0,2.0,0.0,14.0,512.0,0.05,0.2,0.87158203125
task_aligned,ndfa_random,3.0,1.0,0.0,14.0,512.0,0.05,0.2,0.871337890625
low_sample_noisy,ndfa_random,3.0,0.0,0.0,14.0,2048.0,0.05,0.0,0.89697265625
low_sample_noisy,ndfa_random,2.0,2.0,0.0,14.0,2048.0,0.05,0.0,0.88623046875
low_sample_noisy,ndfa_random,3.0,2.0,0.0,14.0,2048.0,0.05,0.0,0.892578125
nuisance_dominant,ndfa_random,1.0,0.0,0.0,14.0,4096.0,0.15,0.2,0.591064453125
low_sample_noisy,ndfa_random,2.0,1.0,0.0,14.0,2048.0,0.05,0.0,0.878173828125
low_sample_noisy,ndfa_random,2.0,0.0,0.0,14.0,2048.0,0.05,0.0,0.877685546875
low_sample_noisy,ndfa_random,1.0,2.0,0.0,14.0,2048.0,0.05,0.0,0.87109375
task_aligned,ndfa_random,4.0,0.0,0.0,14.0,512.0,0.05,0.2,0.868896484375
task_aligned,ndfa_random,0.0,0.0,0.0,14.0,2048.0,0.05,0.2,0.895263671875
mixed_context,ndfa_random,3.0,1.0,0.0,14.0,4096.0,0.05,0.4,0.5146484375
mixed_context,ndfa_random,4.0,1.0,0.0,14.0,4096.0,0.05,0.4,0.50634765625
mixed_context,ndfa_random,4.0,0.0,0.0,14.0,4096.0,0.05,0.4,0.53759765625
mixed_context,ndfa_random,2.0,2.0,0.0,14.0,1024.0,0.15,0.4,0.3115234375
task_aligned,ndfa_random,4.0,2.0,0.0,14.0,2048.0,0.15,0.1,0.902587890625
mixed_context,ndfa_random,2.0,2.0,0.0,14.0,4096.0,0.05,0.4,0.47314453125
mixed_context,ndfa_random,3.0,0.0,0.0,14.0,4096.0,0.05,0.4,0.511474609375
mixed_context,ndfa_random,2.0,1.0,0.0,14.0,1024.0,0.15,0.4,0.335205078125
mixed_context,ndfa_random,2.0,0.0,0.0,14.0,1024.0,0.15,0.4,0.3212890625
mixed_context,ndfa_random,1.0,2.0,0.0,14.0,1024.0,0.15,0.4,0.28466796875
mixed_context,ndfa_random,3.0,0.0,0.0,14.0,1024.0,0.15,0.4,0.31689453125
mixed_context,ndfa_random,2.0,0.0,0.0,14.0,4096.0,0.05,0.4,0.47705078125
mixed_context,ndfa_random,1.0,1.0,0.0,14.0,1024.0,0.15,0.4,0.28515625
task_aligned,ndfa_random,2.0,2.0,0.0,14.0,4096.0,0.15,0.0,0.9423828125
task_aligned,ndfa_random,2.0,1.0,0.0,14.0,4096.0,0.15,0.0,0.939453125
task_aligned,ndfa_random,3.0,0.0,0.0,14.0,1024.0,0.05,0.0,0.951416015625
nuisance_dominant,ndfa_random,0.0,0.0,0.0,14.0,4096.0,0.05,0.4,0.5654296875
nuisance_dominant,ndfa_random,4.0,2.0,0.0,14.0,4096.0,0.15,0.2,0.675048828125
nuisance_dominant,ndfa_random,0.0,2.0,0.0,14.0,4096.0,0.05,0.4,0.554931640625
nuisance_dominant,ndfa_random,0.0,1.0,0.0,14.0,4096.0,0.05,0.4,0.57275390625
task_aligned,ndfa_random,2.0,2.0,0.0,14.0,1024.0,0.05,0.0,0.9462890625
nuisance_dominant,ndfa_random,4.0,0.0,0.0,14.0,4096.0,0.15,0.2,0.6591796875
nuisance_dominant,ndfa_random,3.0,2.0,0.0,14.0,4096.0,0.15,0.2,0.664306640625
nuisance_dominant,ndfa_random,4.0,1.0,0.0,14.0,4096.0,0.15,0.2,0.6572265625
task_aligned,ndfa_random,4.0,2.0,0.0,14.0,512.0,0.05,0.2,0.864501953125
low_sample_noisy,ndfa_random,1.0,0.0,0.0,14.0,2048.0,0.05,0.0,0.874755859375
low_sample_noisy,ndfa_random,0.0,2.0,0.0,14.0,2048.0,0.05,0.0,0.875732421875
low_sample_noisy,ndfa_random,1.0,1.0,0.0,14.0,2048.0,0.05,0.0,0.87939453125
nuisance_dominant,ndfa_random,3.0,1.0,0.0,14.0,4096.0,0.15,0.2,0.668701171875
task_aligned,ndfa_random,4.0,1.0,0.0,14.0,512.0,0.05,0.2,0.872802734375
low_sample_noisy,ndfa_random,0.0,0.0,0.0,14.0,2048.0,0.05,0.0,0.878173828125
low_sample_noisy,ndfa_random,0.0,1.0,0.0,14.0,2048.0,0.05,0.0,0.88330078125
mixed_context,ndfa_random,1.0,2.0,0.0,14.0,4096.0,0.05,0.4,0.463623046875
mixed_context,ndfa_random,1.0,1.0,0.0,14.0,4096.0,0.05,0.4,0.452880859375
mixed_context,ndfa_random,1.0,0.0,0.0,14.0,4096.0,0.05,0.4,0.460205078125
mixed_context,ndfa_random,2.0,1.0,0.0,14.0,4096.0,0.05,0.4,0.474365234375
mixed_context,ndfa_random,4.0,1.0,0.0,14.0,1024.0,0.15,0.4,0.31005859375
task_aligned,ndfa_random,0.0,1.0,0.0,14.0,2048.0,0.05,0.2,0.892333984375
mixed_context,ndfa_random,0.0,2.0,0.0,14.0,4096.0,0.05,0.4,0.4951171875
task_aligned,ndfa_random,0.0,2.0,0.0,14.0,2048.0,0.05,0.2,0.890869140625
mixed_context,ndfa_random,4.0,0.0,0.0,14.0,1024.0,0.15,0.4,0.314697265625
mixed_context,ndfa_random,0.0,0.0,0.0,14.0,2048.0,0.05,0.0,0.646240234375
mixed_context,ndfa_random,4.0,2.0,0.0,14.0,1024.0,0.15,0.4,0.322998046875
mixed_context,ndfa_random,0.0,0.0,0.0,14.0,4096.0,0.05,0.4,0.4853515625
task_aligned,ndfa_random,1.0,2.0,0.0,14.0,4096.0,0.15,0.0,0.930419921875
mixed_context,ndfa_random,3.0,2.0,0.0,14.0,1024.0,0.15,0.4,0.3408203125
mixed_context,ndfa_random,3.0,1.0,0.0,14.0,1024.0,0.15,0.4,0.318359375
task_aligned,ndfa_random,2.0,0.0,0.0,14.0,4096.0,0.15,0.0,0.935546875
nuisance_dominant,ndfa_random,2.0,0.0,0.0,14.0,4096.0,0.05,0.4,0.571044921875
nuisance_dominant,ndfa_random,1.0,2.0,0.0,14.0,4096.0,0.05,0.4,0.561767578125
nuisance_dominant,ndfa_random,1.0,1.0,0.0,14.0,4096.0,0.05,0.4,0.55126953125
nuisance_dominant,ndfa_random,2.0,2.0,0.0,14.0,4096.0,0.05,0.4,0.571044921875
nuisance_dominant,ndfa_random,1.0,0.0,0.0,14.0,4096.0,0.05,0.4,0.55810546875
task_aligned,ndfa_random,2.0,1.0,0.0,14.0,1024.0,0.05,0.0,0.94580078125
task_aligned,ndfa_random,2.0,0.0,0.0,14.0,1024.0,0.05,0.0,0.94482421875
low_sample_noisy,ndfa_random,3.0,2.0,0.0,14.0,1024.0,0.15,0.4,0.525390625
low_sample_noisy,ndfa_random,4.0,2.0,0.0,14.0,1024.0,0.15,0.4,0.484375
low_sample_noisy,ndfa_random,4.0,1.0,0.0,14.0,1024.0,0.15,0.4,0.501708984375
low_sample_noisy,ndfa_random,4.0,0.0,0.0,14.0,1024.0,0.15,0.4,0.48681640625
task_aligned,ndfa_random,0.0,0.0,0.0,14.0,512.0,0.15,0.2,0.852783203125
low_sample_noisy,ndfa_random,3.0,0.0,0.0,14.0,1024.0,0.15,0.4,0.514892578125
low_sample_noisy,ndfa_random,3.0,1.0,0.0,14.0,1024.0,0.15,0.4,0.511474609375
task_aligned,ndfa_random,0.0,1.0,0.0,14.0,512.0,0.15,0.2,0.8544921875
mixed_context,ndfa_random,4.0,2.0,0.0,14.0,4096.0,0.15,0.2,0.608642578125
mixed_context,ndfa_random,4.0,1.0,0.0,14.0,4096.0,0.15,0.2,0.6015625
mixed_context,ndfa_random,0.0,1.0,0.0,14.0,4096.0,0.05,0.4,0.521240234375
task_aligned,ndfa_random,1.0,1.0,0.0,14.0,2048.0,0.05,0.2,0.902587890625
task_aligned,ndfa_random,1.0,0.0,0.0,14.0,2048.0,0.05,0.2,0.907470703125
mixed_context,ndfa_random,3.0,1.0,0.0,14.0,4096.0,0.15,0.2,0.63916015625
mixed_context,ndfa_random,4.0,0.0,0.0,14.0,4096.0,0.15,0.2,0.617431640625
mixed_context,ndfa_random,3.0,2.0,0.0,14.0,4096.0,0.15,0.2,0.6240234375
mixed_context,ndfa_random,1.0,1.0,0.0,14.0,2048.0,0.05,0.0,0.613525390625
mixed_context,ndfa_random,1.0,0.0,0.0,14.0,2048.0,0.05,0.0,0.62353515625
mixed_context,ndfa_random,1.0,2.0,0.0,14.0,2048.0,0.05,0.0,0.63525390625
task_aligned,ndfa_random,1.0,1.0,0.0,14.0,4096.0,0.15,0.0,0.927734375
task_aligned,ndfa_random,1.0,0.0,0.0,14.0,4096.0,0.15,0.0,0.93212890625
mixed_context,ndfa_random,0.0,2.0,0.0,14.0,2048.0,0.05,0.0,0.65576171875
mixed_context,ndfa_random,0.0,1.0,0.0,14.0,2048.0,0.05,0.0,0.700439453125
nuisance_dominant,ndfa_random,3.0,2.0,0.0,14.0,4096.0,0.05,0.4,0.602783203125
nuisance_dominant,ndfa_random,4.0,2.0,0.0,14.0,4096.0,0.05,0.4,0.591064453125
nuisance_dominant,ndfa_random,4.0,1.0,0.0,14.0,4096.0,0.05,0.4,0.583740234375
low_sample_noisy,ndfa_random,2.0,1.0,0.0,14.0,1024.0,0.15,0.4,0.50390625
task_aligned,ndfa_random,1.0,1.0,0.0,14.0,1024.0,0.05,0.0,0.95166015625
nuisance_dominant,ndfa_random,3.0,1.0,0.0,14.0,4096.0,0.05,0.4,0.59375
nuisance_dominant,ndfa_random,3.0,0.0,0.0,14.0,4096.0,0.05,0.4,0.585693359375
task_aligned,ndfa_random,1.0,2.0,0.0,14.0,1024.0,0.05,0.0,0.953369140625
low_sample_noisy,ndfa_random,2.0,0.0,0.0,14.0,1024.0,0.15,0.4,0.50390625
low_sample_noisy,ndfa_random,1.0,2.0,0.0,14.0,1024.0,0.15,0.4,0.413818359375
low_sample_noisy,ndfa_random,1.0,1.0,0.0,14.0,1024.0,0.15,0.4,0.420654296875
low_sample_noisy,ndfa_random,2.0,2.0,0.0,14.0,1024.0,0.15,0.4,0.489501953125
nuisance_dominant,ndfa_random,2.0,1.0,0.0,14.0,4096.0,0.05,0.4,0.578857421875
task_aligned,ndfa_random,0.0,2.0,0.0,14.0,512.0,0.15,0.2,0.8505859375
low_sample_noisy,ndfa_random,1.0,0.0,0.0,14.0,1024.0,0.15,0.4,0.405517578125
task_aligned,ndfa_random,1.0,0.0,0.0,14.0,512.0,0.15,0.2,0.82421875
mixed_context,ndfa_random,1.0,2.0,0.0,14.0,4096.0,0.15,0.2,0.581787109375
mixed_context,ndfa_random,2.0,2.0,0.0,14.0,4096.0,0.15,0.2,0.59619140625
mixed_context,ndfa_random,2.0,1.0,0.0,14.0,4096.0,0.15,0.2,0.597412109375
mixed_context,ndfa_random,3.0,0.0,0.0,14.0,4096.0,0.15,0.2,0.631591796875
mixed_context,ndfa_random,3.0,2.0,0.0,14.0,2048.0,0.05,0.0,0.709716796875
task_aligned,ndfa_random,2.0,0.0,0.0,14.0,2048.0,0.05,0.2,0.892822265625
task_aligned,ndfa_random,1.0,2.0,0.0,14.0,2048.0,0.05,0.2,0.909423828125
mixed_context,ndfa_random,2.0,0.0,0.0,14.0,4096.0,0.15,0.2,0.60107421875
mixed_context,ndfa_random,2.0,2.0,0.0,14.0,2048.0,0.05,0.0,0.69287109375
task_aligned,ndfa_random,0.0,2.0,0.0,14.0,4096.0,0.15,0.0,0.939453125
mixed_context,ndfa_random,3.0,1.0,0.0,14.0,2048.0,0.05,0.0,0.73291015625
mixed_context,ndfa_random,3.0,0.0,0.0,14.0,2048.0,0.05,0.0,0.70166015625
mixed_context,ndfa_random,4.0,0.0,0.0,14.0,2048.0,0.05,0.0,0.6943359375
mixed_context,ndfa_random,0.0,2.0,0.0,14.0,4096.0,0.15,0.2,0.606201171875
task_aligned,ndfa_random,0.0,1.0,0.0,14.0,4096.0,0.15,0.0,0.941162109375
mixed_context,ndfa_random,2.0,1.0,0.0,14.0,2048.0,0.05,0.0,0.677734375
mixed_context,ndfa_random,2.0,0.0,0.0,14.0,2048.0,0.05,0.0,0.671875
nuisance_dominant,ndfa_random,0.0,1.0,0.0,14.0,4096.0,0.15,0.4,0.51025390625
nuisance_dominant,ndfa_random,0.0,0.0,0.0,14.0,4096.0,0.15,0.4,0.51416015625
nuisance_dominant,ndfa_random,1.0,0.0,0.0,14.0,4096.0,0.15,0.4,0.487060546875
nuisance_dominant,ndfa_random,0.0,2.0,0.0,14.0,4096.0,0.15,0.4,0.505859375
low_sample_noisy,ndfa_random,0.0,2.0,0.0,14.0,1024.0,0.15,0.4,0.49072265625
low_sample_noisy,ndfa_random,0.0,1.0,0.0,14.0,1024.0,0.15,0.4,0.515869140625
task_aligned,ndfa_random,1.0,0.0,0.0,14.0,1024.0,0.05,0.0,0.95166015625
task_aligned,ndfa_random,0.0,2.0,0.0,14.0,1024.0,0.05,0.0,0.952392578125
low_sample_noisy,ndfa_random,4.0,1.0,0.0,14.0,1024.0,0.05,0.4,0.509765625
low_sample_noisy,ndfa_random,4.0,0.0,0.0,14.0,1024.0,0.05,0.4,0.515380859375
low_sample_noisy,ndfa_random,0.0,0.0,0.0,14.0,1024.0,0.15,0.4,0.51904296875
low_sample_noisy,ndfa_random,4.0,2.0,0.0,14.0,1024.0,0.05,0.4,0.513427734375
nuisance_dominant,ndfa_random,4.0,0.0,0.0,14.0,4096.0,0.05,0.4,0.584716796875
task_aligned,ndfa_random,1.0,2.0,0.0,14.0,512.0,0.15,0.2,0.8349609375
task_aligned,ndfa_random,1.0,1.0,0.0,14.0,512.0,0.15,0.2,0.837158203125
low_sample_noisy,ndfa_random,3.0,2.0,0.0,14.0,1024.0,0.05,0.4,0.551025390625
task_aligned,ndfa_random,2.0,2.0,0.0,14.0,2048.0,0.05,0.2,0.890625
mixed_context,ndfa_random,0.0,1.0,0.0,14.0,4096.0,0.15,0.2,0.640380859375
mixed_context,ndfa_random,1.0,1.0,0.0,14.0,4096.0,0.15,0.2,0.566650390625
mixed_context,ndfa_random,1.0,0.0,0.0,14.0,4096.0,0.15,0.2,0.56982421875
mixed_context,ndfa_random,0.0,1.0,0.0,14.0,2048.0,0.15,0.0,0.64453125
task_aligned,ndfa_random,2.0,1.0,0.0,14.0,2048.0,0.05,0.2,0.890625
mixed_context,ndfa_random,4.0,2.0,0.0,14.0,4096.0,0.05,0.2,0.66796875
mixed_context,ndfa_random,0.0,0.0,0.0,14.0,4096.0,0.15,0.2,0.59423828125
task_aligned,ndfa_random,4.0,2.0,0.0,14.0,4096.0,0.05,0.0,0.966552734375
mixed_context,ndfa_random,0.0,0.0,0.0,14.0,2048.0,0.15,0.0,0.595458984375
mixed_context,ndfa_random,4.0,2.0,0.0,14.0,2048.0,0.05,0.0,0.649658203125
mixed_context,ndfa_random,0.0,2.0,0.0,14.0,2048.0,0.15,0.0,0.603515625
mixed_context,ndfa_random,4.0,0.0,0.0,14.0,4096.0,0.05,0.2,0.686279296875
task_aligned,ndfa_random,4.0,1.0,0.0,14.0,4096.0,0.05,0.0,0.965576171875
mixed_context,ndfa_random,4.0,1.0,0.0,14.0,2048.0,0.05,0.0,0.66357421875
task_aligned,ndfa_random,0.0,0.0,0.0,14.0,4096.0,0.15,0.0,0.94091796875
task_aligned,ndfa_random,0.0,1.0,0.0,14.0,1024.0,0.05,0.0,0.95361328125
nuisance_dominant,ndfa_random,3.0,0.0,0.0,14.0,4096.0,0.15,0.4,0.538818359375
nuisance_dominant,ndfa_random,2.0,2.0,0.0,14.0,4096.0,0.15,0.4,0.514404296875
nuisance_dominant,ndfa_random,3.0,2.0,0.0,14.0,4096.0,0.15,0.4,0.54931640625
nuisance_dominant,ndfa_random,3.0,1.0,0.0,14.0,4096.0,0.15,0.4,0.5458984375
task_aligned,ndfa_random,0.0,0.0,0.0,14.0,1024.0,0.05,0.0,0.9541015625
nuisance_dominant,ndfa_random,2.0,0.0,0.0,14.0,4096.0,0.15,0.4,0.52001953125
nuisance_dominant,ndfa_random,1.0,2.0,0.0,14.0,4096.0,0.15,0.4,0.501708984375
nuisance_dominant,ndfa_random,2.0,1.0,0.0,14.0,4096.0,0.15,0.4,0.51416015625
low_sample_noisy,ndfa_random,2.0,0.0,0.0,14.0,1024.0,0.05,0.4,0.529052734375
low_sample_noisy,ndfa_random,3.0,0.0,0.0,14.0,1024.0,0.05,0.4,0.539794921875
low_sample_noisy,ndfa_random,2.0,2.0,0.0,14.0,1024.0,0.05,0.4,0.522705078125
low_sample_noisy,ndfa_random,3.0,1.0,0.0,14.0,1024.0,0.05,0.4,0.532470703125
nuisance_dominant,ndfa_random,1.0,1.0,0.0,14.0,4096.0,0.15,0.4,0.48291015625
task_aligned,ndfa_random,2.0,1.0,0.0,14.0,512.0,0.15,0.2,0.8427734375
task_aligned,ndfa_random,2.0,0.0,0.0,14.0,512.0,0.15,0.2,0.854248046875
low_sample_noisy,ndfa_random,2.0,1.0,0.0,14.0,1024.0,0.05,0.4,0.531005859375
task_aligned,ndfa_random,3.0,2.0,0.0,14.0,2048.0,0.05,0.2,0.899658203125
mixed_context,ndfa_random,3.0,2.0,0.0,14.0,4096.0,0.05,0.2,0.667724609375
mixed_context,ndfa_random,3.0,1.0,0.0,14.0,4096.0,0.05,0.2,0.68701171875
mixed_context,ndfa_random,4.0,1.0,0.0,14.0,4096.0,0.05,0.2,0.65966796875
task_aligned,ndfa_random,3.0,1.0,0.0,14.0,2048.0,0.05,0.2,0.90478515625
task_aligned,ndfa_random,3.0,0.0,0.0,14.0,2048.0,0.05,0.2,0.90771484375
mixed_context,ndfa_random,3.0,0.0,0.0,14.0,4096.0,0.05,0.2,0.68896484375
mixed_context,ndfa_random,1.0,2.0,0.0,14.0,2048.0,0.15,0.0,0.568603515625
mixed_context,ndfa_random,2.0,2.0,0.0,14.0,2048.0,0.15,0.0,0.646728515625
mixed_context,ndfa_random,2.0,1.0,0.0,14.0,2048.0,0.15,0.0,0.6328125
mixed_context,ndfa_random,2.0,0.0,0.0,14.0,2048.0,0.15,0.0,0.62353515625
mixed_context,ndfa_random,1.0,1.0,0.0,14.0,2048.0,0.15,0.0,0.5478515625
mixed_context,ndfa_random,1.0,0.0,0.0,14.0,2048.0,0.15,0.0,0.548095703125
task_aligned,ndfa_random,4.0,0.0,0.0,14.0,4096.0,0.05,0.0,0.96337890625
task_aligned,ndfa_random,3.0,2.0,0.0,14.0,4096.0,0.05,0.0,0.963134765625
nuisance_dominant,ndfa_random,4.0,2.0,0.0,14.0,4096.0,0.15,0.4,0.537109375
nuisance_dominant,ndfa_random,4.0,1.0,0.0,14.0,4096.0,0.15,0.4,0.529296875
nuisance_dominant,ndfa_random,0.0,1.0,0.0,14.0,512.0,0.05,0.0,0.322265625
nuisance_dominant,ndfa_random,4.0,0.0,0.0,14.0,512.0,0.15,0.4,0.20263671875
nuisance_dominant,ndfa_random,4.0,0.0,0.0,14.0,4096.0,0.15,0.4,0.5361328125
nuisance_dominant,ndfa_random,4.0,2.0,0.0,14.0,512.0,0.15,0.4,0.202392578125
nuisance_dominant,ndfa_random,4.0,1.0,0.0,14.0,512.0,0.15,0.4,0.20751953125
low_sample_noisy,ndfa_random,0.0,2.0,0.0,14.0,1024.0,0.05,0.4,0.51806640625
low_sample_noisy,ndfa_random,1.0,2.0,0.0,14.0,1024.0,0.05,0.4,0.442626953125
low_sample_noisy,ndfa_random,1.0,1.0,0.0,14.0,1024.0,0.05,0.4,0.440185546875
low_sample_noisy,ndfa_random,1.0,0.0,0.0,14.0,1024.0,0.05,0.4,0.433837890625
task_aligned,ndfa_random,2.0,2.0,0.0,14.0,512.0,0.15,0.2,0.861572265625
low_sample_noisy,ndfa_random,0.0,0.0,0.0,14.0,1024.0,0.05,0.4,0.548095703125
low_sample_noisy,ndfa_random,0.0,1.0,0.0,14.0,1024.0,0.05,0.4,0.54833984375
task_aligned,ndfa_random,3.0,0.0,0.0,14.0,512.0,0.15,0.2,0.83837890625
mixed_context,ndfa_random,0.0,2.0,0.0,14.0,4096.0,0.05,0.2,0.657958984375
mixed_context,ndfa_random,2.0,0.0,0.0,14.0,4096.0,0.05,0.2,0.64501953125
mixed_context,ndfa_random,1.0,2.0,0.0,14.0,4096.0,0.05,0.2,0.641357421875
mixed_context,ndfa_random,2.0,2.0,0.0,14.0,4096.0,0.05,0.2,0.65185546875
mixed_context,ndfa_random,2.0,1.0,0.0,14.0,4096.0,0.05,0.2,0.645263671875
task_aligned,ndfa_random,4.0,1.0,0.0,14.0,2048.0,0.05,0.2,0.90576171875
task_aligned,ndfa_random,4.0,0.0,0.0,14.0,2048.0,0.05,0.2,0.896484375
mixed_context,ndfa_random,1.0,1.0,0.0,14.0,4096.0,0.05,0.2,0.63525390625
mixed_context,ndfa_random,1.0,0.0,0.0,14.0,4096.0,0.05,0.2,0.628173828125
task_aligned,ndfa_random,3.0,1.0,0.0,14.0,4096.0,0.05,0.0,0.962890625
mixed_context,ndfa_random,4.0,0.0,0.0,14.0,2048.0,0.15,0.0,0.63818359375
mixed_context,ndfa_random,3.0,2.0,0.0,14.0,2048.0,0.15,0.0,0.65673828125
mixed_context,ndfa_random,4.0,1.0,0.0,14.0,2048.0,0.15,0.0,0.61572265625
mixed_context,ndfa_random,0.0,1.0,0.0,14.0,4096.0,0.05,0.2,0.6826171875
task_aligned,ndfa_random,3.0,0.0,0.0,14.0,4096.0,0.05,0.0,0.959716796875
mixed_context,ndfa_random,3.0,0.0,0.0,14.0,2048.0,0.15,0.0,0.659912109375
mixed_context,ndfa_random,3.0,1.0,0.0,14.0,2048.0,0.15,0.0,0.6787109375
nuisance_dominant,ndfa_random,3.0,1.0,0.0,14.0,512.0,0.15,0.4,0.204345703125
nuisance_dominant,ndfa_random,1.0,1.0,0.0,14.0,512.0,0.05,0.0,0.26611328125
nuisance_dominant,ndfa_random,2.0,1.0,0.0,14.0,512.0,0.05,0.0,0.345458984375
nuisance_dominant,ndfa_random,2.0,0.0,0.0,14.0,512.0,0.05,0.0,0.346923828125
low_sample_noisy,ndfa_random,4.0,1.0,0.0,14.0,1024.0,0.15,0.2,0.653564453125
nuisance_dominant,ndfa_random,1.0,0.0,0.0,14.0,512.0,0.05,0.0,0.243896484375
nuisance_dominant,ndfa_random,0.0,2.0,0.0,14.0,512.0,0.05,0.0,0.304443359375
nuisance_dominant,ndfa_random,3.0,2.0,0.0,14.0,512.0,0.15,0.4,0.20166015625
task_aligned,ndfa_random,4.0,0.0,0.0,14.0,512.0,0.15,0.2,0.836669921875
low_sample_noisy,ndfa_random,4.0,0.0,0.0,14.0,1024.0,0.15,0.2,0.64794921875
low_sample_noisy,ndfa_random,3.0,2.0,0.0,14.0,1024.0,0.15,0.2,0.67431640625
low_sample_noisy,ndfa_random,4.0,2.0,0.0,14.0,1024.0,0.15,0.2,0.64599609375
nuisance_dominant,ndfa_random,0.0,0.0,0.0,14.0,512.0,0.05,0.0,0.317138671875
task_aligned,ndfa_random,3.0,2.0,0.0,14.0,512.0,0.15,0.2,0.828857421875
task_aligned,ndfa_random,3.0,1.0,0.0,14.0,512.0,0.15,0.2,0.83740234375
low_sample_noisy,ndfa_random,3.0,1.0,0.0,14.0,1024.0,0.15,0.2,0.66748046875
mixed_context,ndfa_random,4.0,1.0,0.0,14.0,4096.0,0.15,0.1,0.679931640625
task_aligned,ndfa_random,0.0,0.0,0.0,14.0,2048.0,0.15,0.2,0.85693359375
mixed_context,ndfa_random,0.0,0.0,0.0,14.0,4096.0,0.05,0.2,0.64404296875
mixed_context,ndfa_random,4.0,2.0,0.0,14.0,4096.0,0.15,0.1,0.69287109375
mixed_context,ndfa_random,1.0,2.0,0.0,14.0,2048.0,0.05,0.1,0.572998046875
mixed_context,ndfa_random,1.0,1.0,0.0,14.0,2048.0,0.05,0.1,0.546142578125
task_aligned,ndfa_random,4.0,2.0,0.0,14.0,2048.0,0.05,0.2,0.90380859375
mixed_context,ndfa_random,4.0,0.0,0.0,14.0,4096.0,0.15,0.1,0.71337890625
mixed_context,ndfa_random,0.0,1.0,0.0,14.0,2048.0,0.05,0.1,0.612548828125
task_aligned,ndfa_random,2.0,2.0,0.0,14.0,4096.0,0.05,0.0,0.9658203125
mixed_context,ndfa_random,1.0,0.0,0.0,14.0,2048.0,0.05,0.1,0.556396484375
mixed_context,ndfa_random,0.0,2.0,0.0,14.0,2048.0,0.05,0.1,0.579345703125
mixed_context,ndfa_random,3.0,0.0,0.0,14.0,4096.0,0.15,0.1,0.706298828125
task_aligned,ndfa_random,2.0,1.0,0.0,14.0,4096.0,0.05,0.0,0.964111328125
mixed_context,ndfa_random,0.0,0.0,0.0,14.0,2048.0,0.05,0.1,0.56494140625
mixed_context,ndfa_random,4.0,2.0,0.0,14.0,2048.0,0.15,0.0,0.60302734375
nuisance_dominant,ndfa_random,3.0,0.0,0.0,14.0,512.0,0.15,0.4,0.203857421875
nuisance_dominant,ndfa_random,3.0,2.0,0.0,14.0,512.0,0.05,0.0,0.34765625
nuisance_dominant,ndfa_random,3.0,1.0,0.0,14.0,512.0,0.05,0.0,0.3642578125
nuisance_dominant,ndfa_random,4.0,0.0,0.0,14.0,512.0,0.05,0.0,0.35400390625
low_sample_noisy,ndfa_random,2.0,2.0,0.0,14.0,1024.0,0.15,0.2,0.650146484375
nuisance_dominant,ndfa_random,2.0,2.0,0.0,14.0,512.0,0.15,0.4,0.1708984375
nuisance_dominant,ndfa_random,2.0,2.0,0.0,14.0,512.0,0.05,0.0,0.325927734375
nuisance_dominant,ndfa_random,3.0,0.0,0.0,14.0,512.0,0.05,0.0,0.3779296875
low_sample_noisy,ndfa_random,1.0,1.0,0.0,14.0,1024.0,0.15,0.2,0.562744140625
low_sample_noisy,ndfa_random,1.0,0.0,0.0,14.0,1024.0,0.15,0.2,0.55126953125
low_sample_noisy,ndfa_random,2.0,1.0,0.0,14.0,1024.0,0.15,0.2,0.65576171875
low_sample_noisy,ndfa_random,2.0,0.0,0.0,14.0,1024.0,0.15,0.2,0.642578125
low_sample_noisy,ndfa_random,3.0,0.0,0.0,14.0,1024.0,0.15,0.2,0.679443359375
nuisance_dominant,ndfa_random,1.0,2.0,0.0,14.0,512.0,0.05,0.0,0.25732421875
task_aligned,ndfa_random,4.0,2.0,0.0,14.0,512.0,0.15,0.2,0.83447265625
task_aligned,ndfa_random,4.0,1.0,0.0,14.0,512.0,0.15,0.2,0.83935546875
low_sample_noisy,ndfa_random,1.0,2.0,0.0,14.0,1024.0,0.15,0.2,0.568115234375
mixed_context,ndfa_random,2.0,2.0,0.0,14.0,4096.0,0.15,0.1,0.669921875
mixed_context,ndfa_random,3.0,2.0,0.0,14.0,4096.0,0.15,0.1,0.701171875
mixed_context,ndfa_random,3.0,1.0,0.0,14.0,4096.0,0.15,0.1,0.70703125
mixed_context,ndfa_random,3.0,1.0,0.0,14.0,2048.0,0.05,0.1,0.646728515625
task_aligned,ndfa_random,0.0,1.0,0.0,14.0,2048.0,0.15,0.2,0.857421875
mixed_context,ndfa_random,2.0,0.0,0.0,14.0,4096.0,0.15,0.1,0.678955078125
mixed_context,ndfa_random,2.0,1.0,0.0,14.0,4096.0,0.15,0.1,0.666748046875
task_aligned,ndfa_random,0.0,2.0,0.0,14.0,2048.0,0.15,0.2,0.854736328125
mixed_context,ndfa_random,3.0,0.0,0.0,14.0,2048.0,0.05,0.1,0.62255859375
mixed_context,ndfa_random,2.0,2.0,0.0,14.0,2048.0,0.05,0.1,0.62353515625
mixed_context,ndfa_random,2.0,1.0,0.0,14.0,2048.0,0.05,0.1,0.608154296875
mixed_context,ndfa_random,3.0,2.0,0.0,14.0,2048.0,0.05,0.1,0.6328125
mixed_context,ndfa_random,1.0,1.0,0.0,14.0,4096.0,0.15,0.1,0.6435546875
mixed_context,ndfa_random,2.0,0.0,0.0,14.0,2048.0,0.05,0.1,0.596923828125
task_aligned,ndfa_random,2.0,0.0,0.0,14.0,4096.0,0.05,0.0,0.967041015625
task_aligned,ndfa_random,1.0,2.0,0.0,14.0,4096.0,0.05,0.0,0.96240234375
nuisance_dominant,ndfa_random,2.0,1.0,0.0,14.0,512.0,0.15,0.4,0.196533203125
nuisance_dominant,ndfa_random,0.0,2.0,0.0,14.0,512.0,0.15,0.0,0.290283203125
nuisance_dominant,ndfa_random,0.0,1.0,0.0,14.0,512.0,0.15,0.0,0.30078125
nuisance_dominant,ndfa_random,1.0,1.0,0.0,14.0,512.0,0.15,0.0,0.249267578125
nuisance_dominant,ndfa_random,2.0,0.0,0.0,14.0,512.0,0.15,0.4,0.18896484375
nuisance_dominant,ndfa_random,4.0,2.0,0.0,14.0,512.0,0.05,0.0,0.3203125
nuisance_dominant,ndfa_random,4.0,1.0,0.0,14.0,512.0,0.05,0.0,0.338623046875
nuisance_dominant,ndfa_random,0.0,0.0,0.0,14.0,512.0,0.15,0.0,0.299072265625
low_sample_noisy,ndfa_random,0.0,1.0,0.0,14.0,1024.0,0.15,0.2,0.6748046875
low_sample_noisy,ndfa_random,0.0,0.0,0.0,14.0,1024.0,0.15,0.2,0.676025390625
low_sample_noisy,ndfa_random,0.0,2.0,0.0,14.0,1024.0,0.15,0.2,0.654296875
task_aligned,ndfa_random,0.0,0.0,0.0,14.0,512.0,0.05,0.4,0.8017578125
low_sample_noisy,ndfa_random,4.0,1.0,0.0,14.0,1024.0,0.05,0.2,0.6884765625
low_sample_noisy,ndfa_random,4.0,2.0,0.0,14.0,1024.0,0.05,0.2,0.684814453125
task_aligned,ndfa_random,0.0,1.0,0.0,14.0,512.0,0.05,0.4,0.791748046875
mixed_context,ndfa_random,1.0,0.0,0.0,14.0,4096.0,0.15,0.1,0.649658203125
mixed_context,ndfa_random,0.0,2.0,0.0,14.0,4096.0,0.15,0.1,0.68505859375
mixed_context,ndfa_random,0.0,1.0,0.0,14.0,4096.0,0.15,0.1,0.716796875
mixed_context,ndfa_random,1.0,2.0,0.0,14.0,4096.0,0.15,0.1,0.65380859375
task_aligned,ndfa_random,1.0,0.0,0.0,14.0,2048.0,0.15,0.2,0.86669921875
mixed_context,ndfa_random,0.0,0.0,0.0,14.0,4096.0,0.15,0.1,0.67919921875
task_aligned,ndfa_random,1.0,1.0,0.0,14.0,2048.0,0.15,0.2,0.852783203125
mixed_context,ndfa_random,4.0,2.0,0.0,14.0,2048.0,0.05,0.1,0.5986328125
mixed_context,ndfa_random,0.0,2.0,0.0,14.0,2048.0,0.15,0.1,0.548095703125
mixed_context,ndfa_random,0.0,1.0,0.0,14.0,2048.0,0.15,0.1,0.56787109375
mixed_context,ndfa_random,0.0,0.0,0.0,14.0,2048.0,0.15,0.1,0.53271484375
task_aligned,ndfa_random,1.0,1.0,0.0,14.0,4096.0,0.05,0.0,0.9609375
task_aligned,ndfa_random,1.0,0.0,0.0,14.0,4096.0,0.05,0.0,0.96142578125
mixed_context,ndfa_random,4.0,1.0,0.0,14.0,2048.0,0.05,0.1,0.599853515625
mixed_context,ndfa_random,4.0,0.0,0.0,14.0,2048.0,0.05,0.1,0.6171875
nuisance_dominant,ndfa_random,2.0,2.0,0.0,14.0,512.0,0.15,0.0,0.3046875
nuisance_dominant,ndfa_random,2.0,1.0,0.0,14.0,512.0,0.15,0.0,0.324951171875
nuisance_dominant,ndfa_random,2.0,0.0,0.0,14.0,512.0,0.15,0.0,0.323974609375
nuisance_dominant,ndfa_random,3.0,1.0,0.0,14.0,512.0,0.15,0.0,0.347412109375
low_sample_noisy,ndfa_random,3.0,1.0,0.0,14.0,1024.0,0.05,0.2,0.6923828125
nuisance_dominant,ndfa_random,1.0,2.0,0.0,14.0,512.0,0.15,0.0,0.244873046875
nuisance_dominant,ndfa_random,1.0,2.0,0.0,14.0,512.0,0.15,0.4,0.177490234375
nuisance_dominant,ndfa_random,1.0,1.0,0.0,14.0,512.0,0.15,0.4,0.18212890625
low_sample_noisy,ndfa_random,3.0,0.0,0.0,14.0,1024.0,0.05,0.2,0.704833984375
low_sample_noisy,ndfa_random,4.0,0.0,0.0,14.0,1024.0,0.05,0.2,0.684326171875
low_sample_noisy,ndfa_random,3.0,2.0,0.0,14.0,1024.0,0.05,0.2,0.70361328125
nuisance_dominant,ndfa_random,1.0,0.0,0.0,14.0,512.0,0.15,0.0,0.236328125
task_aligned,ndfa_random,0.0,2.0,0.0,14.0,512.0,0.05,0.4,0.76171875
low_sample_noisy,ndfa_random,2.0,1.0,0.0,14.0,1024.0,0.05,0.2,0.682373046875
low_sample_noisy,ndfa_random,2.0,2.0,0.0,14.0,1024.0,0.05,0.2,0.676025390625
task_aligned,ndfa_random,1.0,0.0,0.0,14.0,512.0,0.05,0.4,0.766357421875
mixed_context,ndfa_random,3.0,0.0,0.0,14.0,4096.0,0.05,0.1,0.763916015625
mixed_context,ndfa_random,4.0,0.0,0.0,14.0,4096.0,0.05,0.1,0.765625
mixed_context,ndfa_random,3.0,2.0,0.0,14.0,4096.0,0.05,0.1,0.751708984375
mixed_context,ndfa_random,4.0,2.0,0.0,14.0,4096.0,0.05,0.1,0.760986328125
mixed_context,ndfa_random,4.0,1.0,0.0,14.0,4096.0,0.05,0.1,0.742919921875
task_aligned,ndfa_random,2.0,0.0,0.0,14.0,2048.0,0.15,0.2,0.838623046875
task_aligned,ndfa_random,1.0,2.0,0.0,14.0,2048.0,0.15,0.2,0.86279296875
mixed_context,ndfa_random,2.0,2.0,0.0,14.0,4096.0,0.05,0.1,0.716064453125
mixed_context,ndfa_random,3.0,1.0,0.0,14.0,4096.0,0.05,0.1,0.754150390625
mixed_context,ndfa_random,1.0,0.0,0.0,14.0,2048.0,0.15,0.1,0.494140625
mixed_context,ndfa_random,2.0,0.0,0.0,14.0,2048.0,0.15,0.1,0.561279296875
mixed_context,ndfa_random,1.0,2.0,0.0,14.0,2048.0,0.15,0.1,0.509521484375
mixed_context,ndfa_random,2.0,1.0,0.0,14.0,2048.0,0.15,0.1,0.566162109375
mixed_context,ndfa_random,2.0,1.0,0.0,14.0,4096.0,0.05,0.1,0.71923828125
task_aligned,ndfa_random,0.0,2.0,0.0,14.0,4096.0,0.05,0.0,0.966064453125
task_aligned,ndfa_random,0.0,1.0,0.0,14.0,4096.0,0.05,0.0,0.966796875
mixed_context,ndfa_random,1.0,1.0,0.0,14.0,2048.0,0.15,0.1,0.498291015625
nuisance_dominant,ndfa_random,3.0,2.0,0.0,14.0,512.0,0.15,0.0,0.33056640625
nuisance_dominant,ndfa_random,4.0,1.0,0.0,14.0,512.0,0.15,0.0,0.31591796875
nuisance_dominant,ndfa_random,0.0,1.0,0.0,14.0,512.0,0.05,0.1,0.276123046875
nuisance_dominant,ndfa_random,0.0,0.0,0.0,14.0,512.0,0.05,0.1,0.274169921875
low_sample_noisy,ndfa_random,1.0,2.0,0.0,14.0,1024.0,0.05,0.2,0.611328125
nuisance_dominant,ndfa_random,1.0,0.0,0.0,14.0,512.0,0.15,0.4,0.172119140625
nuisance_dominant,ndfa_random,0.0,2.0,0.0,14.0,512.0,0.15,0.4,0.20849609375
nuisance_dominant,ndfa_random,4.0,0.0,0.0,14.0,512.0,0.15,0.0,0.328857421875
task_aligned,ndfa_random,1.0,2.0,0.0,14.0,512.0,0.05,0.4,0.7744140625
low_sample_noisy,ndfa_random,1.0,1.0,0.0,14.0,1024.0,0.05,0.2,0.6005859375
low_sample_noisy,ndfa_random,1.0,0.0,0.0,14.0,1024.0,0.05,0.2,0.583251953125
low_sample_noisy,ndfa_random,0.0,2.0,0.0,14.0,1024.0,0.05,0.2,0.690185546875
low_sample_noisy,ndfa_random,2.0,0.0,0.0,14.0,1024.0,0.05,0.2,0.67626953125
nuisance_dominant,ndfa_random,3.0,0.0,0.0,14.0,512.0,0.15,0.0,0.34912109375
task_aligned,ndfa_random,1.0,1.0,0.0,14.0,512.0,0.05,0.4,0.7705078125
low_sample_noisy,ndfa_random,0.0,1.0,0.0,14.0,1024.0,0.05,0.2,0.723876953125
mixed_context,ndfa_random,1.0,1.0,0.0,14.0,4096.0,0.05,0.1,0.700439453125
mixed_context,ndfa_random,1.0,0.0,0.0,14.0,4096.0,0.05,0.1,0.728515625
mixed_context,ndfa_random,2.0,0.0,0.0,14.0,4096.0,0.05,0.1,0.71826171875
mixed_context,ndfa_random,1.0,2.0,0.0,14.0,4096.0,0.05,0.1,0.726806640625
mixed_context,ndfa_random,4.0,1.0,0.0,14.0,2048.0,0.15,0.1,0.547607421875
task_aligned,ndfa_random,2.0,2.0,0.0,14.0,2048.0,0.15,0.2,0.85791015625
task_aligned,ndfa_random,2.0,1.0,0.0,14.0,2048.0,0.15,0.2,0.846923828125
mixed_context,ndfa_random,3.0,0.0,0.0,14.0,2048.0,0.15,0.1,0.5869140625
task_aligned,ndfa_random,0.0,0.0,0.0,14.0,4096.0,0.05,0.0,0.966796875
mixed_context,ndfa_random,4.0,0.0,0.0,14.0,2048.0,0.15,0.1,0.561279296875
mixed_context,ndfa_random,3.0,2.0,0.0,14.0,2048.0,0.15,0.1,0.590087890625
mixed_context,ndfa_random,4.0,2.0,0.0,14.0,2048.0,0.15,0.1,0.552734375
mixed_context,ndfa_random,0.0,0.0,0.0,14.0,4096.0,0.05,0.1,0.735107421875
task_aligned,ndfa_random,4.0,2.0,0.0,14.0,2048.0,0.15,0.4,0.70068359375
task_aligned,ndfa_random,4.0,1.0,0.0,14.0,2048.0,0.15,0.4,0.719482421875
mixed_context,ndfa_random,2.0,2.0,0.0,14.0,2048.0,0.15,0.1,0.5791015625
mixed_context,ndfa_random,3.0,1.0,0.0,14.0,2048.0,0.15,0.1,0.596435546875
nuisance_dominant,ndfa_random,0.0,2.0,0.0,14.0,512.0,0.05,0.1,0.27685546875
nuisance_dominant,ndfa_random,1.0,2.0,0.0,14.0,512.0,0.05,0.1,0.2314453125
nuisance_dominant,ndfa_random,1.0,1.0,0.0,14.0,512.0,0.05,0.1,0.244384765625
nuisance_dominant,ndfa_random,2.0,0.0,0.0,14.0,512.0,0.05,0.1,0.297119140625
low_sample_noisy,ndfa_random,4.0,2.0,0.0,14.0,1024.0,0.15,0.1,0.720703125
nuisance_dominant,ndfa_random,0.0,1.0,0.0,14.0,512.0,0.15,0.4,0.21142578125
nuisance_dominant,ndfa_random,0.0,0.0,0.0,14.0,512.0,0.15,0.4,0.22021484375
nuisance_dominant,ndfa_random,1.0,0.0,0.0,14.0,512.0,0.05,0.1,0.2236328125
low_sample_noisy,ndfa_random,3.0,2.0,0.0,14.0,1024.0,0.15,0.1,0.737548828125
low_sample_noisy,ndfa_random,3.0,1.0,0.0,14.0,1024.0,0.15,0.1,0.72900390625
low_sample_noisy,ndfa_random,4.0,1.0,0.0,14.0,1024.0,0.15,0.1,0.72509765625
low_sample_noisy,ndfa_random,4.0,0.0,0.0,14.0,1024.0,0.15,0.1,0.71337890625
low_sample_noisy,ndfa_random,0.0,0.0,0.0,14.0,1024.0,0.05,0.2,0.7099609375
nuisance_dominant,ndfa_random,4.0,2.0,0.0,14.0,512.0,0.15,0.0,0.300048828125
task_aligned,ndfa_random,2.0,1.0,0.0,14.0,512.0,0.05,0.4,0.7041015625
task_aligned,ndfa_random,2.0,0.0,0.0,14.0,512.0,0.05,0.4,0.74755859375
low_sample_noisy,ndfa_random,3.0,0.0,0.0,14.0,1024.0,0.15,0.1,0.74169921875
task_aligned,ndfa_random,3.0,1.0,0.0,14.0,2048.0,0.15,0.2,0.865234375
mixed_context,ndfa_random,4.0,2.0,0.0,14.0,4096.0,0.15,0.0,0.766845703125
mixed_context,ndfa_random,0.0,2.0,0.0,14.0,4096.0,0.05,0.1,0.73095703125
mixed_context,ndfa_random,0.0,1.0,0.0,14.0,4096.0,0.05,0.1,0.758056640625
mixed_context,ndfa_random,0.0,2.0,0.0,14.0,2048.0,0.05,0.2,0.517822265625
task_aligned,ndfa_random,3.0,0.0,0.0,14.0,2048.0,0.15,0.2,0.865966796875
mixed_context,ndfa_random,4.0,1.0,0.0,14.0,4096.0,0.15,0.0,0.76513671875
mixed_context,ndfa_random,0.0,1.0,0.0,14.0,2048.0,0.05,0.2,0.53564453125
mixed_context,ndfa_random,1.0,1.0,0.0,14.0,2048.0,0.05,0.2,0.480224609375
mixed_context,ndfa_random,1.0,0.0,0.0,14.0,2048.0,0.05,0.2,0.494873046875
task_aligned,ndfa_random,3.0,2.0,0.0,14.0,2048.0,0.15,0.4,0.722900390625
mixed_context,ndfa_random,0.0,0.0,0.0,14.0,2048.0,0.05,0.2,0.5029296875
task_aligned,ndfa_random,4.0,0.0,0.0,14.0,2048.0,0.15,0.4,0.715576171875
nuisance_dominant,ndfa_random,4.0,2.0,0.0,14.0,512.0,0.05,0.4,0.19921875
nuisance_dominant,ndfa_random,3.0,2.0,0.0,14.0,512.0,0.05,0.1,0.310546875
nuisance_dominant,ndfa_random,3.0,1.0,0.0,14.0,512.0,0.05,0.1,0.31494140625
nuisance_dominant,ndfa_random,4.0,1.0,0.0,14.0,512.0,0.05,0.1,0.2939453125
nuisance_dominant,ndfa_random,4.0,0.0,0.0,14.0,512.0,0.05,0.1,0.312744140625
nuisance_dominant,ndfa_random,4.0,1.0,0.0,14.0,512.0,0.05,0.4,0.20751953125
nuisance_dominant,ndfa_random,4.0,0.0,0.0,14.0,512.0,0.05,0.4,0.205078125
nuisance_dominant,ndfa_random,2.0,1.0,0.0,14.0,512.0,0.05,0.1,0.310546875
nuisance_dominant,ndfa_random,3.0,0.0,0.0,14.0,512.0,0.05,0.1,0.325439453125
nuisance_dominant,ndfa_random,2.0,2.0,0.0,14.0,512.0,0.05,0.1,0.281005859375
low_sample_noisy,ndfa_random,2.0,1.0,0.0,14.0,1024.0,0.15,0.1,0.72314453125
low_sample_noisy,ndfa_random,2.0,0.0,0.0,14.0,1024.0,0.15,0.1,0.714599609375
low_sample_noisy,ndfa_random,2.0,2.0,0.0,14.0,1024.0,0.15,0.1,0.718994140625
task_aligned,ndfa_random,3.0,0.0,0.0,14.0,512.0,0.05,0.4,0.7294921875
task_aligned,ndfa_random,2.0,2.0,0.0,14.0,512.0,0.05,0.4,0.75244140625
low_sample_noisy,ndfa_random,1.0,2.0,0.0,14.0,1024.0,0.15,0.1,0.66552734375
low_sample_noisy,ndfa_random,1.0,1.0,0.0,14.0,1024.0,0.15,0.1,0.66357421875
mixed_context,ndfa_random,3.0,1.0,0.0,14.0,4096.0,0.15,0.0,0.78515625
mixed_context,ndfa_random,3.0,0.0,0.0,14.0,4096.0,0.15,0.0,0.784423828125
mixed_context,ndfa_random,4.0,0.0,0.0,14.0,4096.0,0.15,0.0,0.782470703125
mixed_context,ndfa_random,3.0,2.0,0.0,14.0,4096.0,0.15,0.0,0.779296875
task_aligned,ndfa_random,4.0,0.0,0.0,14.0,2048.0,0.15,0.2,0.8623046875
task_aligned,ndfa_random,3.0,2.0,0.0,14.0,2048.0,0.15,0.2,0.855712890625
mixed_context,ndfa_random,2.0,0.0,0.0,14.0,4096.0,0.15,0.0,0.752197265625
mixed_context,ndfa_random,2.0,2.0,0.0,14.0,4096.0,0.15,0.0,0.7470703125
mixed_context,ndfa_random,2.0,1.0,0.0,14.0,4096.0,0.15,0.0,0.76220703125
mixed_context,ndfa_random,2.0,2.0,0.0,14.0,2048.0,0.05,0.2,0.535400390625
mixed_context,ndfa_random,2.0,1.0,0.0,14.0,2048.0,0.05,0.2,0.52783203125
mixed_context,ndfa_random,3.0,0.0,0.0,14.0,2048.0,0.05,0.2,0.5546875
task_aligned,ndfa_random,4.0,1.0,0.0,14.0,2048.0,0.15,0.2,0.864013671875
task_aligned,ndfa_random,3.0,1.0,0.0,14.0,2048.0,0.15,0.4,0.7255859375
task_aligned,ndfa_random,3.0,0.0,0.0,14.0,2048.0,0.15,0.4,0.710205078125
mixed_context,ndfa_random,2.0,0.0,0.0,14.0,2048.0,0.05,0.2,0.51611328125
mixed_context,ndfa_random,1.0,2.0,0.0,14.0,2048.0,0.05,0.2,0.49072265625
nuisance_dominant,ndfa_random,0.0,0.0,0.0,14.0,512.0,0.15,0.1,0.264404296875
nuisance_dominant,ndfa_random,1.0,0.0,0.0,14.0,512.0,0.15,0.1,0.216796875
nuisance_dominant,ndfa_random,0.0,2.0,0.0,14.0,512.0,0.15,0.1,0.26708984375
low_sample_noisy,ndfa_random,0.0,1.0,0.0,14.0,1024.0,0.15,0.1,0.732177734375
nuisance_dominant,ndfa_random,3.0,1.0,0.0,14.0,512.0,0.05,0.4,0.208740234375
nuisance_dominant,ndfa_random,4.0,2.0,0.0,14.0,512.0,0.05,0.1,0.291259765625
nuisance_dominant,ndfa_random,3.0,2.0,0.0,14.0,512.0,0.05,0.4,0.2080078125
task_aligned,ndfa_random,3.0,2.0,0.0,14.0,512.0,0.05,0.4,0.75341796875
low_sample_noisy,ndfa_random,0.0,0.0,0.0,14.0,1024.0,0.15,0.1,0.725341796875
low_sample_noisy,ndfa_random,1.0,0.0,0.0,14.0,1024.0,0.15,0.1,0.666748046875
low_sample_noisy,ndfa_random,0.0,2.0,0.0,14.0,1024.0,0.15,0.1,0.70556640625
task_aligned,ndfa_random,3.0,1.0,0.0,14.0,512.0,0.05,0.4,0.73583984375
low_sample_noisy,ndfa_random,4.0,2.0,0.0,14.0,1024.0,0.05,0.1,0.7587890625
mixed_context,ndfa_random,0.0,1.0,0.0,14.0,4096.0,0.15,0.0,0.779541015625
mixed_context,ndfa_random,1.0,1.0,0.0,14.0,4096.0,0.15,0.0,0.714599609375
mixed_context,ndfa_random,1.0,0.0,0.0,14.0,4096.0,0.15,0.0,0.7275390625
mixed_context,ndfa_random,1.0,2.0,0.0,14.0,4096.0,0.15,0.0,0.734130859375
mixed_context,ndfa_random,0.0,0.0,0.0,14.0,2048.0,0.15,0.2,0.47802734375
task_aligned,ndfa_random,0.0,0.0,0.0,14.0,2048.0,0.05,0.4,0.759765625
task_aligned,ndfa_random,4.0,2.0,0.0,14.0,2048.0,0.15,0.2,0.85693359375
mixed_context,ndfa_random,0.0,2.0,0.0,14.0,4096.0,0.15,0.0,0.76708984375
mixed_context,ndfa_random,4.0,0.0,0.0,14.0,2048.0,0.05,0.2,0.5517578125
task_aligned,ndfa_random,2.0,2.0,0.0,14.0,2048.0,0.15,0.4,0.689453125
mixed_context,ndfa_random,4.0,2.0,0.0,14.0,2048.0,0.05,0.2,0.534423828125
mixed_context,ndfa_random,4.0,1.0,0.0,14.0,2048.0,0.05,0.2,0.517333984375
mixed_context,ndfa_random,0.0,1.0,0.0,14.0,2048.0,0.15,0.2,0.498779296875
mixed_context,ndfa_random,4.0,1.0,0.0,14.0,4096.0,0.05,0.0,0.83740234375
task_aligned,ndfa_random,2.0,1.0,0.0,14.0,2048.0,0.15,0.4,0.66650390625
mixed_context,ndfa_random,3.0,2.0,0.0,14.0,2048.0,0.05,0.2,0.551025390625
mixed_context,ndfa_random,3.0,1.0,0.0,14.0,2048.0,0.05,0.2,0.56005859375
nuisance_dominant,ndfa_random,1.0,2.0,0.0,14.0,512.0,0.15,0.1,0.2236328125
nuisance_dominant,ndfa_random,1.0,1.0,0.0,14.0,512.0,0.15,0.1,0.235107421875
nuisance_dominant,ndfa_random,2.0,1.0,0.0,14.0,512.0,0.15,0.1,0.2919921875
nuisance_dominant,ndfa_random,2.0,0.0,0.0,14.0,512.0,0.15,0.1,0.279296875
low_sample_noisy,ndfa_random,4.0,0.0,0.0,14.0,1024.0,0.05,0.1,0.75537109375
nuisance_dominant,ndfa_random,3.0,0.0,0.0,14.0,512.0,0.05,0.4,0.214599609375
nuisance_dominant,ndfa_random,2.0,2.0,0.0,14.0,512.0,0.05,0.4,0.173095703125
low_sample_noisy,ndfa_random,2.0,2.0,0.0,14.0,1024.0,0.05,0.1,0.7529296875
low_sample_noisy,ndfa_random,3.0,2.0,0.0,14.0,1024.0,0.05,0.1,0.76513671875
low_sample_noisy,ndfa_random,3.0,1.0,0.0,14.0,1024.0,0.05,0.1,0.7587890625
low_sample_noisy,ndfa_random,4.0,1.0,0.0,14.0,1024.0,0.05,0.1,0.762939453125
nuisance_dominant,ndfa_random,0.0,1.0,0.0,14.0,512.0,0.15,0.1,0.2607421875
task_aligned,ndfa_random,4.0,2.0,0.0,14.0,512.0,0.05,0.4,0.764892578125
task_aligned,ndfa_random,4.0,1.0,0.0,14.0,512.0,0.05,0.4,0.76220703125
task_aligned,ndfa_random,4.0,0.0,0.0,14.0,512.0,0.05,0.4,0.7451171875
low_sample_noisy,ndfa_random,2.0,1.0,0.0,14.0,1024.0,0.05,0.1,0.76171875
low_sample_noisy,ndfa_random,3.0,0.0,0.0,14.0,1024.0,0.05,0.1,0.7724609375
task_aligned,ndfa_random,0.0,2.0,0.0,14.0,2048.0,0.05,0.4,0.79052734375
mixed_context,ndfa_random,4.0,0.0,0.0,14.0,4096.0,0.05,0.0,0.84423828125
mixed_context,ndfa_random,0.0,0.0,0.0,14.0,4096.0,0.15,0.0,0.760009765625
mixed_context,ndfa_random,4.0,2.0,0.0,14.0,4096.0,0.05,0.0,0.830078125
mixed_context,ndfa_random,2.0,0.0,0.0,14.0,2048.0,0.15,0.2,0.485107421875
task_aligned,ndfa_random,0.0,1.0,0.0,14.0,2048.0,0.05,0.4,0.7998046875
mixed_context,ndfa_random,3.0,1.0,0.0,14.0,4096.0,0.05,0.0,0.8447265625
mixed_context,ndfa_random,3.0,2.0,0.0,14.0,4096.0,0.05,0.0,0.830810546875
task_aligned,ndfa_random,1.0,2.0,0.0,14.0,2048.0,0.15,0.4,0.70947265625
mixed_context,ndfa_random,1.0,2.0,0.0,14.0,2048.0,0.15,0.2,0.4462890625
mixed_context,ndfa_random,1.0,1.0,0.0,14.0,2048.0,0.15,0.2,0.440673828125
mixed_context,ndfa_random,1.0,0.0,0.0,14.0,2048.0,0.15,0.2,0.44677734375
mixed_context,ndfa_random,2.0,1.0,0.0,14.0,2048.0,0.15,0.2,0.495361328125
mixed_context,ndfa_random,2.0,2.0,0.0,14.0,4096.0,0.05,0.0,0.7978515625
mixed_context,ndfa_random,0.0,2.0,0.0,14.0,2048.0,0.15,0.2,0.47412109375
task_aligned,ndfa_random,2.0,0.0,0.0,14.0,2048.0,0.15,0.4,0.6748046875
nuisance_dominant,ndfa_random,2.0,1.0,0.0,14.0,512.0,0.05,0.4,0.200927734375
nuisance_dominant,ndfa_random,4.0,1.0,0.0,14.0,512.0,0.15,0.1,0.27880859375
nuisance_dominant,ndfa_random,4.0,0.0,0.0,14.0,512.0,0.15,0.1,0.29248046875
nuisance_dominant,ndfa_random,0.0,0.0,0.0,14.0,512.0,0.05,0.2,0.254150390625
nuisance_dominant,ndfa_random,4.0,2.0,0.0,14.0,512.0,0.15,0.1,0.279541015625
nuisance_dominant,ndfa_random,2.0,0.0,0.0,14.0,512.0,0.05,0.4,0.1904296875
nuisance_dominant,ndfa_random,3.0,1.0,0.0,14.0,512.0,0.15,0.1,0.296630859375
nuisance_dominant,ndfa_random,3.0,0.0,0.0,14.0,512.0,0.15,0.1,0.305419921875
nuisance_dominant,ndfa_random,3.0,2.0,0.0,14.0,512.0,0.15,0.1,0.29296875
low_sample_noisy,ndfa_random,0.0,2.0,0.0,14.0,1024.0,0.05,0.1,0.744384765625
low_sample_noisy,ndfa_random,1.0,2.0,0.0,14.0,1024.0,0.05,0.1,0.71142578125
low_sample_noisy,ndfa_random,1.0,1.0,0.0,14.0,1024.0,0.05,0.1,0.713623046875
low_sample_noisy,ndfa_random,2.0,0.0,0.0,14.0,1024.0,0.05,0.1,0.761474609375
nuisance_dominant,ndfa_random,2.0,2.0,0.0,14.0,512.0,0.15,0.1,0.26123046875
task_aligned,ndfa_random,0.0,1.0,0.0,14.0,512.0,0.15,0.4,0.74853515625
task_aligned,ndfa_random,0.0,0.0,0.0,14.0,512.0,0.15,0.4,0.7490234375
low_sample_noisy,ndfa_random,1.0,0.0,0.0,14.0,1024.0,0.05,0.1,0.713134765625
mixed_context,ndfa_random,2.0,1.0,0.0,14.0,4096.0,0.05,0.0,0.811767578125
mixed_context,ndfa_random,2.0,0.0,0.0,14.0,4096.0,0.05,0.0,0.805908203125
mixed_context,ndfa_random,1.0,2.0,0.0,14.0,4096.0,0.05,0.0,0.815185546875
mixed_context,ndfa_random,3.0,0.0,0.0,14.0,4096.0,0.05,0.0,0.844970703125
mixed_context,ndfa_random,3.0,2.0,0.0,14.0,2048.0,0.15,0.2,0.51953125
mixed_context,ndfa_random,1.0,1.0,0.0,14.0,4096.0,0.05,0.0,0.80029296875
task_aligned,ndfa_random,1.0,1.0,0.0,14.0,2048.0,0.05,0.4,0.798828125
task_aligned,ndfa_random,1.0,0.0,0.0,14.0,2048.0,0.05,0.4,0.778564453125
mixed_context,ndfa_random,3.0,1.0,0.0,14.0,2048.0,0.15,0.2,0.524658203125
mixed_context,ndfa_random,4.0,1.0,0.0,14.0,2048.0,0.15,0.2,0.48876953125
mixed_context,ndfa_random,4.0,0.0,0.0,14.0,2048.0,0.15,0.2,0.50537109375
mixed_context,ndfa_random,0.0,2.0,0.0,14.0,4096.0,0.05,0.0,0.821044921875
mixed_context,ndfa_random,2.0,2.0,0.0,14.0,2048.0,0.15,0.2,0.500732421875
mixed_context,ndfa_random,3.0,0.0,0.0,14.0,2048.0,0.15,0.2,0.513427734375
task_aligned,ndfa_random,1.0,1.0,0.0,14.0,2048.0,0.15,0.4,0.723876953125
task_aligned,ndfa_random,1.0,0.0,0.0,14.0,2048.0,0.15,0.4,0.72705078125
nuisance_dominant,ndfa_random,1.0,1.0,0.0,14.0,512.0,0.05,0.2,0.212646484375
nuisance_dominant,ndfa_random,1.0,0.0,0.0,14.0,512.0,0.05,0.2,0.201171875
nuisance_dominant,ndfa_random,0.0,2.0,0.0,14.0,512.0,0.05,0.2,0.25634765625
nuisance_dominant,ndfa_random,2.0,0.0,0.0,14.0,512.0,0.05,0.2,0.281982421875
nuisance_dominant,ndfa_random,0.0,1.0,0.0,14.0,512.0,0.05,0.2,0.25146484375
nuisance_dominant,ndfa_random,1.0,2.0,0.0,14.0,512.0,0.05,0.4,0.180908203125
nuisance_dominant,ndfa_random,1.0,1.0,0.0,14.0,512.0,0.05,0.4,0.18017578125
low_sample_noisy,ndfa_random,4.0,1.0,0.0,14.0,1024.0,0.15,0.0,0.781005859375
low_sample_noisy,ndfa_random,0.0,1.0,0.0,14.0,1024.0,0.05,0.1,0.7646484375
low_sample_noisy,ndfa_random,0.0,0.0,0.0,14.0,1024.0,0.05,0.1,0.761962890625
low_sample_noisy,ndfa_random,4.0,2.0,0.0,14.0,1024.0,0.15,0.0,0.780029296875
task_aligned,ndfa_random,0.0,2.0,0.0,14.0,512.0,0.15,0.4,0.7314453125
low_sample_noisy,ndfa_random,3.0,2.0,0.0,14.0,1024.0,0.15,0.0,0.80126953125
low_sample_noisy,ndfa_random,4.0,0.0,0.0,14.0,1024.0,0.15,0.0,0.77392578125
task_aligned,ndfa_random,1.0,0.0,0.0,14.0,512.0,0.15,0.4,0.7255859375
task_aligned,ndfa_random,2.0,0.0,0.0,14.0,2048.0,0.05,0.4,0.74560546875
mixed_context,ndfa_random,0.0,1.0,0.0,14.0,4096.0,0.05,0.0,0.82958984375
mixed_context,ndfa_random,0.0,0.0,0.0,14.0,4096.0,0.05,0.0,0.820556640625
mixed_context,ndfa_random,1.0,0.0,0.0,14.0,4096.0,0.05,0.0,0.805419921875
task_aligned,ndfa_random,1.0,2.0,0.0,14.0,2048.0,0.05,0.4,0.791748046875
mixed_context,ndfa_random,4.0,0.0,0.0,14.0,2048.0,0.15,0.4,0.384765625
mixed_context,ndfa_random,4.0,2.0,0.0,14.0,2048.0,0.15,0.4,0.387451171875
mixed_context,ndfa_random,4.0,1.0,0.0,14.0,2048.0,0.15,0.4,0.371337890625
mixed_context,ndfa_random,0.0,2.0,0.0,14.0,2048.0,0.05,0.4,0.402587890625
mixed_context,ndfa_random,0.0,1.0,0.0,14.0,2048.0,0.05,0.4,0.402587890625
mixed_context,ndfa_random,1.0,0.0,0.0,14.0,2048.0,0.05,0.4,0.384765625
task_aligned,ndfa_random,0.0,2.0,0.0,14.0,2048.0,0.15,0.4,0.707275390625
task_aligned,ndfa_random,0.0,1.0,0.0,14.0,2048.0,0.15,0.4,0.71044921875
mixed_context,ndfa_random,0.0,0.0,0.0,14.0,2048.0,0.05,0.4,0.386474609375
mixed_context,ndfa_random,4.0,2.0,0.0,14.0,2048.0,0.15,0.2,0.501708984375
nuisance_dominant,ndfa_random,3.0,0.0,0.0,14.0,512.0,0.05,0.2,0.294677734375
nuisance_dominant,ndfa_random,4.0,0.0,0.0,14.0,512.0,0.05,0.2,0.28076171875
nuisance_dominant,ndfa_random,3.0,2.0,0.0,14.0,512.0,0.05,0.2,0.272705078125
low_sample_noisy,ndfa_random,3.0,0.0,0.0,14.0,1024.0,0.15,0.0,0.81298828125
nuisance_dominant,ndfa_random,2.0,1.0,0.0,14.0,512.0,0.05,0.2,0.28125
nuisance_dominant,ndfa_random,2.0,2.0,0.0,14.0,512.0,0.05,0.2,0.2548828125
nuisance_dominant,ndfa_random,1.0,0.0,0.0,14.0,512.0,0.05,0.4,0.1748046875
nuisance_dominant,ndfa_random,0.0,2.0,0.0,14.0,512.0,0.05,0.4,0.21240234375
low_sample_noisy,ndfa_random,2.0,2.0,0.0,14.0,1024.0,0.15,0.0,0.778076171875
low_sample_noisy,ndfa_random,2.0,1.0,0.0,14.0,1024.0,0.15,0.0,0.788330078125
low_sample_noisy,ndfa_random,2.0,0.0,0.0,14.0,1024.0,0.15,0.0,0.7841796875
low_sample_noisy,ndfa_random,3.0,1.0,0.0,14.0,1024.0,0.15,0.0,0.810546875
nuisance_dominant,ndfa_random,1.0,2.0,0.0,14.0,512.0,0.05,0.2,0.2060546875
low_sample_noisy,ndfa_random,1.0,2.0,0.0,14.0,1024.0,0.15,0.0,0.7412109375
task_aligned,ndfa_random,1.0,2.0,0.0,14.0,512.0,0.15,0.4,0.73974609375
task_aligned,ndfa_random,1.0,1.0,0.0,14.0,512.0,0.15,0.4,0.71728515625
mixed_context,ndfa_random,2.0,1.0,0.0,14.0,2048.0,0.15,0.4,0.3779296875
mixed_context,ndfa_random,3.0,1.0,0.0,14.0,2048.0,0.15,0.4,0.3896484375
mixed_context,ndfa_random,3.0,0.0,0.0,14.0,2048.0,0.15,0.4,0.393310546875
mixed_context,ndfa_random,3.0,2.0,0.0,14.0,2048.0,0.15,0.4,0.390869140625
mixed_context,ndfa_random,3.0,0.0,0.0,14.0,2048.0,0.05,0.4,0.408935546875
task_aligned,ndfa_random,2.0,2.0,0.0,14.0,2048.0,0.05,0.4,0.7607421875
task_aligned,ndfa_random,2.0,1.0,0.0,14.0,2048.0,0.05,0.4,0.74951171875
mixed_context,ndfa_random,2.0,2.0,0.0,14.0,2048.0,0.15,0.4,0.3623046875
mixed_context,ndfa_random,2.0,0.0,0.0,14.0,2048.0,0.05,0.4,0.38525390625
mixed_context,ndfa_random,1.0,2.0,0.0,14.0,2048.0,0.05,0.4,0.3935546875
mixed_context,ndfa_random,2.0,2.0,0.0,14.0,2048.0,0.05,0.4,0.3876953125
mixed_context,ndfa_random,2.0,1.0,0.0,14.0,2048.0,0.05,0.4,0.406005859375
mixed_context,ndfa_random,3.0,1.0,0.0,14.0,2048.0,0.05,0.4,0.41650390625
mixed_context,ndfa_random,1.0,1.0,0.0,14.0,2048.0,0.15,0.4,0.35400390625
task_aligned,ndfa_random,0.0,0.0,0.0,14.0,2048.0,0.15,0.4,0.6884765625
task_aligned,ndfa_random,4.0,2.0,0.0,14.0,2048.0,0.05,0.4,0.772705078125
mixed_context,ndfa_random,1.0,1.0,0.0,14.0,2048.0,0.05,0.4,0.38330078125
nuisance_dominant,ndfa_random,4.0,2.0,0.0,14.0,512.0,0.05,0.2,0.253662109375
nuisance_dominant,ndfa_random,4.0,1.0,0.0,14.0,512.0,0.05,0.2,0.259765625
nuisance_dominant,ndfa_random,0.0,1.0,0.0,14.0,512.0,0.15,0.2,0.246337890625
nuisance_dominant,ndfa_random,0.0,0.0,0.0,14.0,512.0,0.15,0.2,0.244873046875
low_sample_noisy,ndfa_random,1.0,1.0,0.0,14.0,1024.0,0.15,0.0,0.748779296875
low_sample_noisy,ndfa_random,1.0,0.0,0.0,14.0,1024.0,0.15,0.0,0.735107421875
nuisance_dominant,ndfa_random,0.0,1.0,0.0,14.0,512.0,0.05,0.4,0.21826171875
nuisance_dominant,ndfa_random,0.0,0.0,0.0,14.0,512.0,0.05,0.4,0.216064453125
low_sample_noisy,ndfa_random,4.0,2.0,0.0,14.0,1024.0,0.05,0.0,0.826416015625
task_aligned,ndfa_random,2.0,1.0,0.0,14.0,512.0,0.15,0.4,0.654052734375
low_sample_noisy,ndfa_random,0.0,2.0,0.0,14.0,1024.0,0.15,0.0,0.7744140625
low_sample_noisy,ndfa_random,0.0,1.0,0.0,14.0,1024.0,0.15,0.0,0.794677734375
nuisance_dominant,ndfa_random,3.0,1.0,0.0,14.0,512.0,0.05,0.2,0.27392578125
task_aligned,ndfa_random,2.0,0.0,0.0,14.0,512.0,0.15,0.4,0.69580078125
low_sample_noisy,ndfa_random,4.0,1.0,0.0,14.0,1024.0,0.05,0.0,0.818115234375
low_sample_noisy,ndfa_random,0.0,0.0,0.0,14.0,1024.0,0.15,0.0,0.794921875
task_aligned,ndfa_random,3.0,0.0,0.0,14.0,2048.0,0.05,0.4,0.769775390625
mixed_context,ndfa_random,1.0,0.0,0.0,14.0,2048.0,0.15,0.4,0.36181640625
mixed_context,ndfa_random,2.0,0.0,0.0,14.0,2048.0,0.15,0.4,0.367919921875
mixed_context,ndfa_random,1.0,2.0,0.0,14.0,2048.0,0.15,0.4,0.367919921875
mixed_context,ndfa_random,4.0,2.0,0.0,14.0,2048.0,0.05,0.4,0.404541015625
mixed_context,ndfa_random,0.0,2.0,0.0,14.0,2048.0,0.15,0.4,0.380859375
mixed_context,ndfa_random,0.0,1.0,0.0,14.0,2048.0,0.15,0.4,0.382080078125
task_aligned,ndfa_random,3.0,1.0,0.0,14.0,2048.0,0.05,0.4,0.7783203125
task_aligned,ndfa_random,4.0,1.0,0.0,14.0,2048.0,0.05,0.4,0.804931640625
task_aligned,ndfa_random,4.0,0.0,0.0,14.0,2048.0,0.05,0.4,0.797119140625
mixed_context,ndfa_random,4.0,1.0,0.0,14.0,2048.0,0.05,0.4,0.38623046875
mixed_context,ndfa_random,4.0,0.0,0.0,14.0,2048.0,0.05,0.4,0.41796875
mixed_context,ndfa_random,0.0,0.0,0.0,14.0,2048.0,0.15,0.4,0.36083984375
task_aligned,ndfa_random,3.0,2.0,0.0,14.0,2048.0,0.05,0.4,0.78857421875
mixed_context,ndfa_random,3.0,2.0,0.0,14.0,2048.0,0.05,0.4,0.41943359375
